template_id,difficulty,source_row,combination,query,question,repgrase,unnamed_12,narrative_question
medium_r0002,medium,2,prefix,"{""query"": {""bool"": {""filter"": [{""prefix"": {""TODAYS_DATE"": {""value"": ""03/""}}}]}}}",I've come across entries with values starting with '03/'. Can we see how frequently this occurs and any results?,One of my colleagues encountered a patient who come across entries with values starting with '03/'. Can we see how frequently this occurs and any results?,"Given the context involving My friend take vaccine on 03/. Can you find similar records and share their confirmation of recovery or not?, are there identifiable factors contributing to unexpected health outcomes in recent reports?",The surveillance unit processes daily entry logs. They format dates with month/day prefixes for quick reference. Could you extract records  for the month March?
medium_r0003,medium,3,prefix,"{""query"": {""bool"": {""filter"": [{""prefix"": {""ER_VISIT"": {""value"": ""Y""}}}]}}}","Having seen values starting with 'Y', I'm curious about similar records and their typical outcomes?","Having seen values starting with 'Y', I'm curious about similar records and their typical outcomes?","For data entries connected to My friend has ER record. Can you find similar records and share their confirmation of recovery or not?, could there be previously unnoticed demographic or clinical correlations?",Quality officers audit emergency care referrals each quarter. They tag entries where patients visited the emergency room. How many similar records?
medium_r0004,medium,4,prefix,"{""query"": {""bool"": {""filter"": [{""prefix"": {""OFC_VISIT"": {""value"": ""Y""}}}]}}}","After experiencing values starting with 'Y', I wonder how many others had similar cases and what their outcomes were?","After experiencing values starting with 'Y', I wonder how many others had similar cases and what their outcomes were?","Given the context involving I analyzing patients with medcial record. Please retrieve those records for deeper insights., are there identifiable factors contributing to unexpected health outcomes in recent reports?",A clinic tracks follow-up visits by marking them with a ‘Y’ flag in the records. Could you retrieve all records where the Office Visit status is marked as ‘Y’?
medium_r0005,medium,5,prefix,"{""query"": {""bool"": {""filter"": [{""prefix"": {""VAX_NAME"": {""value"": ""DTA""}}}]}}}",There's an instance of values starting with 'DTA' Can you find all similar cases and summarize their results?,There's an instance of values starting with 'DTA' Can you find all similar cases and summarize their results?,"Considering the records associated with I experienced vax name DTA. Are there others like me and what were their outcomes?, might we detect patterns indicating previously unreported clinical phenomena?",Immunization logs were sorted by vaccine codes during the audit. Analysts focused on those beginning with diphtheria-tetanus prefixes. Locate records with Vaccine Name prefix 'DTA'.
medium_r0006,medium,6,prefix,"{""query"": {""bool"": {""filter"": [{""prefix"": {""VAX_NAME"": {""value"": ""TD ""}}}]}}}","Having seen values starting with 'TD ', I'm curious about similar records and their typical outcomes?","Having seen values starting with 'TD ', I'm curious about similar records and their typical outcomes?","Upon reviewing patient records referencing I tracking occurrences of vax name TD . Please map their distribution and counts by state., can we find a specific trend or anomaly that warrants deeper investigation?",Public health officials examined tetanus-diphtheria vaccine data. They filtered entries starting 'TD ' in product names. Could you find Vaccine Name entries starting with 'TD '?
medium_r0007,medium,7,prefix,"{""query"": {""bool"": {""filter"": [{""prefix"": {""VAX_LOT"": {""value"": ""en6""}}}]}}}",I found records with values starting with 'en6'. Please retrieve all matching cases and share their results?,Our clinic is treating cases where found records with values starting with 'en6'. Please retrieve all matching cases and share their results?,"With cases related to I cared for a patient with vaccine lot number en6. How often does this occur and what follow-up was noted?, have there been identifiable differences across facilities or patient demographics?",Batch surveillance flagged lot 'en6' for follow-up. Safety officers need a comprehensive list of doses from that lot. Find records where Vaccine Lot Number begins with 'en6'.
medium_r0008,medium,8,prefix,"{""query"": {""bool"": {""filter"": [{""prefix"": {""L_THREAT"": {""value"": ""Y""}}}]}}}","In reviewing cases where values starting with 'Y', could you list the matching records and what happened next?","In reviewing cases where values starting with 'Y', could you list the matching records and what happened next?","In the context of analyzing I experienced life threat. Are there others like me and what were their outcomes?, could this reflect an underlying systematic issue within certain subgroups or treatments?",A safety committee logs life-threatening cases in a separate ledger. They require precise counts for critical alerts. How many entries have Life-Threatening Illness ?
medium_r0009,medium,9,prefix,"{""query"": {""bool"": {""filter"": [{""prefix"": {""VAX_DATE"": {""value"": ""11/""}}}]}}}","After experiencing values starting with '11/', I wonder how many others had similar cases and what their outcomes were?","After experiencing values starting with '11/', I wonder how many others had similar cases and what their outcomes were?","In analyzing cases linked to I reporting on incidents of vaccine date 11/. Can you provide examples and their key examination results?, is there any indication of systemic inconsistencies or categorization errors?",Seasonal vaccination patterns are charted monthly. November entries begin with '11/' in the date field. Summarize records where Vaccination Date starts with '11/'.
medium_r0010,medium,10,prefix,"{""query"": {""bool"": {""filter"": [{""prefix"": {""PRIOR_VAX"": {""value"": ""Sev""}}}]}}}",I found records with values starting with 'Sev'. Please retrieve all matching cases and share their results?,We've received reports about patients who found records with values starting with 'Sev'. Please retrieve all matching cases and share their results?,"In the context of analyzing I cared for a patient with prior vaccinations Sev. How often does this occur and what follow-up was noted?, could this reflect an underlying systematic issue within certain subgroups or treatments?",Clinicians review narratives for severe reactions noted. They look for descriptions starting 'Sev' in prior vaccination notes. Are there entries where Prior Vaccination Event begins with 'Sev'?
medium_r0011,medium,11,prefix,"{""query"": {""bool"": {""filter"": [{""prefix"": {""DISABLE"": {""value"": ""Y""}}}]}}}",I noticed values starting with 'Y' in some reports; how common is this and what were the hospital stays or results?,Health records indicate cases where noticed values starting with 'Y' in some reports; how common is this and what were the hospital stays or results?,"Looking at instances involving I tracking occurrences of disability. Please map their distribution and counts by state., what explanations might account for observed variations in clinical reporting?",Rehabilitation teams document disability outcomes post-shot. They flag cases marked 'Y' in the disability field. How many reports record with Disability ?
medium_r0012,medium,12,prefix,"{""query"": {""bool"": {""filter"": [{""prefix"": {""DIED"": {""value"": ""Y""}}}]}}}","After experiencing values starting with 'Y', I wonder how many others had similar cases and what their outcomes were?","After experiencing values starting with 'Y', I wonder how many others had similar cases and what their outcomes were?","Considering the records associated with I analyzing entries with died after treatment. Please retrieve those records for deeper insights., might we detect patterns indicating previously unreported clinical phenomena?",I'm analyzing records of patients who died after treatment to look for potential patterns that might indicate previously unreported clinical phenomena. Could you help me retrieve these records so we can examine them more closely for any insights?
medium_r0013,medium,13,prefix,"{""query"": {""bool"": {""filter"": [{""prefix"": {""VAX_TYPE"": {""value"": ""RV5""}}}]}}}",I've come across entries with values starting with 'RV5'. Can we see how frequently this occurs and any results?,Our clinic is treating cases where come across entries with values starting with 'RV5'. Can we see how frequently this occurs and any results?,"In the context of analyzing I analyzing entries with current vaccine type RV5. Please retrieve those records for deeper insights., could this reflect an underlying systematic issue within certain subgroups or treatments?","In the context of analyzing I analyzing entries with current vaccine type RV5. Please retrieve those records for deeper insights., could this reflect an underlying systematic issue within certain subgroups or treatments?"
medium_r0014,medium,14,prefix,"{""query"": {""bool"": {""filter"": [{""prefix"": {""VAX_ROUTE"": {""value"": ""UN""}}}]}}}",There's an instance of values starting with 'UN' Can you find all similar cases and summarize their results?,There's an instance of values starting with 'UN' Can you find all similar cases and summarize their results?,"In analyzing cases linked to A family member showed vax route UN. Could you look up comparable cases and their follow-up?, is there any indication of systemic inconsistencies or categorization errors?","In analyzing cases linked to A family member showed vax route is unknown/ unspecified. Could you look up comparable cases and their follow-up?, is there any indication of systemic inconsistencies or categorization errors?"
medium_r0015,medium,15,prefix,"{""query"": {""bool"": {""filter"": [{""prefix"": {""VAX_TYPE"": {""value"": ""RV1""}}}]}}}","When records show values starting with 'RV1', what do others report as their follow-up outcomes?","When records show values starting with 'RV1', what do others report as their follow-up outcomes?","Considering the records associated with I reporting on incidents of current vaccine type RV1. Can you provide examples and their key examination results?, might we detect patterns indicating previously unreported clinical phenomena?","Considering the records associated with I reporting on incidents of current vaccine type RV1. Can you provide examples and their key examination results?, might we detect patterns indicating previously unreported clinical phenomena?"
medium_r0016,medium,16,prefix,"{""query"": {""bool"": {""filter"": [{""prefix"": {""PRIOR_VAX"": {""value"": ""Fat""}}}]}}}",There's an instance of values starting with 'Fat' Can you find all similar cases and summarize their results?,There's an instance of values starting with 'Fat' Can you find all similar cases and summarize their results?,"In reviewing events tied to I tracking occurrences of prior vaccinations Fat. Please map their distribution and counts by state., are there clear indications that suggest a broader systemic documentation challenge?",Research staff screens patient histories for adverse patterns. They focus on those starting 'Fat' in prior vaccine records. Locate records with Prior Vaccination Event prefix 'Fat'.
medium_r0017,medium,17,prefix,"{""query"": {""bool"": {""filter"": [{""prefix"": {""ER_ED_VISIT"": {""value"": ""Y""}}}]}}}",I found records with values starting with 'Y'. Please retrieve all matching cases and share their results?,My friend mentioned that they found records with values starting with 'Y'. Please retrieve all matching cases and share their results?,"Looking at instances involving A family member showed ER/ED record Y. Could you look up comparable cases and their follow-up?, what explanations might account for observed variations in clinical reporting?",The team is using a custom filter to find records where patients visited the emergency room or emergency department after vaccination. Could you retrieve all the records that match this criteria.
medium_r0018,medium,18,prefix,"{""query"": {""bool"": {""filter"": [{""prefix"": {""DISABLE"": {""value"": ""Y""}}}]}}}","Seeing values starting with 'Y' noted, could you pull up all such entries and show their outcomes?","Seeing values starting with 'Y' noted, could you pull up all such entries and show their outcomes?","Looking at instances involving I cared for a patient with disability status Y. How often does this occur and what follow-up was noted?, what explanations might account for observed variations in clinical reporting?",Support services track patients with new disabilities noted. They use 'Y' indicators to count cases. Fetch entries where Post-Vaccination shows Disability .
medium_r0019,medium,19,prefix,"{""query"": {""bool"": {""filter"": [{""prefix"": {""L_THREAT"": {""value"": ""Y""}}}]}}}","In reviewing cases where values starting with 'Y', could you list the matching records and what happened next?","In reviewing cases where values starting with 'Y', could you list the matching records and what happened next?","Considering the records associated with I experienced life threat Y. Are there others like me and what were their outcomes?, might we detect patterns indicating previously unreported clinical phenomena?","We need a count of all records where the Life-Threatening Illness field is marked as ""Y"". These are cases that emergency teams have flagged as severe, life-threatening incidents."
medium_r0020,medium,20,prefix,"{""query"": {""bool"": {""filter"": [{""prefix"": {""RECOVD"": {""value"": ""N""}}}]}}}","Having seen values starting with 'N', I'm curious about similar records and their typical outcomes?","Having seen values starting with 'N', I'm curious about similar records and their typical outcomes?","In reviewing events tied to My friend has recovery status N. Can you find similar records and share their confirmation of recovery or not?, are there clear indications that suggest a broader systemic documentation challenge?","In reviewing events tied to My friend has recovery status N. Can you find similar records and share their confirmation of recovery or not?, are there clear indications that suggest a broader systemic documentation challenge?"
medium_r0021,medium,21,prefix,"{""query"": {""bool"": {""filter"": [{""prefix"": {""ER_ED_VISIT"": {""value"": ""Y""}}}]}}}","In reviewing cases where values starting with 'Y', could you list the matching records and what happened next?","In reviewing cases where values starting with 'Y', could you list the matching records and what happened next?","For data entries connected to I reporting on incidents of ER/ED record Y. Can you provide examples and their key examination results?, could there be previously unnoticed demographic or clinical correlations?","For data entries connected to I reporting on incidents of emergency room/ emergency department records. Can you provide examples and their key examination results?, could there be previously unnoticed demographic or clinical correlations?"
medium_r0022,medium,22,prefix,"{""query"": {""bool"": {""filter"": [{""prefix"": {""VAX_SITE"": {""value"": ""OT""}}}]}}}",I noticed values starting with 'OT' in some reports; how common is this and what were the hospital stays or results?,Health records indicate cases where noticed values starting with 'OT' in some reports; how common is this and what were the hospital stays or results?,"Looking at instances involving I reporting on incidents of vaccination site OT. Can you provide examples and their key examination results?, what explanations might account for observed variations in clinical reporting?","Looking at instances involving I reporting on incidents of vaccination site OT. Can you provide examples and their key examination results?, what explanations might account for observed variations in clinical reporting?"
medium_r0023,medium,23,prefix,"{""query"": {""bool"": {""filter"": [{""prefix"": {""LAB_DATA"": {""value"": ""18M""}}}]}}}","Having seen values starting with '18M', I'm curious about similar records and their typical outcomes?","Having seen values starting with '18M', I'm curious about similar records and their typical outcomes?","Upon reviewing patient records referencing I reporting on incidents of examination results 18M. Can you provide examples and their key examination results?, can we find a specific trend or anomaly that warrants deeper investigation?",I’ve noticed several lab result entries that start with “18M.” Can we pull up similar cases to see what those results were and how the patients fared? I’m wondering if there’s any pattern or unusual trend that might be worth a closer look.
medium_r0024,medium,24,prefix,"{""query"": {""bool"": {""filter"": [{""prefix"": {""RECOVD"": {""value"": ""Y""}}}]}}}",I found records with values starting with 'Y'. Please retrieve all matching cases and share their results?,One of my colleagues encountered a patient who found records with values starting with 'Y'. Please retrieve all matching cases and share their results?,"In the context of analyzing I help a patient who had recovery status Y. Could you pull up similar cases and lengths of hospital stays?, could this reflect an underlying systematic issue within certain subgroups or treatments?","I’m reviewing cases where the recovery status is marked “Yes.” Can you pull up similar patient records, including how long they stayed in the hospital? I’d like to see if there’s any consistent pattern or potential issue across certain groups or treatments."
medium_r0025,medium,25,prefix,"{""query"": {""bool"": {""filter"": [{""prefix"": {""L_THREAT"": {""value"": ""Y""}}}]}}}","Having seen values starting with 'Y', I'm curious about similar records and their typical outcomes?","Having seen values starting with 'Y', I'm curious about similar records and their typical outcomes?","In analyzing cases linked to I tracking occurrences of life threat Y. Please map their distribution and counts by state., is there any indication of systemic inconsistencies or categorization errors?",A safety committee logs life-threatening cases in a separate ledger. They require precise counts for critical alerts. How many entries have Life-Threatening Illness?
medium_r0026,medium,26,range,"{""query"": {""bool"": {""filter"": [{""range"": {""CAGE_MO"": {""gte"": 0.0, ""lte"": 0.1}}}]}}}",I noticed values between 0.0 and 0.1 in some reports; how common is this and what were the hospital stays or results?,The medical center has documented patients that noticed values between 0.0 and 0.1 in some reports; how common is this and what were the hospital stays or results?,"Upon reviewing patient records referencing I analyzing entries with cage mo between 0.0 and 0.1. Please retrieve those records for deeper insights., can we find a specific trend or anomaly that warrants deeper investigation?","I’m looking into patient records where the age in months is between 0.0 and 0.1, essentially newborns just a few days old. Could you pull all those cases and include details on their hospital stays and outcomes? I’d like to see if there’s any noticeable trend or unusual pattern."
medium_r0027,medium,27,range,"{""query"": {""bool"": {""filter"": [{""range"": {""FORM_VERS"": {""gte"": 1.0, ""lte"": 1.1}}}]}}}","When records show values between 1.0 and 1.1, what do others report as their follow-up outcomes?","When records show values between 1.0 and 1.1, what do others report as their follow-up outcomes?","In reviewing events tied to I tracking occurrences of form vers between 1.0 and 1.1. Please map their distribution and counts by state., are there clear indications that suggest a broader systemic documentation challenge?","I’m reviewing reports where the form version number is between 1.0 and 1.1. Can you show me how these cases are distributed across different states, along with the counts? I’m also wondering if the data points to a bigger, system-wide documentation issue."
medium_r0028,medium,28,range,"{""query"": {""bool"": {""filter"": [{""range"": {""HOSPDAYS"": {""gte"": 1.0, ""lte"": 1112.0}}}]}}}",I noticed values between 1.0 and 1112.0 in some reports; how common is this and what were the hospital stays or results?,My friend mentioned that they noticed values between 1.0 and 1112.0 in some reports; how common is this and what were the hospital stays or results?,"For data entries connected to I cared for a patient with days in hospital between 1.0 and 1112.0. How often does this occur and what follow-up was noted?, could there be previously unnoticed demographic or clinical correlations?","For data entries connected to I cared for a patient with days in hospital between 1.0 and 1112.0. How often does this occur and what follow-up was noted?, could there be previously unnoticed demographic or clinical correlations?"
medium_r0029,medium,29,range,"{""query"": {""bool"": {""filter"": [{""range"": {""FORM_VERS"": {""gte"": 1.0, ""lte"": 1.1}}}]}}}","When records show values between 1.0 and 1.1, what do others report as their follow-up outcomes?","When records show values between 1.0 and 1.1, what do others report as their follow-up outcomes?","Looking at instances involving I help a patient who had form vers between 1.0 and 1.1. Could you pull up similar cases and lengths of hospital stays?, what explanations might account for observed variations in clinical reporting?","Looking at instances involving I help a patient who had form vers between 1.0 and 1.1. Could you pull up similar cases and lengths of hospital stays?, what explanations might account for observed variations in clinical reporting?"
medium_r0030,medium,30,range,"{""query"": {""bool"": {""filter"": [{""range"": {""AGE_YRS"": {""gte"": 0.08, ""lte"": 10.272}}}]}}}","Seeing values between 0.08 and 10.272 noted, could you pull up all such entries and show their outcomes?","Seeing values between 0.08 and 10.272 noted, could you pull up all such entries and show their outcomes?","Considering the records associated with I experienced age of patient between 0.08 and 10.272. Are there others like me and what were their outcomes?, might we detect patterns indicating previously unreported clinical phenomena?","I’m looking into patient records where the age falls between about one month and ten years. Can you pull up all similar cases, share their outcomes, and see if there are any patterns that might point to clinical trends we haven’t noticed before?"
medium_r0031,medium,31,range,"{""query"": {""bool"": {""filter"": [{""range"": {""CAGE_MO"": {""gte"": 0.0, ""lte"": 0.1}}}]}}}",I found records with values between 0.0 and 0.1. Please retrieve all matching cases and share their results?,Hospital records show individuals who found records with values between 0.0 and 0.1. Please retrieve all matching cases and share their results?,"In the context of analyzing I cared for a patient with cage mo between 0.0 and 0.1. How often does this occur and what follow-up was noted?, could this reflect an underlying systematic issue within certain subgroups or treatments?","I’m looking at cases where the patient’s age in months is between 0 and 0.1. Can you find all these records and tell me what happened with them? How common are these cases? Also, do you see any patterns or issues that might be affecting this specific age group?"
medium_r0032,medium,32,range,"{""query"": {""bool"": {""filter"": [{""range"": {""HOSPDAYS"": {""gte"": 1.0, ""lte"": 1112.0}}}]}}}",I found records with values between 1.0 and 1112.0. Please retrieve all matching cases and share their results?,My friend mentioned that they found records with values between 1.0 and 1112.0. Please retrieve all matching cases and share their results?,"In the context of analyzing I tracking occurrences of days in hospital between 1.0 and 1112.0. Please map their distribution and counts by state., could this reflect an underlying systematic issue within certain subgroups or treatments?",I came across some cases where people stayed in the hospital anywhere from 1 day up to over 3 years (1112 days). Can you pull up all those records and tell me what happened with those patients?
medium_r0033,medium,33,range,"{""query"": {""bool"": {""filter"": [{""range"": {""NUMDAYS"": {""gte"": 0.0, ""lte"": 3706.5}}}]}}}",There's an instance of values between 0.0 and 3706.5 Can you find all similar cases and summarize their results?,There's an instance of values between 0.0 and 3706.5 Can you find all similar cases and summarize their results?,"For data entries connected to I help a patient who had numdays between 0.0 and 3706.5. Could you pull up similar cases and lengths of hospital stays?, could there be previously unnoticed demographic or clinical correlations?","I’m reviewing records where hospital stays range from 0 to 3706.5 days. Could you pull up those cases and their lengths of stay? Also, do you see any patterns or links to patient demographics or clinical factors that might explain these long or short stays?"
medium_r0034,medium,34,range,"{""query"": {""bool"": {""filter"": [{""range"": {""CAGE_MO"": {""gte"": 0.0, ""lte"": 0.1}}}]}}}","Looking at reports of values between 0.0 and 0.1, could you show how many there are and what happened to those patients?","Looking at reports of values between 0.0 and 0.1, could you show how many there are and what happened to those patients?","Considering the records associated with I tracking occurrences of cage mo between 0.0 and 0.1. Please map their distribution and counts by state., might we detect patterns indicating previously unreported clinical phenomena?",I’m seeing reports where this value called corrected age in months falls between 0.0 and 0.1. Could you tell me how many cases there are like this and what outcomes those patients had?
medium_r0035,medium,35,range,"{""query"": {""bool"": {""filter"": [{""range"": {""AGE_YRS"": {""gte"": 0.08, ""lte"": 10.272}}}]}}}","When records show values between 0.08 and 10.272, what do others report as their follow-up outcomes?","When records show values between 0.08 and 10.272, what do others report as their follow-up outcomes?","Considering the records associated with I cared for a patient with age of patient between 0.08 and 10.272. How often does this occur and what follow-up was noted?, might we detect patterns indicating previously unreported clinical phenomena?","I’m looking at cases where patients are between about one month and 10 years old. How often do these cases occur, and what kind of follow-up outcomes have been reported for them? Are there any noticeable patterns or unexpected trends in their recovery or complications that we should investigate further?"
medium_r0036,medium,36,range,"{""query"": {""bool"": {""filter"": [{""range"": {""AGE_YRS"": {""gte"": 0.08, ""lte"": 10.272}}}]}}}","Seeing values between 0.08 and 10.272 noted, could you pull up all such entries and show their outcomes?","Seeing values between 0.08 and 10.272 noted, could you pull up all such entries and show their outcomes?","Considering the records associated with I help a patient who had age of patient between 0.08 and 10.272. Could you pull up similar cases and lengths of hospital stays?, might we detect patterns indicating previously unreported clinical phenomena?","I’m reviewing cases of patients aged between about one month and 10 years. Could you pull up all records within this age range and share their outcomes, including hospital stay lengths? Are there any patterns or unusual trends that might point to clinical issues we haven’t noticed before?"
medium_r0037,medium,37,range,"{""query"": {""bool"": {""filter"": [{""range"": {""VAERS_ID"": {""gte"": 0.0, ""lte"": 13401.1}}}]}}}","Looking at reports of values between 0.0 and 13401.1, could you show how many there are and what happened to those patients?","Looking at reports of values between 0.0 and 13401.1, could you show how many there are and what happened to those patients?","In analyzing cases linked to I help a patient who had ID of patient between 0.0 and 13401.1. Could you pull up similar cases and lengths of hospital stays?, is there any indication of systemic inconsistencies or categorization errors?","I’m reviewing patient records with IDs between 0 and about 13,400. Could you tell me how many cases fall in this range and what outcomes those patients had, including how long they stayed in the hospital? Also, is there any sign of inconsistencies or errors in how these cases were categorized?"
medium_r0038,medium,38,range,"{""query"": {""bool"": {""filter"": [{""range"": {""AGE_YRS"": {""gte"": 0.08, ""lte"": 10.272}}}]}}}","Looking at reports of values between 0.08 and 10.272, could you show how many there are and what happened to those patients?","Looking at reports of values between 0.08 and 10.272, could you show how many there are and what happened to those patients?","Looking at instances involving As a physician seeing cases of age of patient between 0.08 and 10.272, how many patients match these criteria and what were their results?, what explanations might account for observed variations in clinical reporting?","As a physician reviewing cases of young patients between about one month and ten years old, how many such cases have we seen, and what were their outcomes? Are there any explanations for differences in how these cases were reported clinically?"
medium_r0039,medium,39,range,"{""query"": {""bool"": {""filter"": [{""range"": {""VAERS_ID"": {""gte"": 0.0, ""lte"": 13401.1}}}]}}}","After experiencing values between 0.0 and 13401.1, I wonder how many others had similar cases and what their outcomes were?","After experiencing values between 0.0 and 13401.1, I wonder how many others had similar cases and what their outcomes were?","In analyzing cases linked to I analyzing entries with ID of patient between 0.0 and 13401.1. Please retrieve those records for deeper insights., is there any indication of systemic inconsistencies or categorization errors?","I’m looking into patient reports with IDs ranging from 0 to about 13,400. Could you tell me how many cases fall within this range and what their outcomes were? Also, are there any signs of inconsistencies or errors in how these cases were recorded?"
medium_r0040,medium,40,range,"{""query"": {""bool"": {""filter"": [{""range"": {""FORM_VERS"": {""gte"": 1.0, ""lte"": 1.1}}}]}}}",I noticed values between 1.0 and 1.1 in some reports; how common is this and what were the hospital stays or results?,My mother recently noticed values between 1.0 and 1.1 in some reports; how common is this and what were the hospital stays or results?,"Looking at instances involving My friend has form vers between 1.0 and 1.1. Can you find similar records and share their confirmation of recovery or not?, what explanations might account for observed variations in clinical reporting?","I’ve seen some reports with form version numbers between 1.0 and 1.1. How common are these, and what do the hospital stays and recovery outcomes look like for those cases? A friend of mine falls into this group, so I’m curious if others with similar form versions recovered or not. Could there be reasons behind differences in how these cases are reported?"
medium_r0041,medium,41,range,"{""query"": {""bool"": {""filter"": [{""range"": {""FORM_VERS"": {""gte"": 1.0, ""lte"": 1.1}}}]}}}","After experiencing values between 1.0 and 1.1, I wonder how many others had similar cases and what their outcomes were?","After experiencing values between 1.0 and 1.1, I wonder how many others had similar cases and what their outcomes were?","In reviewing events tied to I tracking occurrences of form vers between 1.0 and 1.1. Please map their distribution and counts by state., are there clear indications that suggest a broader systemic documentation challenge?","I’ve noticed some reports showing form version numbers between 1.0 and 1.1. I’m curious how many others fall into this group and what their health outcomes were. Also, can we see how these cases are spread across different states? Do you think there might be a bigger issue with how these reports are being documented?"
medium_r0042,medium,42,wildcard,"{""query"": {""bool"": {""filter"": [{""wildcard"": {""VAX_DOSE_SERIES"": {""value"": ""*2*""}}}]}}}","In reviewing cases where values matching '*2*', could you list the matching records and what happened next?","In reviewing cases where values matching '*2*', could you list the matching records and what happened next?","In analyzing cases linked to I help a patient who had vaccine dose series matching *2*. Could you pull up similar cases and lengths of hospital stays?, is there any indication of systemic inconsistencies or categorization errors?","I’m looking into cases where patients received a vaccine dose that includes the number 2 in its sequence. Could you help me find those records and share what happened afterward? For example, how long were the hospital stays? Also, are there any signs of inconsistent reporting or issues with how these cases are categorized?"
medium_r0043,medium,43,wildcard,"{""query"": {""bool"": {""filter"": [{""wildcard"": {""VAX_SITE"": {""value"": ""*OT*""}}}]}}}","Looking at reports of values matching '*OT*', could you show how many there are and what happened to those patients?","Looking at reports of values matching '*OT*', could you show how many there are and what happened to those patients?","When considering records mentioning I cared for a patient with vaccination site matching *OT*. How often does this occur and what follow-up was noted?, have patterns emerged that might signal a procedural or documentation anomaly?","I’m reviewing cases where the vaccine was given at a site that includes ‘OT’ in its description. Could you tell me how many such cases there are and what happened to those patients afterward? When I look at patients vaccinated at these sites, how often do these situations occur, and what kind of follow-up was reported? Are there any patterns that might suggest issues with how these were documented or administered?"
medium_r0044,medium,44,wildcard,"{""query"": {""bool"": {""filter"": [{""wildcard"": {""ER_ED_VISIT"": {""value"": ""*Y*""}}}]}}}","Having seen values matching '*Y*', I'm curious about similar records and their typical outcomes?","Having seen values matching '*Y*', I'm curious about similar records and their typical outcomes?","For data entries connected to I help a patient who had ER/ED record matching *Y*. Could you pull up similar cases and lengths of hospital stays?, could there be previously unnoticed demographic or clinical correlations?","I noticed some cases where patients had an emergency room or emergency department visit recorded as ‘yes.’ I’d like to see how many similar cases there are and what the typical outcomes were. For patients with these emergency room/ department visits, could you also share how long they stayed in the hospital? Are there any hidden patterns or trends in demographics or clinical details that we should be aware of?"
medium_r0045,medium,45,wildcard,"{""query"": {""bool"": {""filter"": [{""wildcard"": {""OTHER_MEDS"": {""value"": ""*No*""}}}]}}}",I noticed values matching '*No*' in some reports; how common is this and what were the hospital stays or results?,The medical center has documented patients that noticed values matching '*No*' in some reports; how common is this and what were the hospital stays or results?,"Given the context involving I cared for a patient with other medications matching *No*. How often does this occur and what follow-up was noted?, are there identifiable factors contributing to unexpected health outcomes in recent reports?","I came across several reports where patients had ‘No’ listed under other medications. How common is this, and what kind of hospital stays or outcomes did those patients have? In cases like these, have there been any follow-ups or notable patterns in recovery? Could there be specific factors leading to unexpected health issues in these patients?"
medium_r0046,medium,46,wildcard,"{""query"": {""bool"": {""filter"": [{""wildcard"": {""VAX_DOSE_SERIES"": {""value"": ""*UN*""}}}]}}}",I found records with values matching '*UN*'. Please retrieve all matching cases and share their results?,My mother recently found records with values matching '*UN*'. Please retrieve all matching cases and share their results?,"Upon reviewing patient records referencing As a physician seeing cases of vaccine dose series matching *UN*, how many patients match these criteria and what were their results?, can we find a specific trend or anomaly that warrants deeper investigation?","I came across several cases where the vaccine dose series was marked with something like ‘UN’ (unknown or unspecified). Could you find all these cases and share what happened to those patients? As a doctor reviewing this, I’d like to know how many patients fit this description and what their outcomes were. Do you see any patterns or unusual trends that might need further investigation?"
medium_r0047,medium,47,wildcard,"{""query"": {""bool"": {""filter"": [{""wildcard"": {""DIED"": {""value"": ""*Y*""}}}]}}}",I noticed values matching '*Y*' in some reports; how common is this and what were the hospital stays or results?,The medical center has documented patients that noticed values matching '*Y*' in some reports; how common is this and what were the hospital stays or results?,"Considering the records associated with A family member showed died after treatment matching *Y*. Could you look up comparable cases and their follow-up?, might we detect patterns indicating previously unreported clinical phenomena?","I’ve seen some reports where the outcome was marked as death. How often does this happen, and what were the hospital stays or other follow-up details for these cases? A family member recently passed away after treatment, so I’m trying to understand if there are similar cases and if there might be any patterns or causes we haven’t noticed before."
medium_r0048,medium,48,wildcard,"{""query"": {""bool"": {""filter"": [{""wildcard"": {""V_ADMINBY"": {""value"": ""*PH*""}}}]}}}","Seeing values matching '*PH*' noted, could you pull up all such entries and show their outcomes?","Seeing values matching '*PH*' noted, could you pull up all such entries and show their outcomes?","Upon reviewing patient records referencing I tracking occurrences of v adminby matching *PH*. Please map their distribution and counts by state., can we find a specific trend or anomaly that warrants deeper investigation?","My relative got vaccinated at a pharmacy, and I want to understand how common that is and what kind of outcomes other people had in similar situations. Could you help me find that info and tell me if certain states had different results?"
medium_r0049,medium,49,wildcard,"{""query"": {""bool"": {""filter"": [{""wildcard"": {""ONSET_DATE"": {""value"": ""*10*""}}}]}}}","In reviewing cases where values matching '*10*', could you list the matching records and what happened next?","In reviewing cases where values matching '*10*', could you list the matching records and what happened next?","Upon reviewing patient records referencing I analyzing entries with onset date matching *10*. Please retrieve those records for deeper insights., can we find a specific trend or anomaly that warrants deeper investigation?",I noticed several patients had symptoms starting on dates with ‘10’ in them. Can you help me get a list of those cases and what the outcomes were? Maybe there’s something we should pay closer attention to.
medium_r0050,medium,50,wildcard,"{""query"": {""bool"": {""filter"": [{""wildcard"": {""DIED"": {""value"": ""*Y*""}}}]}}}",I noticed values matching '*Y*' in some reports; how common is this and what were the hospital stays or results?,Hospital records show individuals who noticed values matching '*Y*' in some reports; how common is this and what were the hospital stays or results?,"With cases related to I tracking occurrences of died after treatment matching *Y*. Please map their distribution and counts by state., have there been identifiable differences across facilities or patient demographics?",Our hospital records show several reports indicating patient deaths. Can you provide data on how frequently this happens and what the typical hospital stays or results look like?
medium_r0051,medium,51,wildcard,"{""query"": {""bool"": {""filter"": [{""wildcard"": {""ER_VISIT"": {""value"": ""*Y*""}}}]}}}",I noticed values matching '*Y*' in some reports; how common is this and what were the hospital stays or results?,We've received reports about patients who noticed values matching '*Y*' in some reports; how common is this and what were the hospital stays or results?,"For data entries connected to My friend has ER record matching *Y*. Can you find similar records and share their confirmation of recovery or not?, could there be previously unnoticed demographic or clinical correlations?","I’ve noticed several reports where patients had an emergency room visit. How often does this happen, and what were their hospital stays or outcomes?"
medium_r0052,medium,52,wildcard,"{""query"": {""bool"": {""filter"": [{""wildcard"": {""SPLTTYPE"": {""value"": ""*US*""}}}]}}}","When records show values matching '*US*', what do others report as their follow-up outcomes?","When records show values matching '*US*', what do others report as their follow-up outcomes?","Considering the records associated with I reporting on incidents of splttype matching *US*. Can you provide examples and their key examination results?, might we detect patterns indicating previously unreported clinical phenomena?","While examining reports with vaccine codes that include ‘US’, can you provide some examples along with their key test results? Could there be any hidden patterns or unexpected clinical issues?"
medium_r0053,medium,53,wildcard,"{""query"": {""bool"": {""filter"": [{""wildcard"": {""ER_VISIT"": {""value"": ""*Y*""}}}]}}}",I've come across entries with values matching '*Y*'. Can we see how frequently this occurs and any results?,Someone I know come across entries with values matching '*Y*'. Can we see how frequently this occurs and any results?,"Considering the records associated with My friend has ER record matching *Y*. Can you find similar records and share their confirmation of recovery or not?, might we detect patterns indicating previously unreported clinical phenomena?","As part of a quarterly audit, we track all cases where patients visited the emergency room. Can you tell me how many records have emergency room visits marked ‘Yes’?"
medium_r0054,medium,54,wildcard,"{""query"": {""bool"": {""filter"": [{""wildcard"": {""RECVDATE"": {""value"": ""*02*""}}}]}}}","In reviewing cases where values matching '*02*', could you list the matching records and what happened next?","In reviewing cases where values matching '*02*', could you list the matching records and what happened next?","With cases related to I cared for a patient with date received vaccine matching *02*. How often does this occur and what follow-up was noted?, have there been identifiable differences across facilities or patient demographics?",I’m analyzing reports where the vaccine was received on dates that include ‘02’. Could you pull those records and share what outcomes were recorded? Are there differences between facilities or patient groups?
medium_r0055,medium,55,wildcard,"{""query"": {""bool"": {""filter"": [{""wildcard"": {""ALLERGIES"": {""value"": ""*sk*""}}}]}}}","After experiencing values matching '*sk*', I wonder how many others had similar cases and what their outcomes were?","After experiencing values matching '*sk*', I wonder how many others had similar cases and what their outcomes were?","In the context of analyzing I reporting on incidents of allergies matching *sk*. Can you provide examples and their key examination results?, could this reflect an underlying systematic issue within certain subgroups or treatments?","A loved one has an allergy that seems to include ‘sk’ in the notes. Are there others with this allergy, and what outcomes did they have?"
medium_r0056,medium,56,wildcard,"{""query"": {""bool"": {""filter"": [{""wildcard"": {""PRIOR_VAX"": {""value"": ""*Ey*""}}}]}}}","After experiencing values matching '*Ey*', I wonder how many others had similar cases and what their outcomes were?","After experiencing values matching '*Ey*', I wonder how many others had similar cases and what their outcomes were?","Looking at instances involving I tracking occurrences of prior vaccinations matching *Ey*. Please map their distribution and counts by state., what explanations might account for observed variations in clinical reporting?",I’m checking past vaccination records that mention something like ‘Ey.’ Can you show me how common this is and what the outcomes were for those patients?
medium_r0057,medium,57,wildcard,"{""query"": {""bool"": {""filter"": [{""wildcard"": {""SPLTTYPE"": {""value"": ""*US*""}}}]}}}","When records show values matching '*US*', what do others report as their follow-up outcomes?","When records show values matching '*US*', what do others report as their follow-up outcomes?","With cases related to My friend has splttype matching *US*. Can you find similar records and share their confirmation of recovery or not?, have there been identifiable differences across facilities or patient demographics?",A patient I’m seeing got a vaccine with a lot number starting ‘US.’ Can you pull similar cases and tell me about their recovery or complications? Have you noticed any patterns by region or treatment center?
medium_r0058,medium,58,wildcard,"{""query"": {""bool"": {""filter"": [{""wildcard"": {""TODAYS_DATE"": {""value"": ""*09*""}}}]}}}",I found records with values matching '*09*'. Please retrieve all matching cases and share their results?,My neighbor reported they found records with values matching '*09*'. Please retrieve all matching cases and share their results?,"For data entries connected to As a physician seeing cases of todays date matching *09*, how many patients match these criteria and what were their results?, could there be previously unnoticed demographic or clinical correlations?","I’m reviewing patients whose records show today’s date including ‘09.’ How many cases match that, and what were their outcomes? Are there any patterns based on age, location, or other factors?"
medium_r0059,medium,59,wildcard,"{""query"": {""bool"": {""filter"": [{""wildcard"": {""ER_ED_VISIT"": {""value"": ""*Y*""}}}]}}}",I noticed values matching '*Y*' in some reports; how common is this and what were the hospital stays or results?,The medical center has documented patients that noticed values matching '*Y*' in some reports; how common is this and what were the hospital stays or results?,"Given the context involving As a physician seeing cases of ER/ED record matching *Y*, how many patients match these criteria and what were their results?, are there identifiable factors contributing to unexpected health outcomes in recent reports?","I’ve noticed several reports where patients had an emergency room/ emergency department visit marked as ‘Yes.’ How often does this happen, and what were the typical hospital stays or outcomes for these cases? Are there any patterns or factors that might explain unexpected health issues we’re seeing?"
medium_r0060,medium,60,wildcard,"{""query"": {""bool"": {""filter"": [{""wildcard"": {""VAX_DATE"": {""value"": ""*09*""}}}]}}}","In reviewing cases where values matching '*09*', could you list the matching records and what happened next?","In reviewing cases where values matching '*09*', could you list the matching records and what happened next?","For data entries connected to As a physician seeing cases of vaccine date matching *09*, how many patients match these criteria and what were their results?, could there be previously unnoticed demographic or clinical correlations?","I’m reviewing patient records where the vaccination date includes ‘09’ (September). Could you provide a list of these cases and share what happened afterward? How many patients fit this, and what were their outcomes? Also, are there any patterns or demographic factors we might have missed?"
medium_r0061,medium,61,wildcard,"{""query"": {""bool"": {""filter"": [{""wildcard"": {""VAX_NAME"": {""value"": ""*AN*""}}}]}}}",I've come across entries with values matching '*AN*'. Can we see how frequently this occurs and any results?,My neighbor reported they come across entries with values matching '*AN*'. Can we see how frequently this occurs and any results?,"Looking at instances involving I tracking occurrences of vax name matching *AN*. Please map their distribution and counts by state., what explanations might account for observed variations in clinical reporting?","I noticed several patient records where the vaccine name includes ‘AN.’ Could you tell me how often this occurs and what the outcomes were? Also, can we see how these cases are spread across different states? Are there any patterns or reasons that might explain differences in how these cases were reported?"
medium_r0062,medium,62,wildcard,"{""query"": {""bool"": {""filter"": [{""wildcard"": {""HISTORY"": {""value"": ""*As*""}}}]}}}",I found records with values matching '*As*'. Please retrieve all matching cases and share their results?,My mother recently found records with values matching '*As*'. Please retrieve all matching cases and share their results?,"Upon reviewing patient records referencing I'm reviewing medication cases exhibiting medical history matching *As*. What outcomes are documented?, can we find a specific trend or anomaly that warrants deeper investigation?",I came across several patient records where the medical history includes entries with ‘As’ in them. Could you pull up all such cases and share what outcomes were documented? Are there any noticeable trends or unusual patterns that might need further investigation?
medium_r0063,medium,63,wildcard,"{""query"": {""bool"": {""filter"": [{""wildcard"": {""HOSPITAL"": {""value"": ""*Y*""}}}]}}}","When records show values matching '*Y*', what do others report as their follow-up outcomes?","When records show values matching '*Y*', what do others report as their follow-up outcomes?","In analyzing cases linked to A family member showed hospital record matching *Y*. Could you look up comparable cases and their follow-up?, is there any indication of systemic inconsistencies or categorization errors?",I noticed some records indicating patients were hospitalized. Could you find similar cases and share what the follow-up outcomes were? Are there any patterns or inconsistencies across these hospital records that we should be aware of?
medium_r0064,medium,64,wildcard,"{""query"": {""bool"": {""filter"": [{""wildcard"": {""DISABLE"": {""value"": ""*Y*""}}}]}}}","After experiencing values matching '*Y*', I wonder how many others had similar cases and what their outcomes were?","After experiencing values matching '*Y*', I wonder how many others had similar cases and what their outcomes were?","With cases related to I cared for a patient with disability status matching *Y*. How often does this occur and what follow-up was noted?, have there been identifiable differences across facilities or patient demographics?","I’m reviewing cases where patients were noted as having a disability after vaccination. How many cases are marked with a disability status of ‘Y,’ and what were their follow-up outcomes? Are there any noticeable differences in these cases based on facility or patient demographics?"
medium_r0065,medium,65,wildcard,"{""query"": {""bool"": {""filter"": [{""wildcard"": {""SYMPTOM_TEXT"": {""value"": ""*I *""}}}]}}}",There's an instance of values matching '*I *' Can you find all similar cases and summarize their results?,There's an instance of values matching '*I *' Can you find all similar cases and summarize their results?,"In reviewing events tied to I'm reviewing medication cases exhibiting description of patient matching *I *. What outcomes are documented?, are there clear indications that suggest a broader systemic documentation challenge?","I noticed several reports where the symptom descriptions include phrases starting with ‘I’. Could you pull up all cases with similar symptom text and summarize the outcomes? Also, do these records suggest any broader issues with how symptoms are being documented?"
medium_r0066,medium,66,wildcard,"{""query"": {""bool"": {""filter"": [{""wildcard"": {""OTHER_MEDS"": {""value"": ""*Lo*""}}}]}}}","When records show values matching '*Lo*', what do others report as their follow-up outcomes?","When records show values matching '*Lo*', what do others report as their follow-up outcomes?","Looking at instances involving I help a patient who had other medications matching *Lo*. Could you pull up similar cases and lengths of hospital stays?, what explanations might account for observed variations in clinical reporting?",I’ve come across patient records where other medications include names matching ‘Lo’. Could you find similar cases and share their follow-up outcomes and hospital stay lengths? Are there any noticeable patterns or reasons behind differences in how these cases are reported?
medium_r0067,medium,67,wildcard,"{""query"": {""bool"": {""filter"": [{""wildcard"": {""VAX_DATE"": {""value"": ""*01*""}}}]}}}","When records show values matching '*01*', what do others report as their follow-up outcomes?","When records show values matching '*01*', what do others report as their follow-up outcomes?","Looking at instances involving My friend has vaccine date matching *01*. Can you find similar records and share their confirmation of recovery or not?, what explanations might account for observed variations in clinical reporting?","During chart review, we noticed a group of patients with vaccination dates that include ‘01’. Can we get the count and see if their recovery timelines differ from others?"
medium_r0068,medium,68,regexp,"{""query"": {""bool"": {""filter"": [{""regexp"": {""LAB_DATA"": {""value"": "".*Ma.*""}}}]}}}","When records show values matching pattern '.*Ma.*', what do others report as their follow-up outcomes?","When records show values matching pattern '.*Ma.*', what do others report as their follow-up outcomes?","In the context of analyzing As a physician seeing cases of examination results pattern .*Ma.*, how many patients match these criteria and what were their results?, could this reflect an underlying systematic issue within certain subgroups or treatments?","Data analysis shows several lab entries with values matching the pattern ‘Ma’. What’s the distribution of these cases, and are there any noticeable trends in patient outcomes?"
medium_r0069,medium,69,regexp,"{""query"": {""bool"": {""filter"": [{""regexp"": {""CUR_ILL"": {""value"": "".*Pf.*""}}}]}}}","Having seen values matching pattern '.*Pf.*', I'm curious about similar records and their typical outcomes?","Having seen values matching pattern '.*Pf.*', I'm curious about similar records and their typical outcomes?","In reviewing events tied to I experienced current illness pattern .*Pf.*. Are there others like me and what were their outcomes?, are there clear indications that suggest a broader systemic documentation challenge?",We’re tracking patients with current illnesses that include ‘Pf’ in their notes. Can we review those cases and see how they progressed?
medium_r0070,medium,70,regexp,"{""query"": {""bool"": {""filter"": [{""regexp"": {""ER_VISIT"": {""value"": "".*Y.*""}}}]}}}","When records show values matching pattern '.*Y.*', what do others report as their follow-up outcomes?","When records show values matching pattern '.*Y.*', what do others report as their follow-up outcomes?","With cases related to As a physician seeing cases of ER record pattern .*Y.*, how many patients match these criteria and what were their results?, have there been identifiable differences across facilities or patient demographics?","Among patients with Emeregecy Room visits, how many experienced complications or recovery? Are there differences based on demographics or treatment locations?"
medium_r0071,medium,71,regexp,"{""query"": {""bool"": {""filter"": [{""regexp"": {""V_ADMINBY"": {""value"": "".*SC.*""}}}]}}}","Looking at reports of values matching pattern '.*SC.*', could you show how many there are and what happened to those patients?","Looking at reports of values matching pattern '.*SC.*', could you show how many there are and what happened to those patients?","Considering the records associated with A family member showed v adminby pattern .*SC.*. Could you look up comparable cases and their follow-up?, might we detect patterns indicating previously unreported clinical phenomena?","My relative’s vaccine was recorded with an administration code including ‘SC’. Are there other similar cases, and how did those patients fare afterward?"
medium_r0072,medium,72,regexp,"{""query"": {""bool"": {""filter"": [{""regexp"": {""VAX_TYPE"": {""value"": "".*HE.*""}}}]}}}","After experiencing values matching pattern '.*HE.*', I wonder how many others had similar cases and what their outcomes were?","After experiencing values matching pattern '.*HE.*', I wonder how many others had similar cases and what their outcomes were?","In reviewing events tied to I analyzing entries with current vaccine type pattern .*HE.*. Please retrieve those records for deeper insights., are there clear indications that suggest a broader systemic documentation challenge?","For patients given vaccines with a type code containing ‘HE’, what do their follow-up records show? Are there any patterns in recovery or side effects?"
medium_r0073,medium,73,regexp,"{""query"": {""bool"": {""filter"": [{""regexp"": {""VAX_NAME"": {""value"": "".*RS.*""}}}]}}}",I noticed values matching pattern '.*RS.*' in some reports; how common is this and what were the hospital stays or results?,My friend mentioned that they noticed values matching pattern '.*RS.*' in some reports; how common is this and what were the hospital stays or results?,"With cases related to I experienced vax name pattern .*RS.*. Are there others like me and what were their outcomes?, have there been identifiable differences across facilities or patient demographics?",My friend noticed some reports showing vaccine names with ‘RS’ in them. Do we know how common these cases are and what happened to those patients afterward?
medium_r0074,medium,74,regexp,"{""query"": {""bool"": {""filter"": [{""regexp"": {""OTHER_MEDS"": {""value"": "".*OX.*""}}}]}}}","After experiencing values matching pattern '.*OX.*', I wonder how many others had similar cases and what their outcomes were?","After experiencing values matching pattern '.*OX.*', I wonder how many others had similar cases and what their outcomes were?","For data entries connected to I reporting on incidents of other medications pattern .*OX.*. Can you provide examples and their key examination results?, could there be previously unnoticed demographic or clinical correlations?","For data entries connected to I reporting on incidents of other medications pattern .*OX.*. Can you provide examples and their key examination results?, could there be previously unnoticed demographic or clinical correlations?"
medium_r0075,medium,75,regexp,"{""query"": {""bool"": {""filter"": [{""regexp"": {""DIED"": {""value"": "".*Y.*""}}}]}}}",I noticed values matching pattern '.*Y.*' in some reports; how common is this and what were the hospital stays or results?,Hospital records show individuals who noticed values matching pattern '.*Y.*' in some reports; how common is this and what were the hospital stays or results?,"With cases related to I analyzing entries with died after treatment pattern .*Y.*. Please retrieve those records for deeper insights., have there been identifiable differences across facilities or patient demographics?",Our records show some patients marked as deceased after treatment. Can we get a count of these cases and analyze their hospital stay durations or outcomes?
medium_r0076,medium,76,regexp,"{""query"": {""bool"": {""filter"": [{""regexp"": {""OTHER_MEDS"": {""value"": "".*Le.*""}}}]}}}","In reviewing cases where values matching pattern '.*Le.*', could you list the matching records and what happened next?","In reviewing cases where values matching pattern '.*Le.*', could you list the matching records and what happened next?","Upon reviewing patient records referencing A family member showed other medications pattern .*Le.*. Could you look up comparable cases and their follow-up?, can we find a specific trend or anomaly that warrants deeper investigation?","Upon reviewing patient records referencing A family member showed other medications pattern ""Le"". Could you look up comparable cases and their follow-up?, can we find a specific trend or anomaly that warrants deeper investigation?"
medium_r0077,medium,77,regexp,"{""query"": {""bool"": {""filter"": [{""regexp"": {""V_FUNDBY"": {""value"": "".*PU.*""}}}]}}}","After experiencing values matching pattern '.*PU.*', I wonder how many others had similar cases and what their outcomes were?","After experiencing values matching pattern '.*PU.*', I wonder how many others had similar cases and what their outcomes were?","With cases related to I experienced v fundby pattern .*PU.*. Are there others like me and what were their outcomes?, have there been identifiable differences across facilities or patient demographics?","In reviewing cases funded by sources matching ‘PU’, can we identify any trends or differences in patient outcomes across different facilities or populations?"
medium_r0078,medium,78,regexp,"{""query"": {""bool"": {""filter"": [{""regexp"": {""PRIOR_VAX"": {""value"": "".*20.*""}}}]}}}","Having seen values matching pattern '.*20.*', I'm curious about similar records and their typical outcomes?","Having seen values matching pattern '.*20.*', I'm curious about similar records and their typical outcomes?","Given the context involving My friend has prior vaccinations pattern .*20.*. Can you find similar records and share their confirmation of recovery or not?, are there identifiable factors contributing to unexpected health outcomes in recent reports?","My patient’s history shows a prior vaccine event with ‘20’ in the description. Are there others like this, and how did their recoveries progress?"
medium_r0079,medium,79,regexp,"{""query"": {""bool"": {""filter"": [{""regexp"": {""ALLERGIES"": {""value"": "".*Sh.*""}}}]}}}","When records show values matching pattern '.*Sh.*', what do others report as their follow-up outcomes?","When records show values matching pattern '.*Sh.*', what do others report as their follow-up outcomes?","When considering records mentioning I reporting on incidents of allergies pattern .*Sh.*. Can you provide examples and their key examination results?, have patterns emerged that might signal a procedural or documentation anomaly?","When reviewing allergy incidents with descriptions containing ‘Sh’, what kinds of results or complications have been documented in these patients?"
medium_r0080,medium,80,regexp,"{""query"": {""bool"": {""filter"": [{""regexp"": {""ALLERGIES"": {""value"": "".*Al.*""}}}]}}}","Having seen values matching pattern '.*Al.*', I'm curious about similar records and their typical outcomes?","Having seen values matching pattern '.*Al.*', I'm curious about similar records and their typical outcomes?","In reviewing events tied to As a physician seeing cases of allergies pattern .*Al.*, how many patients match these criteria and what were their results?, are there clear indications that suggest a broader systemic documentation challenge?","We’re analyzing allergy data with records matching the pattern ‘Al’. Can you provide examples, their distribution, and if there are any patterns suggesting inconsistencies or clinical trends?"
medium_r0081,medium,81,regexp,"{""query"": {""bool"": {""filter"": [{""regexp"": {""PRIOR_VAX"": {""value"": "".*le.*""}}}]}}}","Seeing values matching pattern '.*le.*' noted, could you pull up all such entries and show their outcomes?","Seeing values matching pattern '.*le.*' noted, could you pull up all such entries and show their outcomes?","Upon reviewing patient records referencing My friend has prior vaccinations pattern .*le.*. Can you find similar records and share their confirmation of recovery or not?, can we find a specific trend or anomaly that warrants deeper investigation?","While reviewing prior vaccination data, I found records matching the pattern ‘le’. Could you analyze these and see if any unusual patterns or anomalies show up?"
medium_r0082,medium,82,regexp,"{""query"": {""bool"": {""filter"": [{""regexp"": {""OTHER_MEDS"": {""value"": "".*Am.*""}}}]}}}",There's an instance of values matching pattern '.*Am.*' Can you find all similar cases and summarize their results?,There's an instance of values matching pattern '.*Am.*' Can you find all similar cases and summarize their results?,"For data entries connected to My friend has other medications pattern .*Am.*. Can you find similar records and share their confirmation of recovery or not?, could there be previously unnoticed demographic or clinical correlations?",Our team uses custom filters to flag medication patterns like ‘Am’. Could you retrieve all matching records and share any notable outcomes or trends?
medium_r0083,medium,83,regexp,"{""query"": {""bool"": {""filter"": [{""regexp"": {""L_THREAT"": {""value"": "".*Y.*""}}}]}}}","After experiencing values matching pattern '.*Y.*', I wonder how many others had similar cases and what their outcomes were?","After experiencing values matching pattern '.*Y.*', I wonder how many others had similar cases and what their outcomes were?","Looking at instances involving I help a patient who had life threat pattern .*Y.*. Could you pull up similar cases and lengths of hospital stays?, what explanations might account for observed variations in clinical reporting?","Looking at records marked as life-threatenings, are there variations in how these cases are reported or differences in outcomes across demographics or facilities?"
medium_r0084,medium,84,regexp,"{""query"": {""bool"": {""filter"": [{""regexp"": {""OFC_VISIT"": {""value"": "".*Y.*""}}}]}}}",I've come across entries with values matching pattern '.*Y.*'. Can we see how frequently this occurs and any results?,My neighbor reported they come across entries with values matching pattern '.*Y.*'. Can we see how frequently this occurs and any results?,"For data entries connected to I analyzing entries with office visit record pattern .*Y.*. Please retrieve those records for deeper insights., could there be previously unnoticed demographic or clinical correlations?",My neighbor mentioned seeing a lot of office visits in recent reports. Could you tell us how common these are and what happened to those patient
medium_r0085,medium,85,regexp,"{""query"": {""bool"": {""filter"": [{""regexp"": {""L_THREAT"": {""value"": "".*Y.*""}}}]}}}","In reviewing cases where values matching pattern '.*Y.*', could you list the matching records and what happened next?","In reviewing cases where values matching pattern '.*Y.*', could you list the matching records and what happened next?","Looking at instances involving I help a patient who had life threat pattern .*Y.*. Could you pull up similar cases and lengths of hospital stays?, what explanations might account for observed variations in clinical reporting?","In going through records where life threats, can we see how many patients match this and what their recovery or complications were? Are there reporting differences we should consider?"
medium_r0086,medium,86,regexp,"{""query"": {""bool"": {""filter"": [{""regexp"": {""SYMPTOM_TEXT"": {""value"": "".*I .*""}}}]}}}",There's an instance of values matching pattern '.*I .*' Can you find all similar cases and summarize their results?,There's an instance of values matching pattern '.*I .*' Can you find all similar cases and summarize their results?,"Given the context involving My friend has description of patient pattern .*I .*. Can you find similar records and share their confirmation of recovery or not?, are there identifiable factors contributing to unexpected health outcomes in recent reports?",The team wants to see all cases where symptoms include the word ‘I’. Can you retrieve those and share what happened to those patients?
medium_r0087,medium,87,regexp,"{""query"": {""bool"": {""filter"": [{""regexp"": {""TODAYS_DATE"": {""value"": "".*09.*""}}}]}}}","Looking at reports of values matching pattern '.*09.*', could you show how many there are and what happened to those patients?","Looking at reports of values matching pattern '.*09.*', could you show how many there are and what happened to those patients?","Given the context involving I reporting on incidents of todays date pattern .*09.*. Can you provide examples and their key examination results?, are there identifiable factors contributing to unexpected health outcomes in recent reports?",There are entries where the report date includes ‘09’. Could you show how many of these cases exist and what happened to the patients involved?
medium_r0088,medium,88,regexp,"{""query"": {""bool"": {""filter"": [{""regexp"": {""HISTORY"": {""value"": "".*My.*""}}}]}}}",I found records with values matching pattern '.*My.*'. Please retrieve all matching cases and share their results?,Health records indicate cases where found records with values matching pattern '.*My.*'. Please retrieve all matching cases and share their results?,"In the context of analyzing My friend has medical history pattern .*My.*. Can you find similar records and share their confirmation of recovery or not?, could this reflect an underlying systematic issue within certain subgroups or treatments?",My relative’s records mention ‘My’ in their medical history. Could we see other cases like this and what their health results were? Could this indicate any broader health concerns?
medium_r0089,medium,89,regexp,"{""query"": {""bool"": {""filter"": [{""regexp"": {""ER_ED_VISIT"": {""value"": "".*Y.*""}}}]}}}","Seeing values matching pattern '.*Y.*' noted, could you pull up all such entries and show their outcomes?","Seeing values matching pattern '.*Y.*' noted, could you pull up all such entries and show their outcomes?","When considering records mentioning I cared for a patient with ER/ED record pattern .*Y.*. How often does this occur and what follow-up was noted?, have patterns emerged that might signal a procedural or documentation anomaly?","Records show several patients with emergency room/ emergency department visits. How frequently does this happen, and what are the typical follow-up results? Are there any unusual patterns in how these visits are documented?"
medium_r0090,medium,90,regexp,"{""query"": {""bool"": {""filter"": [{""regexp"": {""VAX_TYPE"": {""value"": "".*ME.*""}}}]}}}","Having seen values matching pattern '.*ME.*', I'm curious about similar records and their typical outcomes?","Having seen values matching pattern '.*ME.*', I'm curious about similar records and their typical outcomes?","In analyzing cases linked to As a physician seeing cases of current vaccine type pattern .*ME.*, how many patients match these criteria and what were their results?, is there any indication of systemic inconsistencies or categorization errors?",There are several patients who received vaccines labeled with ‘ME’. Can we look at their records to see how they fared afterward and if there are any notable patterns?
medium_r0091,medium,91,regexp,"{""query"": {""bool"": {""filter"": [{""regexp"": {""VAX_TYPE"": {""value"": "".*HP.*""}}}]}}}",I noticed values matching pattern '.*HP.*' in some reports; how common is this and what were the hospital stays or results?,We've received reports about patients who noticed values matching pattern '.*HP.*' in some reports; how common is this and what were the hospital stays or results?,"For data entries connected to I cared for a patient with current vaccine type pattern .*HP.*. How often does this occur and what follow-up was noted?, could there be previously unnoticed demographic or clinical correlations?","I’ve seen several cases where the vaccine type includes ‘HP’. How frequently does this happen, and what kind of hospital stays or recovery outcomes are reported?"
medium_r0092,medium,92,regexp,"{""query"": {""bool"": {""filter"": [{""regexp"": {""RECVDATE"": {""value"": "".*01.*""}}}]}}}","Having seen values matching pattern '.*01.*', I'm curious about similar records and their typical outcomes?","Having seen values matching pattern '.*01.*', I'm curious about similar records and their typical outcomes?","In analyzing cases linked to I cared for a patient with date received vaccine pattern .*01.*. How often does this occur and what follow-up was noted?, is there any indication of systemic inconsistencies or categorization errors?","When looking at vaccine records with received dates including ‘01’, how many cases show up, and what are the typical patient outcomes? Are there any data inconsistencies we should be aware of?"
medium_r0093,medium,93,regexp,"{""query"": {""bool"": {""filter"": [{""regexp"": {""VAX_NAME"": {""value"": "".*PN.*""}}}]}}}",I noticed values matching pattern '.*PN.*' in some reports; how common is this and what were the hospital stays or results?,My mother recently noticed values matching pattern '.*PN.*' in some reports; how common is this and what were the hospital stays or results?,"When considering records mentioning I cared for a patient with vax name pattern .*PN.*. How often does this occur and what follow-up was noted?, have patterns emerged that might signal a procedural or documentation anomaly?","I’ve cared for patients who received vaccines with names including ‘PN.’ How often do these cases show up, and what kind of follow-up care or results were recorded? Are there any patterns that might suggest a documentation issue?"
medium_r0094,medium,94,term + prefix,"{""query"": {""bool"": {""filter"": [{""term"": {""STATE"": {""value"": ""VI""}}}, {""prefix"": {""ONSET_DATE"": {""value"": ""07/""}}}]}}}",There's an instance of VI and values starting with '07/' Can you find all similar cases and summarize their results?,There's an instance of VI and values starting with '07/' Can you find all similar cases and summarize their results?,"Upon reviewing patient records referencing I'm reviewing medication cases exhibiting patient from = VI and onset date 07/. What outcomes are documented?, can we find a specific trend or anomaly that warrants deeper investigation?","While reviewing patient records, I noticed cases from the Virgin Islands where the illness started in July. What outcomes have been documented for these patients? Are there any trends or unusual findings we should look into?"
medium_r0095,medium,95,term + prefix,"{""query"": {""bool"": {""filter"": [{""term"": {""ONSET_DATE"": {""value"": ""11/23/2021""}}}, {""prefix"": {""VAX_ROUTE"": {""value"": ""IN""}}}]}}}","Having seen 11/23/2021 and values starting with 'IN', I'm curious about similar records and their typical outcomes?","Having seen 11/23/2021 and values starting with 'IN', I'm curious about similar records and their typical outcomes?","In analyzing cases linked to I experienced onset date = 11/23/2021 and vax route IN. Are there others like me and what were their outcomes?, is there any indication of systemic inconsistencies or categorization errors?","There are entries showing an onset date of 11/23/2021 and vaccine routes beginning with ‘IN’. How common are these, and what typically happened to those patients?"
medium_r0096,medium,96,term + prefix,"{""query"": {""bool"": {""filter"": [{""term"": {""RECOVD"": {""value"": ""Y""}}}, {""prefix"": {""STATE"": {""value"": ""AS""}}}]}}}","Seeing Y and values starting with 'AS' noted, could you pull up all such entries and show their outcomes?","Seeing Y and values starting with 'AS' noted, could you pull up all such entries and show their outcomes?","In the context of analyzing A family member showed recovery status = Y and patient from AS. Could you look up comparable cases and their follow-up?, could this reflect an underlying systematic issue within certain subgroups or treatments?","There are patients from states beginning with ‘AS’ who recovered. How many such cases are there, and what follow-up information is available?"
medium_r0097,medium,97,term + prefix,"{""query"": {""bool"": {""filter"": [{""term"": {""RECOVD"": {""value"": ""U""}}}, {""prefix"": {""HOSPITAL"": {""value"": ""Y""}}}]}}}","Looking at reports of U and values starting with 'Y', could you show how many there are and what happened to those patients?","Looking at reports of U and values starting with 'Y', could you show how many there are and what happened to those patients?","In reviewing events tied to A family member showed recovery status = U and hospital record Y. Could you look up comparable cases and their follow-up?, are there clear indications that suggest a broader systemic documentation challenge?","Looking at patients with unknown recovery status who were hospitalized, are there any patterns or documentation issues worth investigating?"
medium_r0098,medium,98,term + prefix,"{""query"": {""bool"": {""filter"": [{""term"": {""SEX"": {""value"": ""M""}}}, {""prefix"": {""OFC_VISIT"": {""value"": ""Y""}}}]}}}","Looking at reports of M and values starting with 'Y', could you show how many there are and what happened to those patients?","Looking at reports of M and values starting with 'Y', could you show how many there are and what happened to those patients?","In the context of analyzing As a physician seeing cases of sex of patient = M and office visit record Y, how many patients match these criteria and what were their results?, could this reflect an underlying systematic issue within certain subgroups or treatments?","I’m interested in cases involving male patients who had follow-up office visits. How frequent are these, and what were the results?"
medium_r0099,medium,99,term + prefix,"{""query"": {""bool"": {""filter"": [{""term"": {""CUR_ILL"": {""value"": ""None that I can think of at the moment""}}}, {""prefix"": {""OFC_VISIT"": {""value"": ""Y""}}}]}}}",I noticed None that I can think of at the moment and values starting with 'Y' in some reports; how common is this and what were the hospital stays or results?,My friend mentioned that they noticed None that I can think of at the moment and values starting with 'Y' in some reports; how common is this and what were the hospital stays or results?,"In the context of analyzing I cared for a patient with current illness = None that I can think of at the moment and office visit record Y. How often does this occur and what follow-up was noted?, could this reflect an underlying systematic issue within certain subgroups or treatments?","Patient services track appointment types monthly, noting those with office visits. Can you provide a summary of cases where the current illness is ‘None that I can think of at the moment’ and an office visit occurred?"
medium_r0100,medium,100,term + prefix,"{""query"": {""bool"": {""filter"": [{""term"": {""STATE"": {""value"": ""NM""}}}, {""prefix"": {""SYMPTOM_TEXT"": {""value"": ""Not""}}}]}}}",I noticed NM and values starting with 'Not' in some reports; how common is this and what were the hospital stays or results?,My friend mentioned that they noticed NM and values starting with 'Not' in some reports; how common is this and what were the hospital stays or results?,"In analyzing cases linked to I cared for a patient with patient from = NM and description of patient Not. How often does this occur and what follow-up was noted?, is there any indication of systemic inconsistencies or categorization errors?","A friend mentioned seeing records from New Mexico with symptom texts starting with ‘Not.’ How frequently do these occur, and what follow-up results were recorded?"
medium_r0101,medium,101,term + prefix,"{""query"": {""bool"": {""filter"": [{""term"": {""V_ADMINBY"": {""value"": ""OTH""}}}, {""prefix"": {""SYMPTOM_TEXT"": {""value"": ""I r""}}}]}}}",I noticed OTH and values starting with 'I r' in some reports; how common is this and what were the hospital stays or results?,One of my colleagues encountered a patient who noticed OTH and values starting with 'I r' in some reports; how common is this and what were the hospital stays or results?,"Considering the records associated with As a physician seeing cases of v adminby = OTH and description of patient I r, how many patients match these criteria and what were their results?, might we detect patterns indicating previously unreported clinical phenomena?","A colleague mentioned a patient with vaccine administration marked ‘OTH’ and symptoms beginning with ‘I r.’ How often does this combination appear, and what follow-up results were recorded?"
medium_r0102,medium,102,term + prefix,"{""query"": {""bool"": {""filter"": [{""term"": {""TODAYS_DATE"": {""value"": ""07/07/2023""}}}, {""prefix"": {""RECVDATE"": {""value"": ""07/""}}}]}}}",There's an instance of 07/07/2023 and values starting with '07/' Can you find all similar cases and summarize their results?,There's an instance of 07/07/2023 and values starting with '07/' Can you find all similar cases and summarize their results?,"For data entries connected to I experienced todays date = 07/07/2023 and date received vaccine 07/. Are there others like me and what were their outcomes?, could there be previously unnoticed demographic or clinical correlations?","Reviewing cases with today’s date as 07/07/2023 and vaccine received dates in July, are there others like this? What outcomes were recorded, and do any demographic or clinical patterns stand out?"
medium_r0103,medium,103,term + prefix,"{""query"": {""bool"": {""filter"": [{""term"": {""SPLTTYPE"": {""value"": ""USPFIZER INC202300306802""}}}, {""prefix"": {""ONSET_DATE"": {""value"": ""02/""}}}]}}}","Looking at reports of USPFIZER INC202300306802 and values starting with '02/', could you show how many there are and what happened to those patients?","Looking at reports of USPFIZER INC202300306802 and values starting with '02/', could you show how many there are and what happened to those patients?","When considering records mentioning I help a patient who had splttype = USPFIZER INC202300306802 and onset date 02/. Could you pull up similar cases and lengths of hospital stays?, have patterns emerged that might signal a procedural or documentation anomaly?","Looking into reports tied to the vaccine batch ‘USPFIZER INC202300306802’ with onset dates in February, how many cases are there and what were the outcomes?"
medium_r0104,medium,104,term + prefix,"{""query"": {""bool"": {""filter"": [{""term"": {""VAX_LOT"": {""value"": ""056A22A""}}}, {""prefix"": {""RECVDATE"": {""value"": ""06/""}}}]}}}",I've come across entries with 056A22A and values starting with '06/'. Can we see how frequently this occurs and any results?,The medical center has documented patients that come across entries with 056A22A and values starting with '06/'. Can we see how frequently this occurs and any results?,"Upon reviewing patient records referencing I help a patient who had vaccine lot number = 056A22A and date received vaccine 06/. Could you pull up similar cases and lengths of hospital stays?, can we find a specific trend or anomaly that warrants deeper investigation?","While reviewing patient data, I saw several with vaccine lot 056A22A and received date in June. Could you find similar cases and summarize their hospital stays or follow-up?"
medium_r0105,medium,105,term + prefix,"{""query"": {""bool"": {""filter"": [{""term"": {""HOSPITAL"": {""value"": ""Y""}}}, {""prefix"": {""ONSET_DATE"": {""value"": ""09/""}}}]}}}","Seeing Y and values starting with '09/' noted, could you pull up all such entries and show their outcomes?","Seeing Y and values starting with '09/' noted, could you pull up all such entries and show their outcomes?","Given the context involving My friend has hospital record = Y and onset date 09/. Can you find similar records and share their confirmation of recovery or not?, are there identifiable factors contributing to unexpected health outcomes in recent reports?",A friend’s record shows hospital admission with onset date in September. Can you find similar cases and whether they recovered or not? Are there any patterns explaining unexpected outcomes?
medium_r0106,medium,106,term + prefix,"{""query"": {""bool"": {""filter"": [{""term"": {""RECVDATE"": {""value"": ""04/19/2023""}}}, {""prefix"": {""OFC_VISIT"": {""value"": ""Y""}}}]}}}",I've come across entries with 04/19/2023 and values starting with 'Y'. Can we see how frequently this occurs and any results?,My neighbor reported they come across entries with 04/19/2023 and values starting with 'Y'. Can we see how frequently this occurs and any results?,"Given the context involving I tracking occurrences of date received vaccine = 04/19/2023 and office visit record Y. Please map their distribution and counts by state., are there identifiable factors contributing to unexpected health outcomes in recent reports?",The clinic tracks follow-up office visits and flags them accordingly. Could you pull up all records with office visits on 04/19/2023 and summarize the results?
medium_r0107,medium,107,term + prefix,"{""query"": {""bool"": {""filter"": [{""term"": {""VAX_NAME"": {""value"": ""DT ADSORBED (NO BRAND NAME)""}}}, {""prefix"": {""SEX"": {""value"": ""M""}}}]}}}",I noticed DT ADSORBED (NO BRAND NAME) and values starting with 'M' in some reports; how common is this and what were the hospital stays or results?,One of my colleagues encountered a patient who noticed DT ADSORBED (NO BRAND NAME) and values starting with 'M' in some reports; how common is this and what were the hospital stays or results?,"In analyzing cases linked to My friend has vax name = DT ADSORBED (NO BRAND NAME) and sex of patient M. Can you find similar records and share their confirmation of recovery or not?, is there any indication of systemic inconsistencies or categorization errors?","Looking into cases where the vaccine is ‘DT ADSORBED (NO BRAND NAME)’ and the patient is male, can you share recovery rates and if there are any signs of inconsistencies or errors in reporting?"
medium_r0108,medium,108,term + prefix,"{""query"": {""bool"": {""filter"": [{""term"": {""ER_VISIT"": {""value"": ""Y""}}}, {""prefix"": {""DIED"": {""value"": ""Y""}}}]}}}","Looking at reports of Y and values starting with 'Y', could you show how many there are and what happened to those patients?","Looking at reports of Y and values starting with 'Y', could you show how many there are and what happened to those patients?","Considering the records associated with I analyzing entries with ER record = Y and died after treatment Y. Please retrieve those records for deeper insights., might we detect patterns indicating previously unreported clinical phenomena?",Quality teams track ER referrals quarterly. How many records indicate a patient visited the emergency room and subsequently died?
medium_r0109,medium,109,term + prefix,"{""query"": {""bool"": {""filter"": [{""term"": {""RECOVD"": {""value"": ""N""}}}, {""prefix"": {""RECOVD"": {""value"": ""Y""}}}]}}}","Having seen N and values starting with 'Y', I'm curious about similar records and their typical outcomes?","Having seen N and values starting with 'Y', I'm curious about similar records and their typical outcomes?","For data entries connected to I'm reviewing medication cases exhibiting recovery status = N and recovery status Y. What outcomes are documented?, could there be previously unnoticed demographic or clinical correlations?","I want to find all records where the recovery status is either not recovered or starts with ‘Y’.  Then, could you help me compare their outcomes to see if there are any patterns or differences?"
medium_r0110,medium,110,term + prefix,"{""query"": {""bool"": {""filter"": [{""term"": {""ER_ED_VISIT"": {""value"": ""Y""}}}, {""prefix"": {""DISABLE"": {""value"": ""Y""}}}]}}}","After experiencing Y and values starting with 'Y', I wonder how many others had similar cases and what their outcomes were?","After experiencing Y and values starting with 'Y', I wonder how many others had similar cases and what their outcomes were?","Looking at instances involving I analyzing entries with ER/ED record = Y and disability status Y. Please retrieve those records for deeper insights., what explanations might account for observed variations in clinical reporting?","“I’m looking into cases where patients had an emergency room/ department visit and were also recorded as having a disability. How many such cases are there, and what were their outcomes? Are there any patterns or explanations for differences in the reported results?”"
medium_r0111,medium,111,term + prefix,"{""query"": {""bool"": {""filter"": [{""term"": {""VAX_ROUTE"": {""value"": ""SC""}}}, {""prefix"": {""OFC_VISIT"": {""value"": ""Y""}}}]}}}","Having seen SC and values starting with 'Y', I'm curious about similar records and their typical outcomes?","Having seen SC and values starting with 'Y', I'm curious about similar records and their typical outcomes?","With cases related to I tracking occurrences of vax route = SC and office visit record Y. Please map their distribution and counts by state., have there been identifiable differences across facilities or patient demographics?","I’m looking into cases where the vaccine was given subcutaneously and there was a recorded office visit afterward. How common are these cases, and what were the typical outcomes? Are there any noticeable differences based on location or patient groups?"
medium_r0112,medium,112,term + prefix,"{""query"": {""bool"": {""filter"": [{""term"": {""ER_ED_VISIT"": {""value"": ""Y""}}}, {""prefix"": {""VAX_TYPE"": {""value"": ""DTA""}}}]}}}","After experiencing Y and values starting with 'DTA', I wonder how many others had similar cases and what their outcomes were?","After experiencing Y and values starting with 'DTA', I wonder how many others had similar cases and what their outcomes were?","In analyzing cases linked to I reporting on incidents of ER/ED record = Y and current vaccine type DTA. Can you provide examples and their key examination results?, is there any indication of systemic inconsistencies or categorization errors?","I’m reviewing cases where patients visited the emergency room and received a vaccine starting with ‘DTA’. How common are these cases, and what were their outcomes? Are there any signs of inconsistencies or errors in how these cases were recorded?"
medium_r0113,medium,113,term + prefix,"{""query"": {""bool"": {""filter"": [{""term"": {""ER_VISIT"": {""value"": ""Y""}}}, {""prefix"": {""HISTORY"": {""value"": ""Hyp""}}}]}}}",There's an instance of Y and values starting with 'Hyp' Can you find all similar cases and summarize their results?,There's an instance of Y and values starting with 'Hyp' Can you find all similar cases and summarize their results?,"In the context of analyzing My friend has ER record = Y and medical history Hyp. Can you find similar records and share their confirmation of recovery or not?, could this reflect an underlying systematic issue within certain subgroups or treatments?","I  found some cases where patients had an emergency room visit and their medical history starts with ‘Hyp’. Could you find all similar cases and summarize their outcomes? Also, do these patterns suggest any underlying issues within certain patient groups or treatments?"
medium_r0114,medium,114,term + range,"{""query"": {""bool"": {""filter"": [{""term"": {""DISABLE"": {""value"": ""Y""}}}, {""range"": {""CAGE_MO"": {""gte"": 0.0, ""lte"": 0.1}}}]}}}","After experiencing Y and values between 0.0 and 0.1, I wonder how many others had similar cases and what their outcomes were?","After experiencing Y and values between 0.0 and 0.1, I wonder how many others had similar cases and what their outcomes were?","Considering the records associated with I cared for a patient with disability status = Y and cage mo between 0.0 and 0.1. How often does this occur and what follow-up was noted?, might we detect patterns indicating previously unreported clinical phenomena?","I’m interested in cases where a patient developed a disability shortly after vaccination, specifically those who were very young, around 0 to 0.1 months old at the time. How common are such cases, and what were their health outcomes? Are there any notable patterns or trends that emerge from these early-age disability reports?"
medium_r0115,medium,115,term + range,"{""query"": {""bool"": {""filter"": [{""term"": {""STATE"": {""value"": ""GA""}}}, {""range"": {""VAERS_ID"": {""gte"": 0.0, ""lte"": 13401.1}}}]}}}",I found records with GA and values between 0.0 and 13401.1. Please retrieve all matching cases and share their results?,My mother recently found records with GA and values between 0.0 and 13401.1. Please retrieve all matching cases and share their results?,"In analyzing cases linked to I experienced patient from = GA and ID of patient between 0.0 and 13401.1. Are there others like me and what were their outcomes?, is there any indication of systemic inconsistencies or categorization errors?","I found patient records from Georgia with ID numbers ranging from 0 to about 13,401. Could you gather all these cases and summarize what happened to them? Are there any patterns or issues that stand out in their outcomes?"
medium_r0116,medium,116,term + range,"{""query"": {""bool"": {""filter"": [{""term"": {""SYMPTOM_TEXT"": {""value"": ""Vaccines given to patient and instructed to wait in clinic 15 min prior to leaving, walked outside and came back in door and stated to provider that he was itching, noted swelling to lips, all over body hives, flushed appearance, given tow doses of Benadryl by provider totaling 50mg, given Solu-Medrol 125mg, sat in clinic until symptoms resolved and all hives gone and no itching released at 1425.""}}}, {""range"": {""VAERS_ID"": {""gte"": 0.0, ""lte"": 13401.1}}}]}}}","Having seen Vaccines given to patient and instructed to wait in clinic 15 min prior to leaving, walked outside and came back in door and stated to provider that he was itching, noted swelling to lips, all over body hives, flushed appearance, given tow doses of Benadryl by provider totaling 50mg, given Solu-Medrol 125mg, sat in clinic until symptoms resolved and all hives gone and no itching released at 1425. and values between 0.0 and 13401.1, I'm curious about similar records and their typical outcomes?","Having seen Vaccines given to patient and instructed to wait in clinic 15 min prior to leaving, walked outside and came back in door and stated to provider that he was itching, noted swelling to lips, all over body hives, flushed appearance, given tow doses of Benadryl by provider totaling 50mg, given Solu-Medrol 125mg, sat in clinic until symptoms resolved and all hives gone and no itching released at 1425. and values between 0.0 and 13401.1, I'm curious about similar records and their typical outcomes?","Given the context involving As a physician seeing cases of description of patient = Vaccines given to patient and instructed to wait in clinic 15 min prior to leaving, walked outside and came back in door and stated to provider that he was itching, noted swelling to lips, all over body hives, flushed appearance, given tow doses of Benadryl by provider totaling 50mg, given Solu-Medrol 125mg, sat in clinic until symptoms resolved and all hives gone and no itching released at 1425. and ID of patient between 0.0 and 13401.1, how many patients match these criteria and what were their results?, are there identifiable factors contributing to unexpected health outcomes in recent reports?","As a physician reviewing cases where patients were given vaccines and instructed to wait in the clinic for 15 minutes, but then walked outside and returned reporting symptoms such as itching, swelling of the lips, widespread hives across the body, and flushed appearance who were treated with two doses of Benadryl totaling 50 mg and 125 mg of Solu-Medrol, and remained in the clinic until all symptoms resolved with hives gone and no itching, and were subsequently released around 2:25 PM, how many similar cases exist among patients with IDs between 0 and 13,401? What were the documented outcomes for these patients? Additionally, are there any identifiable patterns or factors that could explain these unexpected or severe allergic reactions?"
medium_r0117,medium,117,term + range,"{""query"": {""bool"": {""filter"": [{""term"": {""VAX_ROUTE"": {""value"": ""SYR""}}}, {""range"": {""AGE_YRS"": {""gte"": 0.08, ""lte"": 10.272}}}]}}}","Having seen SYR and values between 0.08 and 10.272, I'm curious about similar records and their typical outcomes?","Having seen SYR and values between 0.08 and 10.272, I'm curious about similar records and their typical outcomes?","In reviewing events tied to I cared for a patient with vax route = SYR and age of patient between 0.08 and 10.272. How often does this occur and what follow-up was noted?, are there clear indications that suggest a broader systemic documentation challenge?","I’m reviewing cases involving patients aged between about 1 month and 10 years who received vaccines administered via syringe. How frequently do such cases occur, and what were the typical follow-up outcomes? Are there any patterns or documentation issues that suggest broader systemic challenges in managing or reporting these cases?"
medium_r0118,medium,118,term + range,"{""query"": {""bool"": {""filter"": [{""term"": {""VAX_ROUTE"": {""value"": ""IM""}}}, {""range"": {""HOSPDAYS"": {""gte"": 1.0, ""lte"": 1112.0}}}]}}}",I found records with IM and values between 1.0 and 1112.0. Please retrieve all matching cases and share their results?,Someone I know found records with IM and values between 1.0 and 1112.0. Please retrieve all matching cases and share their results?,"With cases related to I help a patient who had vax route = IM and days in hospital between 1.0 and 1112.0. Could you pull up similar cases and lengths of hospital stays?, have there been identifiable differences across facilities or patient demographics?",I found cases where patients received vaccines via intramuscular injection and had hospital stays ranging from 1 to over 1000 days. Could you gather all similar records and summarize their outcomes? Are there noticeable differences in hospital stay lengths based on facility type or patient demographics?
medium_r0119,medium,119,term + range,"{""query"": {""bool"": {""filter"": [{""term"": {""VAX_ROUTE"": {""value"": ""JET""}}}, {""range"": {""AGE_YRS"": {""gte"": 0.08, ""lte"": 10.272}}}]}}}","After experiencing JET and values between 0.08 and 10.272, I wonder how many others had similar cases and what their outcomes were?","After experiencing JET and values between 0.08 and 10.272, I wonder how many others had similar cases and what their outcomes were?","Upon reviewing patient records referencing I analyzing entries with vax route = JET and age of patient between 0.08 and 10.272. Please retrieve those records for deeper insights., can we find a specific trend or anomaly that warrants deeper investigation?",I’m reviewing cases where vaccines were administered via jet injection to patients aged roughly between one month and ten years old. Could you find similar cases and summarize their outcomes? Are there any noticeable patterns or unusual findings that deserve further investigation?
medium_r0120,medium,120,term + range,"{""query"": {""bool"": {""filter"": [{""term"": {""CUR_ILL"": {""value"": ""Diabetes Mellitus Type I Thyroid Nodules""}}}, {""range"": {""AGE_YRS"": {""gte"": 0.08, ""lte"": 10.272}}}]}}}",I've come across entries with Diabetes Mellitus Type I Thyroid Nodules and values between 0.08 and 10.272. Can we see how frequently this occurs and any results?,My friend mentioned that they come across entries with Diabetes Mellitus Type I Thyroid Nodules and values between 0.08 and 10.272. Can we see how frequently this occurs and any results?,"Given the context involving A family member showed current illness = Diabetes Mellitus Type I Thyroid Nodules and age of patient between 0.08 and 10.272. Could you look up comparable cases and their follow-up?, are there identifiable factors contributing to unexpected health outcomes in recent reports?",I’ve seen cases where patients between about one month and ten years old have both Diabetes Mellitus Type I and Thyroid Nodules. Could you find similar cases and share how often this occurs and what the outcomes were? Are there any noticeable factors that might explain unexpected health results in these patients?
medium_r0121,medium,121,term + range,"{""query"": {""bool"": {""filter"": [{""term"": {""HOSPITAL"": {""value"": ""Y""}}}, {""range"": {""CAGE_MO"": {""gte"": 0.0, ""lte"": 0.1}}}]}}}","Looking at reports of Y and values between 0.0 and 0.1, could you show how many there are and what happened to those patients?","Looking at reports of Y and values between 0.0 and 0.1, could you show how many there are and what happened to those patients?","Upon reviewing patient records referencing I experienced hospital record = Y and cage mo between 0.0 and 0.1. Are there others like me and what were their outcomes?, can we find a specific trend or anomaly that warrants deeper investigation?","I’ve come across cases where patients were hospitalized and their age in months is between 0.0 and 0.1, that is essentially newborns. Could you find all similar cases, share how many there are, and what their outcomes were? Are there any noticeable patterns or anomalies that might need further investigation?"
medium_r0122,medium,122,term + range,"{""query"": {""bool"": {""filter"": [{""term"": {""RECVDATE"": {""value"": ""04/02/2023""}}}, {""range"": {""FORM_VERS"": {""gte"": 1.0, ""lte"": 1.1}}}]}}}","Having seen 04/02/2023 and values between 1.0 and 1.1, I'm curious about similar records and their typical outcomes?","Having seen 04/02/2023 and values between 1.0 and 1.1, I'm curious about similar records and their typical outcomes?","In the context of analyzing A family member showed date received vaccine = 04/02/2023 and form vers between 1.0 and 1.1. Could you look up comparable cases and their follow-up?, could this reflect an underlying systematic issue within certain subgroups or treatments?","I’ve noticed cases where the vaccine was received on April 2, 2023, and the form version falls between 1.0 and 1.1. Could you find similar records, share how many there are, and describe the typical outcomes? Also, are there any patterns or issues within specific groups that might explain these results?"
medium_r0123,medium,123,term + range,"{""query"": {""bool"": {""filter"": [{""term"": {""V_FUNDBY"": {""value"": ""OTH""}}}, {""range"": {""AGE_YRS"": {""gte"": 0.08, ""lte"": 10.272}}}]}}}","When records show OTH and values between 0.08 and 10.272, what do others report as their follow-up outcomes?","When records show OTH and values between 0.08 and 10.272, what do others report as their follow-up outcomes?","Considering the records associated with I analyzing entries with v fundby = OTH and age of patient between 0.08 and 10.272. Please retrieve those records for deeper insights., might we detect patterns indicating previously unreported clinical phenomena?","When vaccine funding source is marked as “Other” and the patient’s age is between about 0.08 and 10.27 years, what are the reported follow-up outcomes? Could you find similar cases and share insights on their results? Are there any emerging patterns that might indicate previously unnoticed clinical trends?"
medium_r0124,medium,124,term + range,"{""query"": {""bool"": {""filter"": [{""term"": {""OTHER_MEDS"": {""value"": ""Losartan potassium; hydrochlorothiazide; PREMARIN vaginal cream; RESTASIS; MACUHEALTH; CENTRUM vitamin; super B complex; fish oil omega 3; calcium with D; OPIFIBER""}}}, {""range"": {""FORM_VERS"": {""gte"": 1.0, ""lte"": 1.1}}}]}}}",I've come across entries with Losartan potassium; hydrochlorothiazide; PREMARIN vaginal cream; RESTASIS; MACUHEALTH; CENTRUM vitamin; super B complex; fish oil omega 3; calcium with D; OPIFIBER and values between 1.0 and 1.1. Can we see how frequently this occurs and any results?,We've received reports about patients who come across entries with Losartan potassium; hydrochlorothiazide; PREMARIN vaginal cream; RESTASIS; MACUHEALTH; CENTRUM vitamin; super B complex; fish oil omega 3; calcium with D; OPIFIBER and values between 1.0 and 1.1. Can we see how frequently this occurs and any results?,"With cases related to I'm reviewing medication cases exhibiting other medications = Losartan potassium; hydrochlorothiazide; PREMARIN vaginal cream; RESTASIS; MACUHEALTH; CENTRUM vitamin; super B complex; fish oil omega 3; calcium with D; OPIFIBER and form vers between 1.0 and 1.1. What outcomes are documented?, have there been identifiable differences across facilities or patient demographics?","I’ve come across cases where patients were taking medications including Losartan potassium, hydrochlorothiazide, PREMARIN vaginal cream, RESTASIS, MACUHEALTH, CENTRUM vitamins, super B complex, fish oil omega-3, calcium with D, and OPIFIBER, with form versions between 1.0 and 1.1. How common are these cases, and what outcomes have been reported? Are there any notable differences in results across facilities or patient groups?"
medium_r0125,medium,125,term + range,"{""query"": {""bool"": {""filter"": [{""term"": {""RECOVD"": {""value"": ""N""}}}, {""range"": {""CAGE_MO"": {""gte"": 0.0, ""lte"": 0.1}}}]}}}","Seeing N and values between 0.0 and 0.1 noted, could you pull up all such entries and show their outcomes?","Seeing N and values between 0.0 and 0.1 noted, could you pull up all such entries and show their outcomes?","In analyzing cases linked to I cared for a patient with recovery status = N and cage mo between 0.0 and 0.1. How often does this occur and what follow-up was noted?, is there any indication of systemic inconsistencies or categorization errors?","I noticed cases where patients did not recover and had a certain age range between newborn to a little over a month old. How frequently do such cases occur, and what follow-up outcomes were reported? Are there any signs of systematic inconsistencies or errors in how these cases were recorded?"
medium_r0126,medium,126,term + range,"{""query"": {""bool"": {""filter"": [{""term"": {""VAX_DATE"": {""value"": ""09/25/2021""}}}, {""range"": {""HOSPDAYS"": {""gte"": 1.0, ""lte"": 1112.0}}}]}}}","Having seen 09/25/2021 and values between 1.0 and 1112.0, I'm curious about similar records and their typical outcomes?","Having seen 09/25/2021 and values between 1.0 and 1112.0, I'm curious about similar records and their typical outcomes?","In the context of analyzing I analyzing entries with vaccine date = 09/25/2021 and days in hospital between 1.0 and 1112.0. Please retrieve those records for deeper insights., could this reflect an underlying systematic issue within certain subgroups or treatments?","I’ve come across records where the vaccination date is September 25, 2021, and hospital stays range from 1 to 1112 days. How often do similar cases appear, and what were their outcomes? Could there be any underlying patterns or issues affecting certain groups or treatments?"
medium_r0127,medium,127,term + range,"{""query"": {""bool"": {""filter"": [{""term"": {""VAX_NAME"": {""value"": ""INFLUENZA (SEASONAL) (FLUAD)""}}}, {""range"": {""AGE_YRS"": {""gte"": 0.08, ""lte"": 10.272}}}]}}}",I found records with INFLUENZA (SEASONAL) (FLUAD) and values between 0.08 and 10.272. Please retrieve all matching cases and share their results?,Hospital records show individuals who found records with INFLUENZA (SEASONAL) (FLUAD) and values between 0.08 and 10.272. Please retrieve all matching cases and share their results?,"In the context of analyzing As a physician seeing cases of vax name = INFLUENZA (SEASONAL) (FLUAD) and age of patient between 0.08 and 10.272, how many patients match these criteria and what were their results?, could this reflect an underlying systematic issue within certain subgroups or treatments?","I found records involving the seasonal influenza vaccine (FLUAD) administered to patients aged between about 1 month and 10 years old. How frequently do similar cases occur, and what were the outcomes for these patients? Are there any patterns or concerns related to specific age groups or treatment effects?"
medium_r0128,medium,128,term + range,"{""query"": {""bool"": {""filter"": [{""term"": {""DIED"": {""value"": ""Y""}}}, {""range"": {""VAERS_ID"": {""gte"": 0.0, ""lte"": 13401.1}}}]}}}",There's an instance of Y and values between 0.0 and 13401.1 Can you find all similar cases and summarize their results?,There's an instance of Y and values between 0.0 and 13401.1 Can you find all similar cases and summarize their results?,"For data entries connected to As a physician seeing cases of died after treatment = Y and ID of patient between 0.0 and 13401.1, how many patients match these criteria and what were their results?, could there be previously unnoticed demographic or clinical correlations?","I’ve identified cases where patients died after treatment, with patient IDs ranging from 0 to about 13,401. How many similar cases are there, and what details are available about their outcomes? Are there any underlying demographic or clinical factors that might explain these deaths or reveal systemic trends?"
medium_r0129,medium,129,term + range,"{""query"": {""bool"": {""filter"": [{""term"": {""VAX_DATE"": {""value"": ""10/10/2023""}}}, {""range"": {""NUMDAYS"": {""gte"": 0.0, ""lte"": 3706.5}}}]}}}","In reviewing cases where 10/10/2023 and values between 0.0 and 3706.5, could you list the matching records and what happened next?","In reviewing cases where 10/10/2023 and values between 0.0 and 3706.5, could you list the matching records and what happened next?","When considering records mentioning My friend has vaccine date = 10/10/2023 and numdays between 0.0 and 3706.5. Can you find similar records and share their confirmation of recovery or not?, have patterns emerged that might signal a procedural or documentation anomaly?","I’m reviewing cases where the vaccination date was October 10, 2023, and the number of days reported ranges from 0 to about 3706.5. Could you provide the matching records and summarize what happened afterward? Are there any notable trends or patterns in recovery or outcomes that might indicate procedural or documentation issues?"
medium_r0130,medium,130,term + wildcard,"{""query"": {""bool"": {""filter"": [{""term"": {""RECVDATE"": {""value"": ""07/05/2023""}}}, {""wildcard"": {""VAX_MANU"": {""value"": ""*BA*""}}}]}}}","Looking at reports of 07/05/2023 and values matching '*BA*', could you show how many there are and what happened to those patients?","Looking at reports of 07/05/2023 and values matching '*BA*', could you show how many there are and what happened to those patients?","Given the context involving I help a patient who had date received vaccine = 07/05/2023 and vaccine manufacturer matching *BA*. Could you pull up similar cases and lengths of hospital stays?, are there identifiable factors contributing to unexpected health outcomes in recent reports?","I’m reviewing cases where the vaccine was received on July 5, 2023, and the vaccine manufacturer’s name includes the letters “BA.” Could you find all similar records and summarize how many there are and what happened to those patients? Specifically, I’m interested in their hospital stay durations and any notable patterns or unexpected outcomes that might suggest underlying issues."
medium_r0131,medium,131,term + wildcard,"{""query"": {""bool"": {""filter"": [{""term"": {""VAX_NAME"": {""value"": ""ZOSTER (SHINGRIX)""}}}, {""wildcard"": {""OTHER_MEDS"": {""value"": ""*CR*""}}}]}}}",There's an instance of ZOSTER (SHINGRIX) and values matching '*CR*' Can you find all similar cases and summarize their results?,There's an instance of ZOSTER (SHINGRIX) and values matching '*CR*' Can you find all similar cases and summarize their results?,"For data entries connected to I tracking occurrences of vax name = ZOSTER (SHINGRIX) and other medications matching *CR*. Please map their distribution and counts by state., could there be previously unnoticed demographic or clinical correlations?","I’m reviewing cases where the vaccine given was ZOSTER (SHINGRIX) and the patient’s other medications include any that contain the letters “CR.” Could you find all such cases, summarize how many there are, and share the outcomes? Also, if possible, please provide insights on their"
medium_r0132,medium,132,term + wildcard,"{""query"": {""bool"": {""filter"": [{""term"": {""STATE"": {""value"": ""OH""}}}, {""wildcard"": {""DISABLE"": {""value"": ""*Y*""}}}]}}}","Having seen OH and values matching '*Y*', I'm curious about similar records and their typical outcomes?","Having seen OH and values matching '*Y*', I'm curious about similar records and their typical outcomes?","For data entries connected to My friend has patient from = OH and disability status matching *Y*. Can you find similar records and share their confirmation of recovery or not?, could there be previously unnoticed demographic or clinical correlations?","I’ve noticed cases from Ohio where patients have a disability status marked with a ‘Yes' or similar. Could you find all records like these, summarize how often they occur, and what the typical outcomes were? Also, are there any patterns or trends in recovery or other clinical details that stand out?"
medium_r0133,medium,133,term + wildcard,"{""query"": {""bool"": {""filter"": [{""term"": {""V_ADMINBY"": {""value"": ""MIL""}}}, {""wildcard"": {""HOSPITAL"": {""value"": ""*Y*""}}}]}}}","After experiencing MIL and values matching '*Y*', I wonder how many others had similar cases and what their outcomes were?","After experiencing MIL and values matching '*Y*', I wonder how many others had similar cases and what their outcomes were?","In the context of analyzing I help a patient who had v adminby = MIL and hospital record matching *Y*. Could you pull up similar cases and lengths of hospital stays?, could this reflect an underlying systematic issue within certain subgroups or treatments?","I’ve come across cases where the vaccine was administered by the military, and the hospital records indicate a positive hospitalization status. How many such cases are there, what were the typical outcomes, and do any patterns suggest possible issues within certain groups or treatments?"
medium_r0134,medium,134,term + wildcard,"{""query"": {""bool"": {""filter"": [{""term"": {""VAX_TYPE"": {""value"": ""VARZOS""}}}, {""wildcard"": {""LAB_DATA"": {""value"": ""*po*""}}}]}}}",I've come across entries with VARZOS and values matching '*po*'. Can we see how frequently this occurs and any results?,The medical center has documented patients that come across entries with VARZOS and values matching '*po*'. Can we see how frequently this occurs and any results?,"In reviewing events tied to A family member showed current vaccine type = VARZOS and examination results matching *po*. Could you look up comparable cases and their follow-up?, are there clear indications that suggest a broader systemic documentation challenge?","I’ve noticed records involving the VARZOS vaccine where lab data contains values matching “po”. How often does this occur, what were the patients’ outcomes, and could there be any broader issues with how this data is documented?"
medium_r0135,medium,135,term + wildcard,"{""query"": {""bool"": {""filter"": [{""term"": {""CUR_ILL"": {""value"": ""controlled high blood presssure, controlled hypothyroid""}}}, {""wildcard"": {""VAX_MANU"": {""value"": ""*GL*""}}}]}}}","Looking at reports of controlled high blood presssure, controlled hypothyroid and values matching '*GL*', could you show how many there are and what happened to those patients?","Looking at reports of controlled high blood presssure, controlled hypothyroid and values matching '*GL*', could you show how many there are and what happened to those patients?","Upon reviewing patient records referencing I analyzing entries with current illness = controlled high blood presssure, controlled hypothyroid and vaccine manufacturer matching *GL*. Please retrieve those records for deeper insights., can we find a specific trend or anomaly that warrants deeper investigation?","I’ve found records involving patients with controlled high blood pressure and controlled hypothyroidism where the vaccine manufacturer’s name includes “GL.” How many such cases are there, what were their outcomes, and do any trends or unusual patterns stand out that might deserve further investigation?"
medium_r0136,medium,136,term + wildcard,"{""query"": {""bool"": {""filter"": [{""term"": {""VAX_DOSE_SERIES"": {""value"": ""2""}}}, {""wildcard"": {""L_THREAT"": {""value"": ""*Y*""}}}]}}}","Having seen 2 and values matching '*Y*', I'm curious about similar records and their typical outcomes?","Having seen 2 and values matching '*Y*', I'm curious about similar records and their typical outcomes?","For data entries connected to I experienced vaccine dose series = 2 and life threat matching *Y*. Are there others like me and what were their outcomes?, could there be previously unnoticed demographic or clinical correlations?","I’ve come across cases where patients received the second dose of a vaccine and experienced a life-threatening reaction. How common are these cases, what were their outcomes, and do any patterns or correlations stand out that might need further investigation?"
medium_r0137,medium,137,term + wildcard,"{""query"": {""bool"": {""filter"": [{""term"": {""SEX"": {""value"": ""F""}}}, {""wildcard"": {""VAX_DATE"": {""value"": ""*05*""}}}]}}}","Seeing F and values matching '*05*' noted, could you pull up all such entries and show their outcomes?","Seeing F and values matching '*05*' noted, could you pull up all such entries and show their outcomes?","When considering records mentioning As a physician seeing cases of sex of patient = F and vaccine date matching *05*, how many patients match these criteria and what were their results?, have patterns emerged that might signal a procedural or documentation anomaly?",I’ve noticed records of female patients with vaccination dates in May. Could you pull up all such cases and summarize their outcomes? Are there any patterns or unusual trends that might suggest issues in reporting or procedures?
medium_r0138,medium,138,term + wildcard,"{""query"": {""bool"": {""filter"": [{""term"": {""SEX"": {""value"": ""M""}}}, {""wildcard"": {""OTHER_MEDS"": {""value"": ""*Le*""}}}]}}}","Looking at reports of M and values matching '*Le*', could you show how many there are and what happened to those patients?","Looking at reports of M and values matching '*Le*', could you show how many there are and what happened to those patients?","With cases related to I'm reviewing medication cases exhibiting sex of patient = M and other medications matching *Le*. What outcomes are documented?, have there been identifiable differences across facilities or patient demographics?",I’m reviewing cases involving male patients who were taking medications with names containing “Le.” Could you share how frequently this occurs and what the typical outcomes have been? Are there any noticeable differences across locations or patient groups?
medium_r0139,medium,139,term + wildcard,"{""query"": {""bool"": {""filter"": [{""term"": {""OFC_VISIT"": {""value"": ""Y""}}}, {""wildcard"": {""ONSET_DATE"": {""value"": ""*05*""}}}]}}}",There's an instance of Y and values matching '*05*' Can you find all similar cases and summarize their results?,There's an instance of Y and values matching '*05*' Can you find all similar cases and summarize their results?,"Considering the records associated with I reporting on incidents of office visit record = Y and onset date matching *05*. Can you provide examples and their key examination results?, might we detect patterns indicating previously unreported clinical phenomena?",We’re analyzing reports where patients had office visits and symptom onset dates in May. Could you pull together all those cases and summarize the outcomes? Are there any patterns or unexpected issues popping up during that period?
medium_r0140,medium,140,term + wildcard,"{""query"": {""bool"": {""filter"": [{""term"": {""VAX_DATE"": {""value"": ""10/10/2023""}}}, {""wildcard"": {""PRIOR_VAX"": {""value"": ""*Th*""}}}]}}}",I've come across entries with 10/10/2023 and values matching '*Th*'. Can we see how frequently this occurs and any results?,My neighbor reported they come across entries with 10/10/2023 and values matching '*Th*'. Can we see how frequently this occurs and any results?,"For data entries connected to A family member showed vaccine date = 10/10/2023 and prior vaccinations matching *Th*. Could you look up comparable cases and their follow-up?, could there be previously unnoticed demographic or clinical correlations?","A relative of mine got vaccinated on October 10, 2023, and I heard they had some previous vaccinations starting with ‘Th’. Could you find others with the same pattern and tell me how they fared afterwards?"
medium_r0141,medium,141,term + wildcard,"{""query"": {""bool"": {""filter"": [{""term"": {""DIED"": {""value"": ""Y""}}}, {""wildcard"": {""VAX_MANU"": {""value"": ""*SA*""}}}]}}}",There's an instance of Y and values matching '*SA*' Can you find all similar cases and summarize their results?,There's an instance of Y and values matching '*SA*' Can you find all similar cases and summarize their results?,"In analyzing cases linked to I tracking occurrences of died after treatment = Y and vaccine manufacturer matching *SA*. Please map their distribution and counts by state., is there any indication of systemic inconsistencies or categorization errors?",A family member passed away after getting a vaccine from a manufacturer with ‘SA’ in its name. Are there others with similar situations? What do the records show overall?
medium_r0142,medium,142,term + wildcard,"{""query"": {""bool"": {""filter"": [{""term"": {""HOSPITAL"": {""value"": ""Y""}}}, {""wildcard"": {""ER_VISIT"": {""value"": ""*Y*""}}}]}}}",I found records with Y and values matching '*Y*'. Please retrieve all matching cases and share their results?,Health records indicate cases where found records with Y and values matching '*Y*'. Please retrieve all matching cases and share their results?,"When considering records mentioning I'm reviewing medication cases exhibiting hospital record = Y and ER record matching *Y*. What outcomes are documented?, have patterns emerged that might signal a procedural or documentation anomaly?","To understand patterns in emergency and inpatient care, I want to see all reports where patients had both a hospital admission and an emergency room visit. Are there any indications of recurring issues or anomalies?"
medium_r0143,medium,143,term + wildcard,"{""query"": {""bool"": {""filter"": [{""term"": {""OTHER_MEDS"": {""value"": ""Atorvastatin; losartan;sertraline; hydrochlrorotizde, and baby aspirin""}}}, {""wildcard"": {""PRIOR_VAX"": {""value"": ""*Fa*""}}}]}}}","After experiencing Atorvastatin; losartan;sertraline; hydrochlrorotizde, and baby aspirin and values matching '*Fa*', I wonder how many others had similar cases and what their outcomes were?","After experiencing Atorvastatin; losartan;sertraline; hydrochlrorotizde, and baby aspirin and values matching '*Fa*', I wonder how many others had similar cases and what their outcomes were?","Looking at instances involving I analyzing entries with other medications = Atorvastatin; losartan;sertraline; hydrochlrorotizde, and baby aspirin and prior vaccinations matching *Fa*. Please retrieve those records for deeper insights., what explanations might account for observed variations in clinical reporting?","We’re exploring whether patients on Atorvastatin, losartan, sertraline, hydrochlorothiazide, and baby aspirin who received prior vaccines with names including ‘Fa’ experienced any notable effects. Can you gather all relevant reports for review?"
medium_r0144,medium,144,term + wildcard,"{""query"": {""bool"": {""filter"": [{""term"": {""ER_VISIT"": {""value"": ""Y""}}}, {""wildcard"": {""ALLERGIES"": {""value"": ""*az*""}}}]}}}","After experiencing Y and values matching '*az*', I wonder how many others had similar cases and what their outcomes were?","After experiencing Y and values matching '*az*', I wonder how many others had similar cases and what their outcomes were?","In reviewing events tied to I'm reviewing medication cases exhibiting ER record = Y and allergies matching *az*. What outcomes are documented?, are there clear indications that suggest a broader systemic documentation challenge?","We’ve seen some patients come into the ER with allergies that mention ‘az’, maybe azithromycin or similar. Can you pull up all such cases and summarize their recovery or complications?"
medium_r0145,medium,145,term + wildcard,"{""query"": {""bool"": {""filter"": [{""term"": {""VAX_DOSE_SERIES"": {""value"": ""5""}}}, {""wildcard"": {""SYMPTOM_TEXT"": {""value"": ""*ch*""}}}]}}}","In reviewing cases where 5 and values matching '*ch*', could you list the matching records and what happened next?","In reviewing cases where 5 and values matching '*ch*', could you list the matching records and what happened next?","For data entries connected to I help a patient who had vaccine dose series = 5 and description of patient matching *ch*. Could you pull up similar cases and lengths of hospital stays?, could there be previously unnoticed demographic or clinical correlations?","In analyzing data for people on their fifth vaccine dose with symptoms including ‘ch’, are there patterns in demographics or severity that we should be aware of?"
medium_r0146,medium,146,term + wildcard,"{""query"": {""bool"": {""filter"": [{""term"": {""OTHER_MEDS"": {""value"": ""Enbrel, venlafaxine, lisinopril""}}}, {""wildcard"": {""HOSPITAL"": {""value"": ""*Y*""}}}]}}}","I noticed Enbrel, venlafaxine, lisinopril and values matching '*Y*' in some reports; how common is this and what were the hospital stays or results?","Hospital records show individuals who noticed Enbrel, venlafaxine, lisinopril and values matching '*Y*' in some reports; how common is this and what were the hospital stays or results?","When considering records mentioning I experienced other medications = Enbrel, venlafaxine, lisinopril and hospital record matching *Y*. Are there others like me and what were their outcomes?, have patterns emerged that might signal a procedural or documentation anomaly?","In the dataset, how many patients on Enbrel, venlafaxine, and lisinopril ended up hospitalized? Are there any patterns or unusual findings in their clinical outcomes?"
medium_r0147,medium,147,term + wildcard,"{""query"": {""bool"": {""filter"": [{""term"": {""DIED"": {""value"": ""Y""}}}, {""wildcard"": {""OFC_VISIT"": {""value"": ""*Y*""}}}]}}}",I found records with Y and values matching '*Y*'. Please retrieve all matching cases and share their results?,My friend mentioned that they found records with Y and values matching '*Y*'. Please retrieve all matching cases and share their results?,"Upon reviewing patient records referencing I experienced died after treatment = Y and office visit record matching *Y*. Are there others like me and what were their outcomes?, can we find a specific trend or anomaly that warrants deeper investigation?","In reviewing records, I noticed patients who died post-treatment also had office visits noted. Can we identify how often this happens and whether any patterns or anomalies stand out?"
medium_r0148,medium,148,term + wildcard,"{""query"": {""bool"": {""filter"": [{""term"": {""V_ADMINBY"": {""value"": ""PUB""}}}, {""wildcard"": {""OTHER_MEDS"": {""value"": ""*Pr*""}}}]}}}","In reviewing cases where PUB and values matching '*Pr*', could you list the matching records and what happened next?","In reviewing cases where PUB and values matching '*Pr*', could you list the matching records and what happened next?","Looking at instances involving I analyzing entries with v adminby = PUB and other medications matching *Pr*. Please retrieve those records for deeper insights., what explanations might account for observed variations in clinical reporting?","Among vaccinations given by public providers, I noticed some patients taking medications with ‘Pr’ in their names. Can we pull those records and see if there’s any notable trend or variation in their clinical results?"
medium_r0149,medium,149,term + wildcard,"{""query"": {""bool"": {""filter"": [{""term"": {""V_ADMINBY"": {""value"": ""PUB""}}}, {""wildcard"": {""VAX_DOSE_SERIES"": {""value"": ""*4*""}}}]}}}",I found records with PUB and values matching '*4*'. Please retrieve all matching cases and share their results?,My mother recently found records with PUB and values matching '*4*'. Please retrieve all matching cases and share their results?,"For data entries connected to A family member showed v adminby = PUB and vaccine dose series matching *4*. Could you look up comparable cases and their follow-up?, could there be previously unnoticed demographic or clinical correlations?",Can we analyze records where the vaccine was administered by public providers and the dose series is 4? Are there any notable patterns or demographic trends in their outcomes?
medium_r0150,medium,150,term + wildcard,"{""query"": {""bool"": {""filter"": [{""term"": {""VAX_LOT"": {""value"": ""043a21a""}}}, {""wildcard"": {""VAX_MANU"": {""value"": ""*MS*""}}}]}}}",I noticed 043a21a and values matching '*MS*' in some reports; how common is this and what were the hospital stays or results?,My neighbor reported they noticed 043a21a and values matching '*MS*' in some reports; how common is this and what were the hospital stays or results?,"Considering the records associated with I tracking occurrences of vaccine lot number = 043a21a and vaccine manufacturer matching *MS*. Please map their distribution and counts by state., might we detect patterns indicating previously unreported clinical phenomena?","The vaccine batch ‘043a21a’ linked to manufacturers containing ‘MS’ needs a detailed review. Could you pull all related records and summarize patient outcomes, including hospitalizations?"
medium_r0151,medium,151,term + wildcard,"{""query"": {""bool"": {""filter"": [{""term"": {""VAX_NAME"": {""value"": ""TDAP (NO BRAND NAME)""}}}, {""wildcard"": {""VAX_DATE"": {""value"": ""*11*""}}}]}}}","Having seen TDAP (NO BRAND NAME) and values matching '*11*', I'm curious about similar records and their typical outcomes?","Having seen TDAP (NO BRAND NAME) and values matching '*11*', I'm curious about similar records and their typical outcomes?","In the context of analyzing I help a patient who had vax name = TDAP (NO BRAND NAME) and vaccine date matching *11*. Could you pull up similar cases and lengths of hospital stays?, could this reflect an underlying systematic issue within certain subgroups or treatments?","We’re analyzing reports for TDAP (no brand name) vaccinations given during November. Could you summarize the number of cases, hospitalization lengths, and if there are any patterns suggesting systemic issues?"
medium_r0152,medium,152,term + regexp,"{""query"": {""bool"": {""filter"": [{""term"": {""ONSET_DATE"": {""value"": ""02/09/2021""}}}, {""regexp"": {""VAX_MANU"": {""value"": "".*IN.*""}}}]}}}","Having seen 02/09/2021 and values matching pattern '.*IN.*', I'm curious about similar records and their typical outcomes?","Having seen 02/09/2021 and values matching pattern '.*IN.*', I'm curious about similar records and their typical outcomes?","When considering records mentioning I experienced onset date = 02/09/2021 and vaccine manufacturer pattern .*IN.*. Are there others like me and what were their outcomes?, have patterns emerged that might signal a procedural or documentation anomaly?","We had a patient with symptom onset on 02/09/2021 who received a vaccine from a manufacturer with ‘IN’ in the name. Are there other cases like this, and what outcomes did they have?"
medium_r0153,medium,153,term + regexp,"{""query"": {""bool"": {""filter"": [{""term"": {""HISTORY"": {""value"": ""asthma, GERD""}}}, {""regexp"": {""SYMPTOM_TEXT"": {""value"": "".*wi.*""}}}]}}}","I've come across entries with asthma, GERD and values matching pattern '.*wi.*'. Can we see how frequently this occurs and any results?","My neighbor reported they come across entries with asthma, GERD and values matching pattern '.*wi.*'. Can we see how frequently this occurs and any results?","In the context of analyzing My friend has medical history = asthma, GERD and description of patient pattern .*wi.*. Can you find similar records and share their confirmation of recovery or not?, could this reflect an underlying systematic issue within certain subgroups or treatments?","I’m analyzing cases with medical history of asthma and GERD where symptom descriptions contain ‘wi’, perhaps wheezing or similar respiratory issues. What recovery rates or complications have been documented?"
medium_r0154,medium,154,term + regexp,"{""query"": {""bool"": {""filter"": [{""term"": {""VAX_NAME"": {""value"": ""ROTAVIRUS (ROTATEQ)""}}}, {""regexp"": {""HISTORY"": {""value"": "".*PC.*""}}}]}}}","In reviewing cases where ROTAVIRUS (ROTATEQ) and values matching pattern '.*PC.*', could you list the matching records and what happened next?","In reviewing cases where ROTAVIRUS (ROTATEQ) and values matching pattern '.*PC.*', could you list the matching records and what happened next?","In analyzing cases linked to As a physician seeing cases of vax name = ROTAVIRUS (ROTATEQ) and medical history pattern .*PC.*, how many patients match these criteria and what were their results?, is there any indication of systemic inconsistencies or categorization errors?",My child received the ROTAVIRUS (ROTATEQ) vaccine and has a history that includes ‘PC’ conditions. Could you tell me how others with similar histories responded to this vaccine?
medium_r0155,medium,155,term + regexp,"{""query"": {""bool"": {""filter"": [{""term"": {""HOSPITAL"": {""value"": ""Y""}}}, {""regexp"": {""PRIOR_VAX"": {""value"": "".*Fl.*""}}}]}}}",There's an instance of Y and values matching pattern '.*Fl.*' Can you find all similar cases and summarize their results?,There's an instance of Y and values matching pattern '.*Fl.*' Can you find all similar cases and summarize their results?,"Upon reviewing patient records referencing I reporting on incidents of hospital record = Y and prior vaccinations pattern .*Fl.*. Can you provide examples and their key examination results?, can we find a specific trend or anomaly that warrants deeper investigation?",We identified hospital admissions where prior vaccination records mention a pattern matching ‘Fl’. Could you compile the cases and summarize what happened to those patients? Are there any trends suggesting a need for further review?
medium_r0156,medium,156,term + regexp,"{""query"": {""bool"": {""filter"": [{""term"": {""VAX_MANU"": {""value"": ""NOVARTIS VACCINES AND DIAGNOSTICS""}}}, {""regexp"": {""ONSET_DATE"": {""value"": "".*04.*""}}}]}}}",I found records with NOVARTIS VACCINES AND DIAGNOSTICS and values matching pattern '.*04.*'. Please retrieve all matching cases and share their results?,Hospital records show individuals who found records with NOVARTIS VACCINES AND DIAGNOSTICS and values matching pattern '.*04.*'. Please retrieve all matching cases and share their results?,"Upon reviewing patient records referencing I cared for a patient with vaccine manufacturer = NOVARTIS VACCINES AND DIAGNOSTICS and onset date pattern .*04.*. How often does this occur and what follow-up was noted?, can we find a specific trend or anomaly that warrants deeper investigation?","Our vaccine safety surveillance flagged events linked to Novartis Vaccines and Diagnostics with onset dates in April. Please extract all such cases, including details on severity, hospitalization, and recovery status, to identify any concerns."
medium_r0157,medium,157,term + regexp,"{""query"": {""bool"": {""filter"": [{""term"": {""CUR_ILL"": {""value"": ""Cervical and ovarian cysts""}}}, {""regexp"": {""ER_VISIT"": {""value"": "".*Y.*""}}}]}}}","After experiencing Cervical and ovarian cysts and values matching pattern '.*Y.*', I wonder how many others had similar cases and what their outcomes were?","After experiencing Cervical and ovarian cysts and values matching pattern '.*Y.*', I wonder how many others had similar cases and what their outcomes were?","Considering the records associated with My friend has current illness = Cervical and ovarian cysts and ER record pattern .*Y.*. Can you find similar records and share their confirmation of recovery or not?, might we detect patterns indicating previously unreported clinical phenomena?","I’m tracking patients with cervical and ovarian cysts who visited the emergency room. How many such cases are there, and what were the recovery outcomes for these patients?"
medium_r0158,medium,158,term + regexp,"{""query"": {""bool"": {""filter"": [{""term"": {""DISABLE"": {""value"": ""Y""}}}, {""regexp"": {""DIED"": {""value"": "".*Y.*""}}}]}}}",I've come across entries with Y and values matching pattern '.*Y.*'. Can we see how frequently this occurs and any results?,Health records indicate cases where come across entries with Y and values matching pattern '.*Y.*'. Can we see how frequently this occurs and any results?,"When considering records mentioning As a physician seeing cases of disability status = Y and died after treatment pattern .*Y.*, how many patients match these criteria and what were their results?, have patterns emerged that might signal a procedural or documentation anomaly?",Could you provide data on cases flagged with both disability and death? I want to understand the frequency and if there are any notable trends or common factors among these patients.
medium_r0159,medium,159,term + regexp,"{""query"": {""bool"": {""filter"": [{""term"": {""VAX_NAME"": {""value"": ""ZOSTER (NO BRAND NAME)""}}}, {""regexp"": {""SEX"": {""value"": "".*F.*""}}}]}}}",I noticed ZOSTER (NO BRAND NAME) and values matching pattern '.*F.*' in some reports; how common is this and what were the hospital stays or results?,My friend mentioned that they noticed ZOSTER (NO BRAND NAME) and values matching pattern '.*F.*' in some reports; how common is this and what were the hospital stays or results?,"Looking at instances involving As a physician seeing cases of vax name = ZOSTER (NO BRAND NAME) and sex of patient pattern .*F.*, how many patients match these criteria and what were their results?, what explanations might account for observed variations in clinical reporting?","For patients identified as female who received the ZOSTER (NO BRAND NAME) vaccine, what are the typical outcomes? Are hospitalizations frequent, and are there any demographic or clinical factors influencing these results?"
medium_r0160,medium,160,term + regexp,"{""query"": {""bool"": {""filter"": [{""term"": {""VAX_SITE"": {""value"": ""MO""}}}, {""regexp"": {""VAX_DOSE_SERIES"": {""value"": "".*3.*""}}}]}}}",I noticed MO and values matching pattern '.*3.*' in some reports; how common is this and what were the hospital stays or results?,We've received reports about patients who noticed MO and values matching pattern '.*3.*' in some reports; how common is this and what were the hospital stays or results?,"Considering the records associated with As a physician seeing cases of vaccination site = MO and vaccine dose series pattern .*3.*, how many patients match these criteria and what were their results?, might we detect patterns indicating previously unreported clinical phenomena?","My relative received their vaccine at the MO site, and it was their third dose. How common is it for people like this to have hospital visits or complications afterward?"
medium_r0161,medium,161,term + regexp,"{""query"": {""bool"": {""filter"": [{""term"": {""VAX_LOT"": {""value"": ""44HD4""}}}, {""regexp"": {""DISABLE"": {""value"": "".*Y.*""}}}]}}}","In reviewing cases where 44HD4 and values matching pattern '.*Y.*', could you list the matching records and what happened next?","In reviewing cases where 44HD4 and values matching pattern '.*Y.*', could you list the matching records and what happened next?","In analyzing cases linked to I experienced vaccine lot number = 44HD4 and disability status pattern .*Y.*. Are there others like me and what were their outcomes?, is there any indication of systemic inconsistencies or categorization errors?","We’re investigating vaccine lot 44HD4 and noticed some cases with disability reported. How many cases involve this lot with a disability marked ‘Y’, and what were the follow-up outcomes for those patients?"
medium_r0162,medium,162,term + regexp,"{""query"": {""bool"": {""filter"": [{""term"": {""ONSET_DATE"": {""value"": ""03/17/2022""}}}, {""regexp"": {""L_THREAT"": {""value"": "".*Y.*""}}}]}}}",I've come across entries with 03/17/2022 and values matching pattern '.*Y.*'. Can we see how frequently this occurs and any results?,Health records indicate cases where come across entries with 03/17/2022 and values matching pattern '.*Y.*'. Can we see how frequently this occurs and any results?,"Considering the records associated with I experienced onset date = 03/17/2022 and life threat pattern .*Y.*. Are there others like me and what were their outcomes?, might we detect patterns indicating previously unreported clinical phenomena?","The database flags life-threatening illnesses with a ‘Y’. For cases dated 03/17/2022, how many entries show this, and do any trends emerge indicating potential clinical concerns?"
medium_r0163,medium,163,term + regexp,"{""query"": {""bool"": {""filter"": [{""term"": {""VAX_ROUTE"": {""value"": ""UN""}}}, {""regexp"": {""OFC_VISIT"": {""value"": "".*Y.*""}}}]}}}","Seeing UN and values matching pattern '.*Y.*' noted, could you pull up all such entries and show their outcomes?","Seeing UN and values matching pattern '.*Y.*' noted, could you pull up all such entries and show their outcomes?","In the context of analyzing A family member showed vax route = UN and office visit record pattern .*Y.*. Could you look up comparable cases and their follow-up?, could this reflect an underlying systematic issue within certain subgroups or treatments?",I noticed some patients had an unknown vaccine administration route but had documented office visits afterward. Can you find all those cases and share what happened during their follow-up visits?
medium_r0164,medium,164,term + regexp,"{""query"": {""bool"": {""filter"": [{""term"": {""DISABLE"": {""value"": ""Y""}}}, {""regexp"": {""STATE"": {""value"": "".*GA.*""}}}]}}}","When records show Y and values matching pattern '.*GA.*', what do others report as their follow-up outcomes?","When records show Y and values matching pattern '.*GA.*', what do others report as their follow-up outcomes?","Considering the records associated with I help a patient who had disability status = Y and patient from pattern .*GA.*. Could you pull up similar cases and lengths of hospital stays?, might we detect patterns indicating previously unreported clinical phenomena?",I’m reviewing cases where patients have post-vaccination disabilities and are from Georgia. Can you pull up those records and tell me what kind of follow-up or recovery outcomes have been reported?
medium_r0165,medium,165,term + regexp,"{""query"": {""bool"": {""filter"": [{""term"": {""VAX_DATE"": {""value"": ""01/11/2023""}}}, {""regexp"": {""V_FUNDBY"": {""value"": "".*UN.*""}}}]}}}","In reviewing cases where 01/11/2023 and values matching pattern '.*UN.*', could you list the matching records and what happened next?","In reviewing cases where 01/11/2023 and values matching pattern '.*UN.*', could you list the matching records and what happened next?","Upon reviewing patient records referencing I analyzing entries with vaccine date = 01/11/2023 and v fundby pattern .*UN.*. Please retrieve those records for deeper insights., can we find a specific trend or anomaly that warrants deeper investigation?","I’m pulling vaccine records for January 11, 2023, where the vaccine funding source matches unknown. Could you get me all such cases and any notes on patient outcomes or follow-ups?"
medium_r0166,medium,166,term + regexp,"{""query"": {""bool"": {""filter"": [{""term"": {""V_ADMINBY"": {""value"": ""PHM""}}}, {""regexp"": {""VAX_DOSE_SERIES"": {""value"": "".*2.*""}}}]}}}",I've come across entries with PHM and values matching pattern '.*2.*'. Can we see how frequently this occurs and any results?,Hospital records show individuals who come across entries with PHM and values matching pattern '.*2.*'. Can we see how frequently this occurs and any results?,"When considering records mentioning I cared for a patient with v adminby = PHM and vaccine dose series pattern .*2.*. How often does this occur and what follow-up was noted?, have patterns emerged that might signal a procedural or documentation anomaly?","We need data on vaccine doses administered by pharmacies, specifically second doses. Can you provide how many such records exist and whether any unusual patterns in patient outcomes have been observed?"
medium_r0167,medium,167,term + regexp,"{""query"": {""bool"": {""filter"": [{""term"": {""CUR_ILL"": {""value"": ""Psoriasis""}}}, {""regexp"": {""VAX_MANU"": {""value"": "".*EM.*""}}}]}}}",There's an instance of Psoriasis and values matching pattern '.*EM.*' Can you find all similar cases and summarize their results?,There's an instance of Psoriasis and values matching pattern '.*EM.*' Can you find all similar cases and summarize their results?,"In analyzing cases linked to I reporting on incidents of current illness = Psoriasis and vaccine manufacturer pattern .*EM.*. Can you provide examples and their key examination results?, is there any indication of systemic inconsistencies or categorization errors?","For patients currently diagnosed with psoriasis and vaccinated by manufacturers containing ‘EM’ in their name, what follow-up results or adverse events have been reported? Are there signs of data inconsistencies or reporting errors?"
medium_r0168,medium,168,term + regexp,"{""query"": {""bool"": {""filter"": [{""term"": {""STATE"": {""value"": ""CA""}}}, {""regexp"": {""L_THREAT"": {""value"": "".*Y.*""}}}]}}}","Seeing CA and values matching pattern '.*Y.*' noted, could you pull up all such entries and show their outcomes?","Seeing CA and values matching pattern '.*Y.*' noted, could you pull up all such entries and show their outcomes?","When considering records mentioning I experienced patient from = CA and life threat pattern .*Y.*. Are there others like me and what were their outcomes?, have patterns emerged that might signal a procedural or documentation anomaly?",Our emergency monitoring system marks severe incidents with a ‘Yes’ for life-threatening illness. Please gather all such California cases and summarize their hospitalization and recovery details.
medium_r0169,medium,169,term + regexp,"{""query"": {""bool"": {""filter"": [{""term"": {""CUR_ILL"": {""value"": ""Pt in ED on 12/4/22- ED Disposition: DISCHARGE MEDICAL DECISION MAKING: Patient reported several episodes of feeling short of breath similar to what she was having at home, was not having any signs of respiratory distress no hypoxemia on her baseline O2 at 2.5 L, no arrhythmia, no tachycardia. Her workup at this time does not show any obvious explanation for her episodes of dyspnea. She has a normal complete blood count, troponin is negative x2, BNP is normal, D-dimer is normal, complete blood count is normal, chest x-ray is clear. She does report some increased shortness of breath that seems to occur with exertion and physical activity, likely due to her underlying chronic obstructive pulmonary disease may possibly need increased O2 requirements with physical activity. She is scheduled to see her pulmonologist however this appointment is in January. Patient does report she has Xanax prescribed for anxiety however she does not usually take this as she is concerned due to its risk for abuse and dependence. Symptoms may in fact be due to some anxiety.""}}}, {""regexp"": {""STATE"": {""value"": "".*PA.*""}}}]}}}","I noticed Pt in ED on 12/4/22- ED Disposition: DISCHARGE MEDICAL DECISION MAKING: Patient reported several episodes of feeling short of breath similar to what she was having at home, was not having any signs of respiratory distress no hypoxemia on her baseline O2 at 2.5 L, no arrhythmia, no tachycardia. Her workup at this time does not show any obvious explanation for her episodes of dyspnea. She has a normal complete blood count, troponin is negative x2, BNP is normal, D-dimer is normal, complete blood count is normal, chest x-ray is clear. She does report some increased shortness of breath that seems to occur with exertion and physical activity, likely due to her underlying chronic obstructive pulmonary disease may possibly need increased O2 requirements with physical activity. She is scheduled to see her pulmonologist however this appointment is in January. Patient does report she has Xanax prescribed for anxiety however she does not usually take this as she is concerned due to its risk for abuse and dependence. Symptoms may in fact be due to some anxiety. and values matching pattern '.*PA.*' in some reports; how common is this and what were the hospital stays or results?","My neighbor reported they noticed Pt in ED on 12/4/22- ED Disposition: DISCHARGE MEDICAL DECISION MAKING: Patient reported several episodes of feeling short of breath similar to what she was having at home, was not having any signs of respiratory distress no hypoxemia on her baseline O2 at 2.5 L, no arrhythmia, no tachycardia. Her workup at this time does not show any obvious explanation for her episodes of dyspnea. She has a normal complete blood count, troponin is negative x2, BNP is normal, D-dimer is normal, complete blood count is normal, chest x-ray is clear. She does report some increased shortness of breath that seems to occur with exertion and physical activity, likely due to her underlying chronic obstructive pulmonary disease may possibly need increased O2 requirements with physical activity. She is scheduled to see her pulmonologist however this appointment is in January. Patient does report she has Xanax prescribed for anxiety however she does not usually take this as she is concerned due to its risk for abuse and dependence. Symptoms may in fact be due to some anxiety. and values matching pattern '.*PA.*' in some reports; how common is this and what were the hospital stays or results?","In reviewing events tied to I cared for a patient with current illness = Pt in ED on 12/4/22- ED Disposition: DISCHARGE MEDICAL DECISION MAKING: Patient reported several episodes of feeling short of breath similar to what she was having at home, was not having any signs of respiratory distress no hypoxemia on her baseline O2 at 2.5 L, no arrhythmia, no tachycardia. Her workup at this time does not show any obvious explanation for her episodes of dyspnea. She has a normal complete blood count, troponin is negative x2, BNP is normal, D-dimer is normal, complete blood count is normal, chest x-ray is clear. She does report some increased shortness of breath that seems to occur with exertion and physical activity, likely due to her underlying chronic obstructive pulmonary disease may possibly need increased O2 requirements with physical activity. She is scheduled to see her pulmonologist however this appointment is in January. Patient does report she has Xanax prescribed for anxiety however she does not usually take this as she is concerned due to its risk for abuse and dependence. Symptoms may in fact be due to some anxiety. and patient from pattern .*PA.*. How often does this occur and what follow-up was noted?, are there clear indications that suggest a broader systemic documentation challenge?","I’m looking into some patient cases from Pennsylvania where the notes say the patient went to the ER on December 4, 2022, and was discharged. The patient reported several episodes of shortness of breath like what they had at home but didn’t show signs of respiratory distress or low oxygen levels. Their workup didn’t find anything obvious — blood counts were normal, troponin tests were negative, BNP and D-dimer were normal, and chest X-ray was clear. The patient did say they feel more short of breath during physical activity, probably because of their chronic obstructive pulmonary disease (COPD), and might need more oxygen when active. They have an appointment with a pulmonologist scheduled for January. Also, they have Xanax prescribed for anxiety but rarely take it because of concerns about dependence. The notes suggest the symptoms might be anxiety-related. How common are cases like this in Pennsylvania? What do we know about their hospital stays or follow-up outcomes? Are there any patterns or issues with how these cases are documented or managed, especially around anxiety and COPD?"
medium_r0170,medium,170,term + regexp,"{""query"": {""bool"": {""filter"": [{""term"": {""OTHER_MEDS"": {""value"": ""Levoxyl 88mcg/gay, Calcium (600+650) mcg/day""}}}, {""regexp"": {""ONSET_DATE"": {""value"": "".*06.*""}}}]}}}","Looking at reports of Levoxyl 88mcg/gay, Calcium (600+650) mcg/day and values matching pattern '.*06.*', could you show how many there are and what happened to those patients?","Looking at reports of Levoxyl 88mcg/gay, Calcium (600+650) mcg/day and values matching pattern '.*06.*', could you show how many there are and what happened to those patients?","When considering records mentioning I cared for a patient with other medications = Levoxyl 88mcg/gay, Calcium (600+650) mcg/day and onset date pattern .*06.*. How often does this occur and what follow-up was noted?, have patterns emerged that might signal a procedural or documentation anomaly?","I’m reviewing cases where patients were taking Levoxyl 88mcg/gay and Calcium supplements (600+650 mcg/day), with symptom onset dates in June. Could you tell me how many such cases there are and what the outcomes were? Also, have there been any noticeable patterns in follow-up care or documentation that might indicate issues we should look into?"
medium_r0171,medium,171,term + regexp,"{""query"": {""bool"": {""filter"": [{""term"": {""RECVDATE"": {""value"": ""08/13/2023""}}}, {""regexp"": {""ONSET_DATE"": {""value"": "".*05.*""}}}]}}}","Having seen 08/13/2023 and values matching pattern '.*05.*', I'm curious about similar records and their typical outcomes?","Having seen 08/13/2023 and values matching pattern '.*05.*', I'm curious about similar records and their typical outcomes?","With cases related to I'm reviewing medication cases exhibiting date received vaccine = 08/13/2023 and onset date pattern .*05.*. What outcomes are documented?, have there been identifiable differences across facilities or patient demographics?","I’m looking into cases where the vaccine was received on August 13, 2023, and symptoms began sometime in May. Could you share how many such cases exist and what the typical outcomes were? Also, have you noticed any differences in results based on where patients were treated or their demographics?"
medium_r0172,medium,172,term + regexp,"{""query"": {""bool"": {""filter"": [{""term"": {""SPLTTYPE"": {""value"": ""USPFIZER INC202300303630""}}}, {""regexp"": {""HOSPITAL"": {""value"": "".*Y.*""}}}]}}}",There's an instance of USPFIZER INC202300303630 and values matching pattern '.*Y.*' Can you find all similar cases and summarize their results?,There's an instance of USPFIZER INC202300303630 and values matching pattern '.*Y.*' Can you find all similar cases and summarize their results?,"In the context of analyzing I experienced splttype = USPFIZER INC202300303630 and hospital record pattern .*Y.*. Are there others like me and what were their outcomes?, could this reflect an underlying systematic issue within certain subgroups or treatments?","I’m reviewing cases where the vaccine lot type is USPFIZER INC202300303630 and the patients required hospitalization. Could you provide all similar cases and summarize their outcomes? Also, do these cases suggest any consistent issues within particular patient groups or treatment settings?"
medium_r0173,medium,173,term + regexp,"{""query"": {""bool"": {""filter"": [{""term"": {""CUR_ILL"": {""value"": ""Diagnosed with pneumonia about 3 to 4 weeks after booster shot. Received medications but did not feel well until end of December when fluid was first drained.""}}}, {""regexp"": {""SYMPTOM_TEXT"": {""value"": "".*In.*""}}}]}}}",I've come across entries with Diagnosed with pneumonia about 3 to 4 weeks after booster shot. Received medications but did not feel well until end of December when fluid was first drained. and values matching pattern '.*In.*'. Can we see how frequently this occurs and any results?,We've received reports about patients who come across entries with Diagnosed with pneumonia about 3 to 4 weeks after booster shot. Received medications but did not feel well until end of December when fluid was first drained. and values matching pattern '.*In.*'. Can we see how frequently this occurs and any results?,"In the context of analyzing I tracking occurrences of current illness = Diagnosed with pneumonia about 3 to 4 weeks after booster shot. Received medications but did not feel well until end of December when fluid was first drained. and description of patient pattern .*In.*. Please map their distribution and counts by state., could this reflect an underlying systematic issue within certain subgroups or treatments?","I’m reviewing cases where patients were diagnosed with pneumonia about 3 to 4 weeks after receiving a booster shot. They received medications but didn’t feel better until fluid was drained at the end of December. Could you tell me how often this occurs and what the outcomes were? Also, can you identify any patterns or clusters by state that might suggest an underlying issue in specific patient groups or treatments?"
medium_r0174,medium,174,terms + prefix,"{""query"": {""bool"": {""filter"": [{""terms"": {""OFC_VISIT"": [""Y""]}}, {""prefix"": {""OFC_VISIT"": {""value"": ""Y""}}}]}}}",I noticed Y and values starting with 'Y' in some reports; how common is this and what were the hospital stays or results?,One of my colleagues encountered a patient who noticed Y and values starting with 'Y' in some reports; how common is this and what were the hospital stays or results?,"Looking at instances involving I reporting on incidents of office visit record in (Y) and office visit record Y. Can you provide examples and their key examination results?, what explanations might account for observed variations in clinical reporting?","I noticed several reports where the office visit was recorded as yes. How often does this happen, and what were the hospital stays or patient outcomes? A colleague came across cases with office visits marked as yes and wants to know the typical follow-up results. Could you share some examples and insights? Are there any reasons for differences in how these yes responses are documented?"
medium_r0175,medium,175,terms + prefix,"{""query"": {""bool"": {""filter"": [{""terms"": {""ER_ED_VISIT"": [""Y""]}}, {""prefix"": {""STATE"": {""value"": ""CO""}}}]}}}","In reviewing cases where Y and values starting with 'CO', could you list the matching records and what happened next?","In reviewing cases where Y and values starting with 'CO', could you list the matching records and what happened next?","Upon reviewing patient records referencing I'm reviewing medication cases exhibiting ER/ED record in (Y) and patient from CO. What outcomes are documented?, can we find a specific trend or anomaly that warrants deeper investigation?","I’m reviewing cases where patients had an emergency room or emergency department visit marked as yes, and the patient is from Colorado. Could you list all such matching records and share what happened afterward? Are there any common outcomes or patterns that stand out, or any anomalies that might need further investigation?"
medium_r0176,medium,176,terms + prefix,"{""query"": {""bool"": {""filter"": [{""terms"": {""RECVDATE"": [""09/08/2023"", ""02/20/2023"", ""04/26/2023""]}}, {""prefix"": {""ONSET_DATE"": {""value"": ""10/""}}}]}}}","Seeing 09/08/2023, 02/20/2023, 04/26/2023 and values starting with '10/' noted, could you pull up all such entries and show their outcomes?","Seeing 09/08/2023, 02/20/2023, 04/26/2023 and values starting with '10/' noted, could you pull up all such entries and show their outcomes?","With cases related to I cared for a patient with date received vaccine in (09/08/2023, 02/20/2023, 04/26/2023) and onset date 10/. How often does this occur and what follow-up was noted?, have there been identifiable differences across facilities or patient demographics?","I’m looking at cases where the vaccine was received on September 8, 2023; February 20, 2023; or April 26, 2023, and where the symptoms or onset of issues started sometime in October. Could you provide all such records and summarize what happened next? How frequently do these cases occur, and what kind of follow-up or outcomes were reported? Are there any noticeable differences based on facilities or patient demographics?"
medium_r0177,medium,177,terms + prefix,"{""query"": {""bool"": {""filter"": [{""terms"": {""V_FUNDBY"": [""OTH"", ""PVT"", ""UNK""]}}, {""prefix"": {""VAX_LOT"": {""value"": ""FF8""}}}]}}}","After experiencing OTH, PVT, UNK and values starting with 'FF8', I wonder how many others had similar cases and what their outcomes were?","After experiencing OTH, PVT, UNK and values starting with 'FF8', I wonder how many others had similar cases and what their outcomes were?","In the context of analyzing I reporting on incidents of v fundby in (OTH, PVT, UNK) and vaccine lot number FF8. Can you provide examples and their key examination results?, could this reflect an underlying systematic issue within certain subgroups or treatments?","I’m reviewing cases where the vaccine funding source was listed as other, private, or unknown, and the vaccine lot number starts with “FF8.” Could you share how many similar cases exist and what the outcomes were? Are there any patterns or concerns that might suggest a broader issue within these groups or treatments?"
medium_r0178,medium,178,terms + prefix,"{""query"": {""bool"": {""filter"": [{""terms"": {""STATE"": [""WI"", ""DE"", ""NY""]}}, {""prefix"": {""VAX_MANU"": {""value"": ""PFI""}}}]}}}","When records show WI, DE, NY and values starting with 'PFI', what do others report as their follow-up outcomes?","When records show WI, DE, NY and values starting with 'PFI', what do others report as their follow-up outcomes?","Upon reviewing patient records referencing I analyzing entries with patient from in (WI, DE, NY) and vaccine manufacturer PFI. Please retrieve those records for deeper insights., can we find a specific trend or anomaly that warrants deeper investigation?","I’m reviewing patient records from Wisconsin, Delaware, and New York where the vaccine manufacturer’s name starts with “PFI.” Could you provide details on how many such cases there are and what their follow-up outcomes were? Are there any notable trends or unusual patterns that deserve further investigation?"
medium_r0179,medium,179,terms + prefix,"{""query"": {""bool"": {""filter"": [{""terms"": {""SPLTTYPE"": [""vsafe"", ""USPFIZER INC202300208891"", ""USPFIZER INC202300071825""]}}, {""prefix"": {""RECOVD"": {""value"": ""N""}}}]}}}","I've come across entries with vsafe, USPFIZER INC202300208891, USPFIZER INC202300071825 and values starting with 'N'. Can we see how frequently this occurs and any results?","One of my colleagues encountered a patient who come across entries with vsafe, USPFIZER INC202300208891, USPFIZER INC202300071825 and values starting with 'N'. Can we see how frequently this occurs and any results?","Looking at instances involving A family member showed splttype in (vsafe, USPFIZER INC202300208891, USPFIZER INC202300071825) and recovery status N. Could you look up comparable cases and their follow-up?, what explanations might account for observed variations in clinical reporting?","I was going over your chart and noticed your vaccine report is tied to one of these entries: “vsafe,” “USPFIZER INC202300208891,” or “USPFIZER INC202300071825.” It also says your recovery status is marked as “Not recovered.” I want to understand how often we see similar cases and what the follow‐up outcomes have been for other patients in this situation."
medium_r0180,medium,180,terms + prefix,"{""query"": {""bool"": {""filter"": [{""terms"": {""VAX_TYPE"": [""PNC13"", ""MMRV"", ""DTAPIPVHIB""]}}, {""prefix"": {""SPLTTYPE"": {""value"": ""USJ""}}}]}}}","Having seen PNC13, MMRV, DTAPIPVHIB and values starting with 'USJ', I'm curious about similar records and their typical outcomes?","Having seen PNC13, MMRV, DTAPIPVHIB and values starting with 'USJ', I'm curious about similar records and their typical outcomes?","When considering records mentioning I cared for a patient with current vaccine type in (PNC13, MMRV, DTAPIPVHIB) and splttype USJ. How often does this occur and what follow-up was noted?, have patterns emerged that might signal a procedural or documentation anomaly?","My child’s vaccination record says they received PNC13, and I see a code that starts with “USJ” on the report. I also heard the same code mentioned for MMRV and DTaP‐IPV‐Hib vaccines. Does that come up a lot, and what usually happens afterward with kids in those cases?"
medium_r0181,medium,181,terms + prefix,"{""query"": {""bool"": {""filter"": [{""terms"": {""V_ADMINBY"": [""PUB"", ""PHM"", ""WRK""]}}, {""prefix"": {""VAX_ROUTE"": {""value"": ""JET""}}}]}}}","After experiencing PUB, PHM, WRK and values starting with 'JET', I wonder how many others had similar cases and what their outcomes were?","After experiencing PUB, PHM, WRK and values starting with 'JET', I wonder how many others had similar cases and what their outcomes were?","When considering records mentioning My friend has v adminby in (PUB, PHM, WRK) and vax route JET. Can you find similar records and share their confirmation of recovery or not?, have patterns emerged that might signal a procedural or documentation anomaly?","We’re seeing entries with vaccine administration sources listed as PUB, PHM, or WRK, and the route recorded as starting with “JET.” Let’s run a count of these cases, review recovery confirmations, and decide if there’s a trend worth investigating in our administration methods."
medium_r0182,medium,182,terms + prefix,"{""query"": {""bool"": {""filter"": [{""terms"": {""ONSET_DATE"": [""05/01/2023"", ""03/31/2021"", ""10/03/2020""]}}, {""prefix"": {""DIED"": {""value"": ""Y""}}}]}}}","I found records with 05/01/2023, 03/31/2021, 10/03/2020 and values starting with 'Y'. Please retrieve all matching cases and share their results?","My friend mentioned that they found records with 05/01/2023, 03/31/2021, 10/03/2020 and values starting with 'Y'. Please retrieve all matching cases and share their results?","In reviewing events tied to A family member showed onset date in (05/01/2023, 03/31/2021, 10/03/2020) and died after treatment Y. Could you look up comparable cases and their follow-up?, are there clear indications that suggest a broader systemic documentation challenge?","I’m looking for other patients who became ill on 05/01/2023, 03/31/2021, or 10/03/2020, and who, like my relative, were recorded as having died. Could you provide their case outcomes so we can better understand what happened?"
medium_r0183,medium,183,terms + prefix,"{""query"": {""bool"": {""filter"": [{""terms"": {""STATE"": [""SC"", ""ME"", ""VA""]}}, {""prefix"": {""OTHER_MEDS"": {""value"": ""Syn""}}}]}}}","Looking at reports of SC, ME, VA and values starting with 'Syn', could you show how many there are and what happened to those patients?","Looking at reports of SC, ME, VA and values starting with 'Syn', could you show how many there are and what happened to those patients?","When considering records mentioning I reporting on incidents of patient from in (SC, ME, VA) and other medications Syn. Can you provide examples and their key examination results?, have patterns emerged that might signal a procedural or documentation anomaly?","I’m looking for all cases from South Carolina, Maine, and Virginia where the “other medications” field begins with “Syn.” Can we get a count of these cases and a summary of what happened to the patients?"
medium_r0184,medium,184,terms + prefix,"{""query"": {""bool"": {""filter"": [{""terms"": {""V_FUNDBY"": [""PVT"", ""PUB"", ""OTH""]}}, {""prefix"": {""ER_VISIT"": {""value"": ""Y""}}}]}}}","After experiencing PVT, PUB, OTH and values starting with 'Y', I wonder how many others had similar cases and what their outcomes were?","After experiencing PVT, PUB, OTH and values starting with 'Y', I wonder how many others had similar cases and what their outcomes were?","For data entries connected to A family member showed v fundby in (PVT, PUB, OTH) and ER record Y. Could you look up comparable cases and their follow-up?, could there be previously unnoticed demographic or clinical correlations?","I’ve seen a few patients whose vaccine was funded privately, publicly, or through other means, and they did end up in the emergency room. Can you pull up similar cases so I can compare their follow‐up and recovery status?"
medium_r0185,medium,185,terms + prefix,"{""query"": {""bool"": {""filter"": [{""terms"": {""HISTORY"": [""metastatic cervical CA with metastasis to brain, liver, spine s/p radiation to spine, craniectomy"", ""EPI"", ""Asthma; High Cholesterol; Depression; CVA""]}}, {""prefix"": {""VAX_LOT"": {""value"": ""u81""}}}]}}}","There's an instance of metastatic cervical CA with metastasis to brain, liver, spine s/p radiation to spine, craniectomy, EPI, Asthma; High Cholesterol; Depression; CVA and values starting with 'u81' Can you find all similar cases and summarize their results?","There's an instance of metastatic cervical CA with metastasis to brain, liver, spine s/p radiation to spine, craniectomy, EPI, Asthma; High Cholesterol; Depression; CVA and values starting with 'u81' Can you find all similar cases and summarize their results?","Upon reviewing patient records referencing I experienced medical history in (metastatic cervical CA with metastasis to brain, liver, spine s/p radiation to spine, craniectomy, EPI, Asthma; High Cholesterol; Depression; CVA) and vaccine lot number u81. Are there others like me and what were their outcomes?, can we find a specific trend or anomaly that warrants deeper investigation?","Please pull all records where the history includes any of the following: metastatic cervical CA with brain, liver, and spine metastases (s/p radiation to spine, craniectomy), EPI, asthma, high cholesterol, depression, or CVA and the vaccine lot number starts with “u81.” Summarize the clinical outcomes for these cases."
medium_r0186,medium,186,terms + prefix,"{""query"": {""bool"": {""filter"": [{""terms"": {""HISTORY"": [""High Blood Pressure: Joint Replacements on shoulders and hip"", ""AFIB DIABETES DEMENTIA HYPERLIPIDEMIA, ANXIETY AND ANEMIA"", ""lumbago""]}}, {""prefix"": {""DIED"": {""value"": ""Y""}}}]}}}","Looking at reports of High Blood Pressure: Joint Replacements on shoulders and hip, AFIB DIABETES DEMENTIA HYPERLIPIDEMIA, ANXIETY AND ANEMIA, lumbago and values starting with 'Y', could you show how many there are and what happened to those patients?","Looking at reports of High Blood Pressure: Joint Replacements on shoulders and hip, AFIB DIABETES DEMENTIA HYPERLIPIDEMIA, ANXIETY AND ANEMIA, lumbago and values starting with 'Y', could you show how many there are and what happened to those patients?","In the context of analyzing I help a patient who had medical history in (High Blood Pressure: Joint Replacements on shoulders and hip, AFIB DIABETES DEMENTIA HYPERLIPIDEMIA, ANXIETY AND ANEMIA, lumbago) and died after treatment Y. Could you pull up similar cases and lengths of hospital stays?, could this reflect an underlying systematic issue within certain subgroups or treatments?","I’m going through patient charts for people who had high blood pressure with joint replacements in the shoulders and hip, atrial fibrillation with diabetes, dementia, hyperlipidemia, anxiety and anemia, or lumbago and who passed away. Can you tell me how many such cases there are and what happened in each?"
medium_r0187,medium,187,terms + prefix,"{""query"": {""bool"": {""filter"": [{""terms"": {""RECOVD"": [""Y"", ""N"", ""U""]}}, {""prefix"": {""VAX_SITE"": {""value"": ""NS""}}}]}}}","After experiencing Y, N, U and values starting with 'NS', I wonder how many others had similar cases and what their outcomes were?","After experiencing Y, N, U and values starting with 'NS', I wonder how many others had similar cases and what their outcomes were?","With cases related to I cared for a patient with recovery status in (Y, N, U) and vaccination site NS. How often does this occur and what follow-up was noted?, have there been identifiable differences across facilities or patient demographics?","For patients vaccinated at sites with codes beginning “NS,” and whose recovery is recorded as Yes, No, or Unknown, how common are these cases? Also, are there trends in follow‐up care or notable patterns between different locations?"
medium_r0188,medium,188,terms + prefix,"{""query"": {""bool"": {""filter"": [{""terms"": {""CUR_ILL"": [""atypical pneumonia on 7/28/23, severe persistent asthma."", ""Inpt 8/26/22-8/31/22: Admission Date: 8/26/2022 Discharge Date: 08/31/2022 Admitting Physician: MD Attending Physician: MD Discharge Clinician: MD Primary Care Provider at Discharge: MD Active Hospital Problems Diagnosis Date Noted POA ? Diabetic ulcer of left foot associated with type 2 diabetes mellitus, unspecified part of foot, unspecified ulcer stage Patient was started on IV vancomycin and Zosyn after blood cultures collected. Podiatry consulted and =ultimately performed partial left hallux amputation with likely surgical cure. Dr of Podiatry will follow cultures and follow-up with patient. Discharged home on keflex for 7 days. Patient was continued on his insulin pump during this hospital stay."", ""Reported no on questionnaire of \""Do you feel sick today?\"" but after experiencing reaction to vaccine did admit to having a cold.""]}}, {""prefix"": {""L_THREAT"": {""value"": ""Y""}}}]}}}","There's an instance of atypical pneumonia on 7/28/23, severe persistent asthma., Inpt 8/26/22-8/31/22: Admission Date: 8/26/2022 Discharge Date: 08/31/2022 Admitting Physician: MD Attending Physician: MD Discharge Clinician: MD Primary Care Provider at Discharge: MD Active Hospital Problems Diagnosis Date Noted POA ? Diabetic ulcer of left foot associated with type 2 diabetes mellitus, unspecified part of foot, unspecified ulcer stage Patient was started on IV vancomycin and Zosyn after blood cultures collected. Podiatry consulted and =ultimately performed partial left hallux amputation with likely surgical cure. Dr of Podiatry will follow cultures and follow-up with patient. Discharged home on keflex for 7 days. Patient was continued on his insulin pump during this hospital stay., Reported no on questionnaire of ""Do you feel sick today?"" but after experiencing reaction to vaccine did admit to having a cold. and values starting with 'Y' Can you find all similar cases and summarize their results?","There's an instance of atypical pneumonia on 7/28/23, severe persistent asthma., Inpt 8/26/22-8/31/22: Admission Date: 8/26/2022 Discharge Date: 08/31/2022 Admitting Physician: MD Attending Physician: MD Discharge Clinician: MD Primary Care Provider at Discharge: MD Active Hospital Problems Diagnosis Date Noted POA ? Diabetic ulcer of left foot associated with type 2 diabetes mellitus, unspecified part of foot, unspecified ulcer stage Patient was started on IV vancomycin and Zosyn after blood cultures collected. Podiatry consulted and =ultimately performed partial left hallux amputation with likely surgical cure. Dr of Podiatry will follow cultures and follow-up with patient. Discharged home on keflex for 7 days. Patient was continued on his insulin pump during this hospital stay., Reported no on questionnaire of ""Do you feel sick today?"" but after experiencing reaction to vaccine did admit to having a cold. and values starting with 'Y' Can you find all similar cases and summarize their results?","Considering the records associated with A family member showed current illness in (atypical pneumonia on 7/28/23, severe persistent asthma., Inpt 8/26/22-8/31/22: Admission Date: 8/26/2022 Discharge Date: 08/31/2022 Admitting Physician: MD Attending Physician: MD Discharge Clinician: MD Primary Care Provider at Discharge: MD Active Hospital Problems Diagnosis Date Noted POA ? Diabetic ulcer of left foot associated with type 2 diabetes mellitus, unspecified part of foot, unspecified ulcer stage Patient was started on IV vancomycin and Zosyn after blood cultures collected. Podiatry consulted and =ultimately performed partial left hallux amputation with likely surgical cure. Dr of Podiatry will follow cultures and follow-up with patient. Discharged home on keflex for 7 days. Patient was continued on his insulin pump during this hospital stay., Reported no on questionnaire of ""Do you feel sick today?"" but after experiencing reaction to vaccine did admit to having a cold.) and life threat Y. Could you look up comparable cases and their follow-up?, might we detect patterns indicating previously unreported clinical phenomena?","I noticed a few cases with serious illnesses like atypical pneumonia from 7/28/23, severe asthma, and some complicated hospital stays including foot ulcers treated with partial amputation. Also, some patients initially reported no symptoms but later admitted to a cold after vaccine reactions. Could you find how many similar cases there are where life-threatening illness was recorded and summarize what happened to those patients?"
medium_r0189,medium,189,terms + prefix,"{""query"": {""bool"": {""filter"": [{""terms"": {""VAX_DOSE_SERIES"": [""UNK"", ""2"", ""1""]}}, {""prefix"": {""HISTORY"": {""value"": ""Ast""}}}]}}}","I noticed UNK, 2, 1 and values starting with 'Ast' in some reports; how common is this and what were the hospital stays or results?","The medical center has documented patients that noticed UNK, 2, 1 and values starting with 'Ast' in some reports; how common is this and what were the hospital stays or results?","In analyzing cases linked to I analyzing entries with vaccine dose series in (UNK, 2, 1) and medical history Ast. Please retrieve those records for deeper insights., is there any indication of systemic inconsistencies or categorization errors?","Our center has noted patients with vaccine doses labeled unknown, one, or two, alongside a history starting with ‘Ast’ likely asthma. Can you pull up how frequent these are and summarize their hospital admissions or recovery results?"
medium_r0190,medium,190,terms + prefix,"{""query"": {""bool"": {""filter"": [{""terms"": {""HISTORY"": [""Low Density Lipoproteins"", ""dementia, HTN, HLD"", ""Respiratory Seasonal allergic rhinitis due to pollen COPD exacerbation Allergic rhinitis due to other allergen Deviated nasal septum Epistaxis Asthma Hypertrophy of nasal turbinates Other seasonal allergic rhinitis Pneumonia due to COVID-19 virus Pleural effusion, right Digestive Vitamin D deficiency disease Endocrine/Metabolic Mixed hyperlipidemia Pure hypercholesterolemia Other Tobacco use disorder Osteopenia DVT prophylaxis""]}}, {""prefix"": {""PRIOR_VAX"": {""value"": ""Cov""}}}]}}}","In reviewing cases where Low Density Lipoproteins, dementia, HTN, HLD, Respiratory Seasonal allergic rhinitis due to pollen COPD exacerbation Allergic rhinitis due to other allergen Deviated nasal septum Epistaxis Asthma Hypertrophy of nasal turbinates Other seasonal allergic rhinitis Pneumonia due to COVID-19 virus Pleural effusion, right Digestive Vitamin D deficiency disease Endocrine/Metabolic Mixed hyperlipidemia Pure hypercholesterolemia Other Tobacco use disorder Osteopenia DVT prophylaxis and values starting with 'Cov', could you list the matching records and what happened next?","In reviewing cases where Low Density Lipoproteins, dementia, HTN, HLD, Respiratory Seasonal allergic rhinitis due to pollen COPD exacerbation Allergic rhinitis due to other allergen Deviated nasal septum Epistaxis Asthma Hypertrophy of nasal turbinates Other seasonal allergic rhinitis Pneumonia due to COVID-19 virus Pleural effusion, right Digestive Vitamin D deficiency disease Endocrine/Metabolic Mixed hyperlipidemia Pure hypercholesterolemia Other Tobacco use disorder Osteopenia DVT prophylaxis and values starting with 'Cov', could you list the matching records and what happened next?","Looking at instances involving I analyzing entries with medical history in (Low Density Lipoproteins, dementia, HTN, HLD, Respiratory Seasonal allergic rhinitis due to pollen COPD exacerbation Allergic rhinitis due to other allergen Deviated nasal septum Epistaxis Asthma Hypertrophy of nasal turbinates Other seasonal allergic rhinitis Pneumonia due to COVID-19 virus Pleural effusion, right Digestive Vitamin D deficiency disease Endocrine/Metabolic Mixed hyperlipidemia Pure hypercholesterolemia Other Tobacco use disorder Osteopenia DVT prophylaxis) and prior vaccinations Cov. Please retrieve those records for deeper insights., what explanations might account for observed variations in clinical reporting?","Please extract records where medical history includes any of the following: Low Density Lipoproteins issues, dementia, HTN, HLD, various respiratory allergies, asthma, pneumonia due to COVID-19, and other listed conditions and where prior vaccination data begins with ‘Cov’. What are the documented outcomes? Are there any notable differences across patient groups or clinics?"
medium_r0191,medium,191,terms + prefix,"{""query"": {""bool"": {""filter"": [{""terms"": {""LAB_DATA"": [""21MAR23- At Home COVID Test - Positive; 21MAR23 At Home COVID Test - Positive; 21MAR23 - COVID test (at doctor office, unknown type)- Positive"", ""Stroke Scale performed 12-15-2022 score 16 CT STROKE PROTOCOL HEAD/BRAIN W/O IV CONTRAST, 12/15/2022 11:30 AM; results Hyperdense appearance of the left MCA worrisome for underlying thrombosis. There is asymmetric blunting of left insular cortex. No acute intracranial hemorrhage. No shift midline structures. Lateral ventricles are nondilated. Basal cisterns are patent. No depressed or deforming skull fracture. Paranasal sinuses and temporal structures are well-aerated. 12-15-2022: OHS (Obesity hypoventilation syndrome) CEREBRAL THROMBECTOMY performed Repeat head CT on 12-16 through 12-18 daily, repeat head CT 12/20, Repeat head CT 1/18, 1/21, 1/23 1/23 IVC filter placement"", ""20FEB2023-Now - Cardiac Biopsy - Normal Hemodynamic Status""]}}, {""prefix"": {""ALLERGIES"": {""value"": ""Pen""}}}]}}}","In reviewing cases where 21MAR23- At Home COVID Test - Positive; 21MAR23 At Home COVID Test - Positive; 21MAR23 - COVID test (at doctor office, unknown type)- Positive, Stroke Scale performed 12-15-2022 score 16 CT STROKE PROTOCOL HEAD/BRAIN W/O IV CONTRAST, 12/15/2022 11:30 AM; results Hyperdense appearance of the left MCA worrisome for underlying thrombosis. There is asymmetric blunting of left insular cortex. No acute intracranial hemorrhage. No shift midline structures. Lateral ventricles are nondilated. Basal cisterns are patent. No depressed or deforming skull fracture. Paranasal sinuses and temporal structures are well-aerated. 12-15-2022: OHS (Obesity hypoventilation syndrome) CEREBRAL THROMBECTOMY performed Repeat head CT on 12-16 through 12-18 daily, repeat head CT 12/20, Repeat head CT 1/18, 1/21, 1/23 1/23 IVC filter placement, 20FEB2023-Now - Cardiac Biopsy - Normal Hemodynamic Status and values starting with 'Pen', could you list the matching records and what happened next?","In reviewing cases where 21MAR23- At Home COVID Test - Positive; 21MAR23 At Home COVID Test - Positive; 21MAR23 - COVID test (at doctor office, unknown type)- Positive, Stroke Scale performed 12-15-2022 score 16 CT STROKE PROTOCOL HEAD/BRAIN W/O IV CONTRAST, 12/15/2022 11:30 AM; results Hyperdense appearance of the left MCA worrisome for underlying thrombosis. There is asymmetric blunting of left insular cortex. No acute intracranial hemorrhage. No shift midline structures. Lateral ventricles are nondilated. Basal cisterns are patent. No depressed or deforming skull fracture. Paranasal sinuses and temporal structures are well-aerated. 12-15-2022: OHS (Obesity hypoventilation syndrome) CEREBRAL THROMBECTOMY performed Repeat head CT on 12-16 through 12-18 daily, repeat head CT 12/20, Repeat head CT 1/18, 1/21, 1/23 1/23 IVC filter placement, 20FEB2023-Now - Cardiac Biopsy - Normal Hemodynamic Status and values starting with 'Pen', could you list the matching records and what happened next?","Given the context involving I'm reviewing medication cases exhibiting examination results in (21MAR23- At Home COVID Test - Positive; 21MAR23 At Home COVID Test - Positive; 21MAR23 - COVID test (at doctor office, unknown type)- Positive, Stroke Scale performed 12-15-2022 score 16 CT STROKE PROTOCOL HEAD/BRAIN W/O IV CONTRAST, 12/15/2022 11:30 AM; results Hyperdense appearance of the left MCA worrisome for underlying thrombosis. There is asymmetric blunting of left insular cortex. No acute intracranial hemorrhage. No shift midline structures. Lateral ventricles are nondilated. Basal cisterns are patent. No depressed or deforming skull fracture. Paranasal sinuses and temporal structures are well-aerated. 12-15-2022: OHS (Obesity hypoventilation syndrome) CEREBRAL THROMBECTOMY performed Repeat head CT on 12-16 through 12-18 daily, repeat head CT 12/20, Repeat head CT 1/18, 1/21, 1/23 1/23 IVC filter placement, 20FEB2023-Now - Cardiac Biopsy - Normal Hemodynamic Status) and allergies Pen. What outcomes are documented?, are there identifiable factors contributing to unexpected health outcomes in recent reports?","I’m reviewing cases involving patients who had positive COVID-19 tests around March 21, 2023 (including at-home and doctor’s office tests), a stroke event on December 15, 2022, with a Stroke Scale score of 16 and CT scans showing a hyperdense left MCA suggestive of thrombosis but no hemorrhage or midline shift, along with obesity hypoventilation syndrome treated by cerebral thrombectomy and multiple follow-up head CTs through January, an IVC filter placed on January 23, and ongoing cardiac biopsy since February 20 indicating normal hemodynamic status; these patients also have allergies beginning with “Pen.” Given these complex histories and treatments, what outcomes have been documented, and are there identifiable factors or patterns contributing to unexpected health issues or clinical anomalies in these reports?"
medium_r0192,medium,192,terms + prefix,"{""query"": {""bool"": {""filter"": [{""terms"": {""ALLERGIES"": [""Relasen; Naprosyn; Shellfish"", ""Latex, Ciprofloxin, Macrobid"", ""Shellfish; seasonal; sulfa drugs""]}}, {""prefix"": {""OTHER_MEDS"": {""value"": ""Lis""}}}]}}}","I found records with Relasen; Naprosyn; Shellfish, Latex, Ciprofloxin, Macrobid, Shellfish; seasonal; sulfa drugs and values starting with 'Lis'. Please retrieve all matching cases and share their results?","We've received reports about patients who found records with Relasen; Naprosyn; Shellfish, Latex, Ciprofloxin, Macrobid, Shellfish; seasonal; sulfa drugs and values starting with 'Lis'. Please retrieve all matching cases and share their results?","Given the context involving I tracking occurrences of allergies in (Relasen; Naprosyn; Shellfish, Latex, Ciprofloxin, Macrobid, Shellfish; seasonal; sulfa drugs) and other medications Lis. Please map their distribution and counts by state., are there identifiable factors contributing to unexpected health outcomes in recent reports?","I’m looking into cases where patients have allergies to Relasen, Naprosyn, Shellfish, Latex, Ciprofloxacin, Macrobid, or seasonal and sulfa drugs, and who are also taking medications that start with “Lis.” Could you gather all such records, summarize their outcomes, and show how frequently these cases occur across different states? Additionally, are there any noticeable trends or factors linked to unexpected health issues in these patients?"
medium_r0193,medium,193,terms + prefix,"{""query"": {""bool"": {""filter"": [{""terms"": {""RECVDATE"": [""04/16/2023"", ""06/25/2023"", ""01/14/2023""]}}, {""prefix"": {""OTHER_MEDS"": {""value"": ""SOT""}}}]}}}","After experiencing 04/16/2023, 06/25/2023, 01/14/2023 and values starting with 'SOT', I wonder how many others had similar cases and what their outcomes were?","After experiencing 04/16/2023, 06/25/2023, 01/14/2023 and values starting with 'SOT', I wonder how many others had similar cases and what their outcomes were?","In the context of analyzing I help a patient who had date received vaccine in (04/16/2023, 06/25/2023, 01/14/2023) and other medications SOT. Could you pull up similar cases and lengths of hospital stays?, could this reflect an underlying systematic issue within certain subgroups or treatments?","I’m reviewing cases where patients received vaccines on 04/16/2023, 06/25/2023, or 01/14/2023 and were taking medications starting with “SOT.” Could you find similar records, share how many such cases there are, and provide details on their hospital stay durations? Also, is there any indication of a pattern or underlying issue affecting certain patient groups or treatments?"
medium_r0194,medium,194,terms + prefix,"{""query"": {""bool"": {""filter"": [{""terms"": {""ONSET_DATE"": [""10/05/2021"", ""08/24/2023"", ""05/11/2022""]}}, {""prefix"": {""VAX_MANU"": {""value"": ""PRO""}}}]}}}","When records show 10/05/2021, 08/24/2023, 05/11/2022 and values starting with 'PRO', what do others report as their follow-up outcomes?","When records show 10/05/2021, 08/24/2023, 05/11/2022 and values starting with 'PRO', what do others report as their follow-up outcomes?","When considering records mentioning I help a patient who had onset date in (10/05/2021, 08/24/2023, 05/11/2022) and vaccine manufacturer PRO. Could you pull up similar cases and lengths of hospital stays?, have patterns emerged that might signal a procedural or documentation anomaly?","I’m looking into cases where the onset dates are 10/05/2021, 08/24/2023, or 05/11/2022 and the vaccine manufacturer starts with “PRO.” Could you find similar records, show how many there are, and provide details on their follow-up outcomes and hospital stay lengths? Also, are there any noticeable patterns that could suggest issues in how these cases are documented or handled?"
medium_r0195,medium,195,terms + prefix,"{""query"": {""bool"": {""filter"": [{""terms"": {""L_THREAT"": [""Y""]}}, {""prefix"": {""ER_VISIT"": {""value"": ""Y""}}}]}}}","Looking at reports of Y and values starting with 'Y', could you show how many there are and what happened to those patients?","Looking at reports of Y and values starting with 'Y', could you show how many there are and what happened to those patients?","Looking at instances involving I cared for a patient with life threat in (Y) and ER record Y. How often does this occur and what follow-up was noted?, what explanations might account for observed variations in clinical reporting?","For our quarterly audit, I need to know how many patients with life-threatening conditions visited the ER and what the documented follow-ups were. Also, are there patterns that suggest some cases might be underreported or misclassified?"
medium_r0196,medium,196,terms + prefix,"{""query"": {""bool"": {""filter"": [{""terms"": {""ER_VISIT"": [""Y""]}}, {""prefix"": {""L_THREAT"": {""value"": ""Y""}}}]}}}","When records show Y and values starting with 'Y', what do others report as their follow-up outcomes?","When records show Y and values starting with 'Y', what do others report as their follow-up outcomes?","Upon reviewing patient records referencing I cared for a patient with ER record in (Y) and life threat Y. How often does this occur and what follow-up was noted?, can we find a specific trend or anomaly that warrants deeper investigation?","I’m looking into patients who had an emergency room visit and were flagged as having a life-threatening condition. How common is this, and what kind of follow-up care did they typically get?"
medium_r0197,medium,197,terms + prefix,"{""query"": {""bool"": {""filter"": [{""terms"": {""SYMPTOM_TEXT"": [""-Patient reported swelling, Redness in arm at about noon. By 4pm his throat started closing up. His wife advised Benadryl, with Relief. -Stated that he doesn't even remember Saturday. -Had a fever if about 101 -Bruise in axilla opposite arm and on lower abdomen4 -Came into pharmacy on 2/20 to report."", ""Pain at injection site, headache, body aches, flu-like"", ""Optic Neuritis Right eye Blurry vision starting around 7/2/2020 worsened & seen by Ophthalmologist on 7/16/20 & noted to have optic disc edema Hospitalized & tx with iv solumedrol x3 dys""]}}, {""prefix"": {""VAX_DATE"": {""value"": ""08/""}}}]}}}","I found records with -Patient reported swelling, Redness in arm at about noon. By 4pm his throat started closing up. His wife advised Benadryl, with Relief. -Stated that he doesn't even remember Saturday. -Had a fever if about 101 -Bruise in axilla opposite arm and on lower abdomen4 -Came into pharmacy on 2/20 to report., Pain at injection site, headache, body aches, flu-like, Optic Neuritis Right eye Blurry vision starting around 7/2/2020 worsened & seen by Ophthalmologist on 7/16/20 & noted to have optic disc edema Hospitalized & tx with iv solumedrol x3 dys and values starting with '08/'. Please retrieve all matching cases and share their results?","We've received reports about patients who found records with -Patient reported swelling, Redness in arm at about noon. By 4pm his throat started closing up. His wife advised Benadryl, with Relief. -Stated that he doesn't even remember Saturday. -Had a fever if about 101 -Bruise in axilla opposite arm and on lower abdomen4 -Came into pharmacy on 2/20 to report., Pain at injection site, headache, body aches, flu-like, Optic Neuritis Right eye Blurry vision starting around 7/2/2020 worsened & seen by Ophthalmologist on 7/16/20 & noted to have optic disc edema Hospitalized & tx with iv solumedrol x3 dys and values starting with '08/'. Please retrieve all matching cases and share their results?","In the context of analyzing I analyzing entries with description of patient in (-Patient reported swelling, Redness in arm at about noon. By 4pm his throat started closing up. His wife advised Benadryl, with Relief. -Stated that he doesn't even remember Saturday. -Had a fever if about 101 -Bruise in axilla opposite arm and on lower abdomen4 -Came into pharmacy on 2/20 to report., Pain at injection site, headache, body aches, flu-like, Optic Neuritis Right eye Blurry vision starting around 7/2/2020 worsened & seen by Ophthalmologist on 7/16/20 & noted to have optic disc edema Hospitalized & tx with iv solumedrol x3 dys) and vaccine date 08/. Please retrieve those records for deeper insights., could this reflect an underlying systematic issue within certain subgroups or treatments?","I’m reviewing reports from patients who got vaccinated in August and experienced symptoms like arm swelling, redness, throat tightening relieved by Benadryl, fever, bruising, or flu-like symptoms such as headache and body aches. Some even had serious issues like optic neuritis requiring hospitalization. Can you pull all these August cases and summarize their outcomes? Are there any patterns that might suggest specific risk groups or treatment issues?"
medium_r0198,medium,198,terms + range,"{""query"": {""bool"": {""filter"": [{""terms"": {""ER_ED_VISIT"": [""Y""]}}, {""range"": {""NUMDAYS"": {""gte"": 0.0, ""lte"": 3706.5}}}]}}}",I found records with Y and values between 0.0 and 3706.5. Please retrieve all matching cases and share their results?,My mother recently found records with Y and values between 0.0 and 3706.5. Please retrieve all matching cases and share their results?,"Upon reviewing patient records referencing I cared for a patient with ER/ED record in (Y) and numdays between 0.0 and 3706.5. How often does this occur and what follow-up was noted?, can we find a specific trend or anomaly that warrants deeper investigation?","For patients recorded with emergency or urgent care visits and follow-up time spanning from zero up to 3706 days, what do their recovery timelines and outcomes look like? Could you provide a summary of these cases and highlight any notable findings?"
medium_r0199,medium,199,terms + range,"{""query"": {""bool"": {""filter"": [{""terms"": {""HOSPITAL"": [""Y""]}}, {""range"": {""VAERS_ID.1"": {""gte"": 2547730.0, ""lte"": 2567719.3}}}]}}}",I noticed Y and values between 2547730.0 and 2567719.3 in some reports; how common is this and what were the hospital stays or results?,Health records indicate cases where noticed Y and values between 2547730.0 and 2567719.3 in some reports; how common is this and what were the hospital stays or results?,"For data entries connected to I help a patient who had hospital record in (Y) and vaers id.1 between 2547730.0 and 2567719.3. Could you pull up similar cases and lengths of hospital stays?, could there be previously unnoticed demographic or clinical correlations?","In analyzing cases where hospital admission is confirmed and VAERS ID falls between 2,547,730 and 2,567,719, how frequently do these occur? Are there any notable demographic or clinical patterns linked to hospital stay lengths or outcomes?"
medium_r0200,medium,200,terms + range,"{""query"": {""bool"": {""filter"": [{""terms"": {""DISABLE"": [""Y""]}}, {""range"": {""CAGE_MO"": {""gte"": 0.0, ""lte"": 0.1}}}]}}}","In reviewing cases where Y and values between 0.0 and 0.1, could you list the matching records and what happened next?","In reviewing cases where Y and values between 0.0 and 0.1, could you list the matching records and what happened next?","In reviewing events tied to I'm reviewing medication cases exhibiting disability status in (Y) and cage mo between 0.0 and 0.1. What outcomes are documented?, are there clear indications that suggest a broader systemic documentation challenge?","We have cases with reported disability occurring very soon after vaccination, roughly within the first month. How many such cases are there, and what outcomes were documented? Could this indicate any systematic issues in post-vaccination disability reporting?"
medium_r0201,medium,201,terms + range,"{""query"": {""bool"": {""filter"": [{""terms"": {""STATE"": [""FM"", ""VT"", ""MD""]}}, {""range"": {""CAGE_MO"": {""gte"": 0.0, ""lte"": 0.1}}}]}}}","I found records with FM, VT, MD and values between 0.0 and 0.1. Please retrieve all matching cases and share their results?","Our clinic is treating cases where found records with FM, VT, MD and values between 0.0 and 0.1. Please retrieve all matching cases and share their results?","Upon reviewing patient records referencing A family member showed patient from in (FM, VT, MD) and cage mo between 0.0 and 0.1. Could you look up comparable cases and their follow-up?, can we find a specific trend or anomaly that warrants deeper investigation?","We’re tracking reports from FM, VT, and MD involving infants less than a week old. Could you pull the data on those cases and summarize their health outcomes? Are there any unusual patterns or concerns we should be aware of?"
medium_r0202,medium,202,terms + range,"{""query"": {""bool"": {""filter"": [{""terms"": {""DIED"": [""Y""]}}, {""range"": {""CAGE_YR"": {""gte"": 0.0, ""lte"": 10.200000000000001}}}]}}}","After experiencing Y and values between 0.0 and 10.200000000000001, I wonder how many others had similar cases and what their outcomes were?","After experiencing Y and values between 0.0 and 10.200000000000001, I wonder how many others had similar cases and what their outcomes were?","In analyzing cases linked to I cared for a patient with died after treatment in (Y) and age of patient between 0.0 and 10.200000000000001. How often does this occur and what follow-up was noted?, is there any indication of systemic inconsistencies or categorization errors?","In reviewing pediatric mortality data for patients up to 10 years old, I want to understand the frequency and outcomes of these deaths and whether any follow-up was conducted. Are there indications of data quality or systemic issues?"
medium_r0203,medium,203,terms + range,"{""query"": {""bool"": {""filter"": [{""terms"": {""VAX_DOSE_SERIES"": [""3"", ""7+"", ""2""]}}, {""range"": {""CAGE_YR"": {""gte"": 0.0, ""lte"": 10.200000000000001}}}]}}}","Seeing 3, 7+, 2 and values between 0.0 and 10.200000000000001 noted, could you pull up all such entries and show their outcomes?","Seeing 3, 7+, 2 and values between 0.0 and 10.200000000000001 noted, could you pull up all such entries and show their outcomes?","With cases related to I'm reviewing medication cases exhibiting vaccine dose series in (3, 7+, 2) and age of patient between 0.0 and 10.200000000000001. What outcomes are documented?, have there been identifiable differences across facilities or patient demographics?","We are analyzing vaccination data for children aged 0 to 10.2 years who received dose series numbers 2, 3, or 7 and above. Could you summarize their health outcomes and whether differences emerge by hospital or region?"
medium_r0204,medium,204,terms + range,"{""query"": {""bool"": {""filter"": [{""terms"": {""ALLERGIES"": [""Herbal tea, environmental"", ""Sulfur, Codeine, tylenol"", ""AtorvastatinMyalgia, Headache, Other CiprofloxacinGI Upset CodeineItching MetronidazoleGI Upset ShrimpNausea and Vomiting""]}}, {""range"": {""FORM_VERS"": {""gte"": 1.0, ""lte"": 1.1}}}]}}}","When records show Herbal tea, environmental, Sulfur, Codeine, tylenol, AtorvastatinMyalgia, Headache, Other CiprofloxacinGI Upset CodeineItching MetronidazoleGI Upset ShrimpNausea and Vomiting and values between 1.0 and 1.1, what do others report as their follow-up outcomes?","When records show Herbal tea, environmental, Sulfur, Codeine, tylenol, AtorvastatinMyalgia, Headache, Other CiprofloxacinGI Upset CodeineItching MetronidazoleGI Upset ShrimpNausea and Vomiting and values between 1.0 and 1.1, what do others report as their follow-up outcomes?","Considering the records associated with I tracking occurrences of allergies in (Herbal tea, environmental, Sulfur, Codeine, tylenol, AtorvastatinMyalgia, Headache, Other CiprofloxacinGI Upset CodeineItching MetronidazoleGI Upset ShrimpNausea and Vomiting) and form vers between 1.0 and 1.1. Please map their distribution and counts by state., might we detect patterns indicating previously unreported clinical phenomena?","We’re tracking allergy cases involving herbal tea, environmental triggers, sulfur, codeine, tylenol, and some antibiotics in forms versioned between 1.0 and 1.1. Could you summarize their distribution across states and whether any new clinical trends have emerged?”"
medium_r0205,medium,205,terms + range,"{""query"": {""bool"": {""filter"": [{""terms"": {""SEX"": [""U"", ""M"", ""F""]}}, {""range"": {""VAERS_ID.1"": {""gte"": 2547730.0, ""lte"": 2567719.3}}}]}}}","I found records with U, M, F and values between 2547730.0 and 2567719.3. Please retrieve all matching cases and share their results?","Hospital records show individuals who found records with U, M, F and values between 2547730.0 and 2567719.3. Please retrieve all matching cases and share their results?","Given the context involving I'm reviewing medication cases exhibiting sex of patient in (U, M, F) and vaers id.1 between 2547730.0 and 2567719.3. What outcomes are documented?, are there identifiable factors contributing to unexpected health outcomes in recent reports?","I’m looking into cases for patients identified as male, female, or unknown sex with VAERS IDs ranging from about 2,547,730 to 2,567,719. Could you pull up all matching records and summarize the outcomes? Are there any noticeable patterns or unexpected results related to sex or other factors?"
medium_r0206,medium,206,terms + range,"{""query"": {""bool"": {""filter"": [{""terms"": {""STATE"": [""FM"", ""RI"", ""OH""]}}, {""range"": {""VAERS_ID.1"": {""gte"": 2547730.0, ""lte"": 2567719.3}}}]}}}","When records show FM, RI, OH and values between 2547730.0 and 2567719.3, what do others report as their follow-up outcomes?","When records show FM, RI, OH and values between 2547730.0 and 2567719.3, what do others report as their follow-up outcomes?","With cases related to I analyzing entries with patient from in (FM, RI, OH) and vaers id.1 between 2547730.0 and 2567719.3. Please retrieve those records for deeper insights., have there been identifiable differences across facilities or patient demographics?","We have patients from FM, RI, and OH within that VAERS ID range. Can you provide details on their follow-up—like recovery status, complications, or hospital stays? Do certain facilities or patient groups seem to have different results?"
medium_r0207,medium,207,terms + range,"{""query"": {""bool"": {""filter"": [{""terms"": {""VAX_LOT"": [""4G95T"", ""AU5550B"", ""ut8091ka""]}}, {""range"": {""NUMDAYS"": {""gte"": 0.0, ""lte"": 3706.5}}}]}}}","I noticed 4G95T, AU5550B, ut8091ka and values between 0.0 and 3706.5 in some reports; how common is this and what were the hospital stays or results?","One of my colleagues encountered a patient who noticed 4G95T, AU5550B, ut8091ka and values between 0.0 and 3706.5 in some reports; how common is this and what were the hospital stays or results?","In reviewing events tied to I cared for a patient with vaccine lot number in (4G95T, AU5550B, ut8091ka) and numdays between 0.0 and 3706.5. How often does this occur and what follow-up was noted?, are there clear indications that suggest a broader systemic documentation challenge?","I’m reviewing events for patients who received vaccines from lots 4G95T, AU5550B, or ut8091ka, where hospital stays ranged from zero days up to about ten years. How often do these cases occur, and what follow-up care or outcomes have been documented? Also, do you see any patterns or issues that might indicate problems with documentation or reporting?"
medium_r0208,medium,208,terms + range,"{""query"": {""bool"": {""filter"": [{""terms"": {""OFC_VISIT"": [""Y""]}}, {""range"": {""HOSPDAYS"": {""gte"": 1.0, ""lte"": 1112.0}}}]}}}",I found records with Y and values between 1.0 and 1112.0. Please retrieve all matching cases and share their results?,We've received reports about patients who found records with Y and values between 1.0 and 1112.0. Please retrieve all matching cases and share their results?,"Given the context involving As a physician seeing cases of office visit record in (Y) and days in hospital between 1.0 and 1112.0, how many patients match these criteria and what were their results?, are there identifiable factors contributing to unexpected health outcomes in recent reports?",Our clinic tracks office visits flagged as ‘yes’ for follow-up. Can you pull up all the records where patients had an office visit and hospital stays ranging from 1 day up to about 3 years? We want to understand how these patients fared.”
medium_r0209,medium,209,terms + range,"{""query"": {""bool"": {""filter"": [{""terms"": {""ER_VISIT"": [""Y""]}}, {""range"": {""HOSPDAYS"": {""gte"": 1.0, ""lte"": 1112.0}}}]}}}",I noticed Y and values between 1.0 and 1112.0 in some reports; how common is this and what were the hospital stays or results?,Our clinic is treating cases where noticed Y and values between 1.0 and 1112.0 in some reports; how common is this and what were the hospital stays or results?,"Upon reviewing patient records referencing As a physician seeing cases of ER record in (Y) and days in hospital between 1.0 and 1112.0, how many patients match these criteria and what were their results?, can we find a specific trend or anomaly that warrants deeper investigation?","During our quarterly audit of emergency care, we flag all patients who visited the emergency room. Can you tell me how many records show an emergency room visit and hospital stays between 1 and 1112 days, and what follow-up results were reported?"
medium_r0210,medium,210,terms + range,"{""query"": {""bool"": {""filter"": [{""terms"": {""ER_VISIT"": [""Y""]}}, {""range"": {""VAERS_ID.1"": {""gte"": 2547730.0, ""lte"": 2567719.3}}}]}}}","Having seen Y and values between 2547730.0 and 2567719.3, I'm curious about similar records and their typical outcomes?","Having seen Y and values between 2547730.0 and 2567719.3, I'm curious about similar records and their typical outcomes?","For data entries connected to I experienced ER record in (Y) and vaers id.1 between 2547730.0 and 2567719.3. Are there others like me and what were their outcomes?, could there be previously unnoticed demographic or clinical correlations?","We track all emergency room visits. For reports with VAERS IDs between 2,547,730 and 2,567,719, how many entries are there? What follow-up outcomes have been recorded?"
medium_r0211,medium,211,terms + range,"{""query"": {""bool"": {""filter"": [{""terms"": {""VAX_TYPE"": [""DTAPIPV"", ""DTAPHEPBIP"", ""RV5""]}}, {""range"": {""HOSPDAYS"": {""gte"": 1.0, ""lte"": 1112.0}}}]}}}","Seeing DTAPIPV, DTAPHEPBIP, RV5 and values between 1.0 and 1112.0 noted, could you pull up all such entries and show their outcomes?","Seeing DTAPIPV, DTAPHEPBIP, RV5 and values between 1.0 and 1112.0 noted, could you pull up all such entries and show their outcomes?","Upon reviewing patient records referencing I reporting on incidents of current vaccine type in (DTAPIPV, DTAPHEPBIP, RV5) and days in hospital between 1.0 and 1112.0. Can you provide examples and their key examination results?, can we find a specific trend or anomaly that warrants deeper investigation?","Looking at vaccine types DTaP-IPV, DTaP-HepB-IP, and RV5, I’d like to identify all reports with hospital stays of 1 to 1,112 days. What patterns or unusual trends emerge from these cases?"
medium_r0212,medium,212,terms + range,"{""query"": {""bool"": {""filter"": [{""terms"": {""HOSPITAL"": [""Y""]}}, {""range"": {""AGE_YRS"": {""gte"": 0.08, ""lte"": 10.272}}}]}}}","When records show Y and values between 0.08 and 10.272, what do others report as their follow-up outcomes?","When records show Y and values between 0.08 and 10.272, what do others report as their follow-up outcomes?","With cases related to I experienced hospital record in (Y) and age of patient between 0.08 and 10.272. Are there others like me and what were their outcomes?, have there been identifiable differences across facilities or patient demographics?","For patients aged about 1 month to 10 years who were hospitalized, what follow-up results are most commonly reported? Are there differences by hospital or demographic group?"
medium_r0213,medium,213,terms + range,"{""query"": {""bool"": {""filter"": [{""terms"": {""SEX"": [""M"", ""U"", ""F""]}}, {""range"": {""VAERS_ID"": {""gte"": 0.0, ""lte"": 13401.1}}}]}}}","I noticed M, U, F and values between 0.0 and 13401.1 in some reports; how common is this and what were the hospital stays or results?","The medical center has documented patients that noticed M, U, F and values between 0.0 and 13401.1 in some reports; how common is this and what were the hospital stays or results?","When considering records mentioning I analyzing entries with sex of patient in (M, U, F) and ID of patient between 0.0 and 13401.1. Please retrieve those records for deeper insights., have patterns emerged that might signal a procedural or documentation anomaly?","We’re looking into some of the earliest VAERS entries IDs up to around 13,400 for patients listed as male, female, or unknown. Can you tell me how many of these cases there are and what their hospital stays or outcomes looked like?"
medium_r0214,medium,214,terms + wildcard,"{""query"": {""bool"": {""filter"": [{""terms"": {""VAX_NAME"": [""RABIES (RABAVERT)"", ""COVID19 (COVID19 (MODERNA))"", ""ZOSTER LIVE (ZOSTAVAX)""]}}, {""wildcard"": {""VAX_TYPE"": {""value"": ""*FL*""}}}]}}}","I noticed RABIES (RABAVERT), COVID19 (COVID19 (MODERNA)), ZOSTER LIVE (ZOSTAVAX) and values matching '*FL*' in some reports; how common is this and what were the hospital stays or results?","My mother recently noticed RABIES (RABAVERT), COVID19 (COVID19 (MODERNA)), ZOSTER LIVE (ZOSTAVAX) and values matching '*FL*' in some reports; how common is this and what were the hospital stays or results?","Upon reviewing patient records referencing I reporting on incidents of vax name in (RABIES (RABAVERT), COVID19 (COVID19 (MODERNA)), ZOSTER LIVE (ZOSTAVAX)) and current vaccine type matching *FL*. Can you provide examples and their key examination results?, can we find a specific trend or anomaly that warrants deeper investigation?","The team is analyzing adverse event reports involving Rabies (Rabavert), COVID-19 Moderna, and Zoster Live (Zostavax) vaccines where the vaccine type matches a pattern including ‘FL’. Could you provide a summary of these cases and highlight any trends or anomalies that might need further investigation?"
medium_r0215,medium,215,terms + wildcard,"{""query"": {""bool"": {""filter"": [{""terms"": {""HISTORY"": [""AFIB DIABETES DEMENTIA HYPERLIPIDEMIA, ANXIETY AND ANEMIA"", ""Fibromyalgia; Arthritis"", ""Medical History/Concurrent Conditions: Depression; Thyroid nodule""]}}, {""wildcard"": {""DIED"": {""value"": ""*Y*""}}}]}}}","After experiencing AFIB DIABETES DEMENTIA HYPERLIPIDEMIA, ANXIETY AND ANEMIA, Fibromyalgia; Arthritis, Medical History/Concurrent Conditions: Depression; Thyroid nodule and values matching '*Y*', I wonder how many others had similar cases and what their outcomes were?","After experiencing AFIB DIABETES DEMENTIA HYPERLIPIDEMIA, ANXIETY AND ANEMIA, Fibromyalgia; Arthritis, Medical History/Concurrent Conditions: Depression; Thyroid nodule and values matching '*Y*', I wonder how many others had similar cases and what their outcomes were?","Looking at instances involving I reporting on incidents of medical history in (AFIB DIABETES DEMENTIA HYPERLIPIDEMIA, ANXIETY AND ANEMIA, Fibromyalgia; Arthritis, Medical History/Concurrent Conditions: Depression; Thyroid nodule) and died after treatment matching *Y*. Can you provide examples and their key examination results?, what explanations might account for observed variations in clinical reporting?","We’re analyzing reports where patients with complex medical histories such as AFib, diabetes, dementia, anxiety, anemia, fibromyalgia, arthritis, depression, and thyroid nodules have died post-vaccination. What does the data show about these cases? Could variations in reporting or clinical factors explain differences in outcomes?"
medium_r0216,medium,216,terms + wildcard,"{""query"": {""bool"": {""filter"": [{""terms"": {""V_FUNDBY"": [""PUB"", ""UNK"", ""OTH""]}}, {""wildcard"": {""SYMPTOM_TEXT"": {""value"": ""*Fa*""}}}]}}}","There's an instance of PUB, UNK, OTH and values matching '*Fa*' Can you find all similar cases and summarize their results?","There's an instance of PUB, UNK, OTH and values matching '*Fa*' Can you find all similar cases and summarize their results?","With cases related to I tracking occurrences of v fundby in (PUB, UNK, OTH) and description of patient matching *Fa*. Please map their distribution and counts by state., have there been identifiable differences across facilities or patient demographics?","I’m reviewing cases where the vaccine funding source is public, unknown, or other, and the symptoms mentioned include something like ‘Fa’. Could you gather all similar reports and give me a summary of what happened? Also, can you show how these cases are spread out by state? Are there any noticeable differences between types of facilities or patient groups?"
medium_r0217,medium,217,terms + wildcard,"{""query"": {""bool"": {""filter"": [{""terms"": {""DISABLE"": [""Y""]}}, {""wildcard"": {""ONSET_DATE"": {""value"": ""*06*""}}}]}}}",I noticed Y and values matching '*06*' in some reports; how common is this and what were the hospital stays or results?,Health records indicate cases where noticed Y and values matching '*06*' in some reports; how common is this and what were the hospital stays or results?,"Looking at instances involving I'm reviewing medication cases exhibiting disability status in (Y) and onset date matching *06*. What outcomes are documented?, what explanations might account for observed variations in clinical reporting?","Our team tracks patients who developed disabilities after getting vaccinated, especially those whose symptoms started around June. Can you pull up all those records and share details on their hospital stays and recovery?"
medium_r0218,medium,218,terms + wildcard,"{""query"": {""bool"": {""filter"": [{""terms"": {""RECVDATE"": [""04/16/2023"", ""01/08/2023"", ""09/30/2023""]}}, {""wildcard"": {""VAX_ROUTE"": {""value"": ""*IN*""}}}]}}}","In reviewing cases where 04/16/2023, 01/08/2023, 09/30/2023 and values matching '*IN*', could you list the matching records and what happened next?","In reviewing cases where 04/16/2023, 01/08/2023, 09/30/2023 and values matching '*IN*', could you list the matching records and what happened next?","Given the context involving I experienced date received vaccine in (04/16/2023, 01/08/2023, 09/30/2023) and vax route matching *IN*. Are there others like me and what were their outcomes?, are there identifiable factors contributing to unexpected health outcomes in recent reports?","I’m reviewing cases where the vaccine was given intranasally on 04/16/2023, 01/08/2023, or 09/30/2023. How many patients had adverse events, and what were their outcomes? Are there any patterns worth investigating?"
medium_r0219,medium,219,terms + wildcard,"{""query"": {""bool"": {""filter"": [{""terms"": {""STATE"": [""MS"", ""SC"", ""KS""]}}, {""wildcard"": {""V_FUNDBY"": {""value"": ""*PU*""}}}]}}}","Looking at reports of MS, SC, KS and values matching '*PU*', could you show how many there are and what happened to those patients?","Looking at reports of MS, SC, KS and values matching '*PU*', could you show how many there are and what happened to those patients?","Considering the records associated with I experienced patient from in (MS, SC, KS) and v fundby matching *PU*. Are there others like me and what were their outcomes?, might we detect patterns indicating previously unreported clinical phenomena?","Analyzing vaccine reports from MS, SC, and KS with funding noted as public or similar, can we identify how many cases occurred and if there are any notable patterns in patient outcomes or complications?"
medium_r0220,medium,220,terms + wildcard,"{""query"": {""bool"": {""filter"": [{""terms"": {""V_FUNDBY"": [""OTH"", ""UNK"", ""PUB""]}}, {""wildcard"": {""VAX_ROUTE"": {""value"": ""*OT*""}}}]}}}","In reviewing cases where OTH, UNK, PUB and values matching '*OT*', could you list the matching records and what happened next?","In reviewing cases where OTH, UNK, PUB and values matching '*OT*', could you list the matching records and what happened next?","When considering records mentioning I tracking occurrences of v fundby in (OTH, UNK, PUB) and vax route matching *OT*. Please map their distribution and counts by state., have patterns emerged that might signal a procedural or documentation anomaly?","In patients whose vaccine funding is recorded as other, unknown, or public, and the administration route contains ‘OT’, what are the reported outcomes? Are there any states or locations where these cases are more common?"
medium_r0221,medium,221,terms + wildcard,"{""query"": {""bool"": {""filter"": [{""terms"": {""L_THREAT"": [""Y""]}}, {""wildcard"": {""HISTORY"": {""value"": ""*as*""}}}]}}}",I've come across entries with Y and values matching '*as*'. Can we see how frequently this occurs and any results?,Someone I know come across entries with Y and values matching '*as*'. Can we see how frequently this occurs and any results?,"In the context of analyzing My friend has life threat in (Y) and medical history matching *as*. Can you find similar records and share their confirmation of recovery or not?, could this reflect an underlying systematic issue within certain subgroups or treatments?",A friend of mine was flagged with a life-threatening condition and a medical history that includes ‘as’ somewhere. Can we find out how often this occurs and what the outcomes were?
medium_r0222,medium,222,terms + wildcard,"{""query"": {""bool"": {""filter"": [{""terms"": {""ALLERGIES"": [""Adhesive; Aleve"", ""oybean, wheat, peanut, walnut, dust, dog, cockroach"", ""dust potasium""]}}, {""wildcard"": {""RECVDATE"": {""value"": ""*03*""}}}]}}}","I've come across entries with Adhesive; Aleve, oybean, wheat, peanut, walnut, dust, dog, cockroach, dust potasium and values matching '*03*'. Can we see how frequently this occurs and any results?","My friend mentioned that they come across entries with Adhesive; Aleve, oybean, wheat, peanut, walnut, dust, dog, cockroach, dust potasium and values matching '*03*'. Can we see how frequently this occurs and any results?","For data entries connected to I cared for a patient with allergies in (Adhesive; Aleve, oybean, wheat, peanut, walnut, dust, dog, cockroach, dust potasium) and date received vaccine matching *03*. How often does this occur and what follow-up was noted?, could there be previously unnoticed demographic or clinical correlations?","Looking at vaccine reports from March, I want to identify patients with allergies like adhesive, Aleve, various foods, and environmental allergens. How many such cases are there, and do the follow-ups suggest any significant clinical trends?"
medium_r0223,medium,223,terms + wildcard,"{""query"": {""bool"": {""filter"": [{""terms"": {""V_FUNDBY"": [""PUB"", ""UNK"", ""OTH""]}}, {""wildcard"": {""RECOVD"": {""value"": ""*U*""}}}]}}}","There's an instance of PUB, UNK, OTH and values matching '*U*' Can you find all similar cases and summarize their results?","There's an instance of PUB, UNK, OTH and values matching '*U*' Can you find all similar cases and summarize their results?","In analyzing cases linked to My friend has v fundby in (PUB, UNK, OTH) and recovery status matching *U*. Can you find similar records and share their confirmation of recovery or not?, is there any indication of systemic inconsistencies or categorization errors?","I’m looking into patients whose vaccines were paid for by public, unknown, or other sources, and whose recovery status is uncertain. Can we find how many such cases there are and what their outcomes typically look like?"
medium_r0224,medium,224,terms + wildcard,"{""query"": {""bool"": {""filter"": [{""terms"": {""ONSET_DATE"": [""12/21/2021"", ""07/17/2022"", ""05/04/2021""]}}, {""wildcard"": {""V_ADMINBY"": {""value"": ""*MI*""}}}]}}}","In reviewing cases where 12/21/2021, 07/17/2022, 05/04/2021 and values matching '*MI*', could you list the matching records and what happened next?","In reviewing cases where 12/21/2021, 07/17/2022, 05/04/2021 and values matching '*MI*', could you list the matching records and what happened next?","In analyzing cases linked to I reporting on incidents of onset date in (12/21/2021, 07/17/2022, 05/04/2021) and v adminby matching *MI*. Can you provide examples and their key examination results?, is there any indication of systemic inconsistencies or categorization errors?","I’m analyzing reports with onset dates of 12/21/2021, 07/17/2022, and 05/04/2021 where the vaccine was administered by a site containing ‘MI’. Can you provide examples, their main results, and if there are any trends or errors in the data?"
medium_r0225,medium,225,terms + wildcard,"{""query"": {""bool"": {""filter"": [{""terms"": {""CUR_ILL"": [""Sleep apnea - uses CPAP since January 2022"", ""Flu like symptoms"", ""Hypertension / Covid-19 a month prior to vaccination""]}}, {""wildcard"": {""OTHER_MEDS"": {""value"": ""*AC*""}}}]}}}","Looking at reports of Sleep apnea - uses CPAP since January 2022, Flu like symptoms, Hypertension / Covid-19 a month prior to vaccination and values matching '*AC*', could you show how many there are and what happened to those patients?","Looking at reports of Sleep apnea - uses CPAP since January 2022, Flu like symptoms, Hypertension / Covid-19 a month prior to vaccination and values matching '*AC*', could you show how many there are and what happened to those patients?","Given the context involving My friend has current illness in (Sleep apnea - uses CPAP since January 2022, Flu like symptoms, Hypertension / Covid-19 a month prior to vaccination) and other medications matching *AC*. Can you find similar records and share their confirmation of recovery or not?, are there identifiable factors contributing to unexpected health outcomes in recent reports?","I’m investigating reports where current illnesses include sleep apnea with CPAP use starting January 2022, flu-like symptoms, or hypertension and Covid a month before vaccination. These patients are also taking medications that include ‘AC’ in their names. Could you provide data on their recovery status and whether any patterns stand out"
medium_r0226,medium,226,terms + wildcard,"{""query"": {""bool"": {""filter"": [{""terms"": {""RECOVD"": [""Y"", ""N"", ""U""]}}, {""wildcard"": {""HOSPITAL"": {""value"": ""*Y*""}}}]}}}","Seeing Y, N, U and values matching '*Y*' noted, could you pull up all such entries and show their outcomes?","Seeing Y, N, U and values matching '*Y*' noted, could you pull up all such entries and show their outcomes?","Considering the records associated with I'm reviewing medication cases exhibiting recovery status in (Y, N, U) and hospital record matching *Y*. What outcomes are documented?, might we detect patterns indicating previously unreported clinical phenomena?","We have data on patients who were hospitalized and have recovery statuses of yes, no, or unknown. Could you provide an overview of these cases and any notable patterns in outcomes that might indicate emerging clinical phenomena?"
medium_r0227,medium,227,terms + wildcard,"{""query"": {""bool"": {""filter"": [{""terms"": {""ONSET_DATE"": [""10/03/2022"", ""07/29/2023"", ""06/02/2021""]}}, {""wildcard"": {""V_ADMINBY"": {""value"": ""*SC*""}}}]}}}","There's an instance of 10/03/2022, 07/29/2023, 06/02/2021 and values matching '*SC*' Can you find all similar cases and summarize their results?","There's an instance of 10/03/2022, 07/29/2023, 06/02/2021 and values matching '*SC*' Can you find all similar cases and summarize their results?","When considering records mentioning I help a patient who had onset date in (10/03/2022, 07/29/2023, 06/02/2021) and v adminby matching *SC*. Could you pull up similar cases and lengths of hospital stays?, have patterns emerged that might signal a procedural or documentation anomaly?","When looking at cases with symptom onset on 10/03/2022, 07/29/2023, or 06/02/2021 and vaccine administered by a facility matching ‘SC’, what are the hospital stay lengths? Do the data suggest any trends or potential documentation issues?"
medium_r0228,medium,228,terms + wildcard,"{""query"": {""bool"": {""filter"": [{""terms"": {""VAX_MANU"": [""NOVAVAX"", ""GLAXOSMITHKLINE BIOLOGICALS"", ""MEDIMMUNE VACCINES, INC.""]}}, {""wildcard"": {""VAX_MANU"": {""value"": ""*PF*""}}}]}}}","I've come across entries with NOVAVAX, GLAXOSMITHKLINE BIOLOGICALS, MEDIMMUNE VACCINES, INC. and values matching '*PF*'. Can we see how frequently this occurs and any results?","Health records indicate cases where come across entries with NOVAVAX, GLAXOSMITHKLINE BIOLOGICALS, MEDIMMUNE VACCINES, INC. and values matching '*PF*'. Can we see how frequently this occurs and any results?","Looking at instances involving I experienced vaccine manufacturer in (NOVAVAX, GLAXOSMITHKLINE BIOLOGICALS, MEDIMMUNE VACCINES, INC.) and vaccine manufacturer matching *PF*. Are there others like me and what were their outcomes?, what explanations might account for observed variations in clinical reporting?","When analyzing cases tied to vaccine manufacturers Novavax, GlaxoSmithKline Biologicals, and MedImmune Vaccines, I noticed some entries where the manufacturer name includes ‘PF’. Can you provide the frequency of these and summarize patient outcomes? Are there patterns that might explain differences in reporting?"
medium_r0229,medium,229,terms + wildcard,"{""query"": {""bool"": {""filter"": [{""terms"": {""VAX_DATE"": [""02/27/2022"", ""08/02/2021"", ""08/25/2023""]}}, {""wildcard"": {""VAX_LOT"": {""value"": ""*Fl*""}}}]}}}","After experiencing 02/27/2022, 08/02/2021, 08/25/2023 and values matching '*Fl*', I wonder how many others had similar cases and what their outcomes were?","After experiencing 02/27/2022, 08/02/2021, 08/25/2023 and values matching '*Fl*', I wonder how many others had similar cases and what their outcomes were?","Considering the records associated with I'm reviewing medication cases exhibiting vaccine date in (02/27/2022, 08/02/2021, 08/25/2023) and vaccine lot number matching *Fl*. What outcomes are documented?, might we detect patterns indicating previously unreported clinical phenomena?","In reviewing cases with vaccine dates on 02/27/2022, 08/02/2021, and 08/25/2023 and lot numbers containing ‘Fl’, can we identify how many such cases exist and what their follow-up outcomes were? Are there any notable trends or unusual patterns?"
medium_r0230,medium,230,terms + wildcard,"{""query"": {""bool"": {""filter"": [{""terms"": {""LAB_DATA"": [""Test Date: 20210329; Test Name: Colonoscopy; Result Unstructured Data: Test Result:Unknown Results; Test Date: 202110; Test Name: Endoscopy; Result Unstructured Data: Test Result:Unknown Results; Test Date: 20210412; Test Name: MRI; Result Unstructured Data: Test Result:Unknown Results; Test Date: 20220402; Test Name: MRI; Result Unstructured Data: Test Result:Unknown Results"", ""Test Name: blood; Result Unstructured Data: Test Result:O positive"", ""Numerous""]}}, {""wildcard"": {""DISABLE"": {""value"": ""*Y*""}}}]}}}","I found records with Test Date: 20210329; Test Name: Colonoscopy; Result Unstructured Data: Test Result:Unknown Results; Test Date: 202110; Test Name: Endoscopy; Result Unstructured Data: Test Result:Unknown Results; Test Date: 20210412; Test Name: MRI; Result Unstructured Data: Test Result:Unknown Results; Test Date: 20220402; Test Name: MRI; Result Unstructured Data: Test Result:Unknown Results, Test Name: blood; Result Unstructured Data: Test Result:O positive, Numerous and values matching '*Y*'. Please retrieve all matching cases and share their results?","My neighbor reported they found records with Test Date: 20210329; Test Name: Colonoscopy; Result Unstructured Data: Test Result:Unknown Results; Test Date: 202110; Test Name: Endoscopy; Result Unstructured Data: Test Result:Unknown Results; Test Date: 20210412; Test Name: MRI; Result Unstructured Data: Test Result:Unknown Results; Test Date: 20220402; Test Name: MRI; Result Unstructured Data: Test Result:Unknown Results, Test Name: blood; Result Unstructured Data: Test Result:O positive, Numerous and values matching '*Y*'. Please retrieve all matching cases and share their results?","In reviewing events tied to I reporting on incidents of examination results in (Test Date: 20210329; Test Name: Colonoscopy; Result Unstructured Data: Test Result:Unknown Results; Test Date: 202110; Test Name: Endoscopy; Result Unstructured Data: Test Result:Unknown Results; Test Date: 20210412; Test Name: MRI; Result Unstructured Data: Test Result:Unknown Results; Test Date: 20220402; Test Name: MRI; Result Unstructured Data: Test Result:Unknown Results, Test Name: blood; Result Unstructured Data: Test Result:O positive, Numerous) and disability status matching *Y*. Can you provide examples and their key examination results?, are there clear indications that suggest a broader systemic documentation challenge?","My neighbor noticed some medical tests like colonoscopy, endoscopy, MRI, and blood work with some unknown results, plus a few with ‘O positive’ blood type. They also saw disability marked as ‘yes’ in some records. Can you tell me how many people had these tests and disabilities, and what happened afterward?"
medium_r0231,medium,231,terms + wildcard,"{""query"":{""bool"":{""filter"":[{""terms"":{""VAX_NAME"":[""DTAP + HEPB + IPV (PEDIARIX)"",""INFLUENZA (SEASONAL) (FLUARIX QUADRIVALENT)"",""VACCINE NOT SPECIFIED (NO BRAND NAME)""}},{""wildcard"":{""ONSET_DATE"":{""value"":""*12*""}}}]}}}","In reviewing cases where DTAP + HEPB + IPV (PEDIARIX), INFLUENZA (SEASONAL) (FLUARIX QUADRIVALENT), VACCINE NOT SPECIFIED (NO BRAND NAME) and values matching '*12*', could you list the matching records and what happened next?","In reviewing cases where DTAP + HEPB + IPV (PEDIARIX), INFLUENZA (SEASONAL) (FLUARIX QUADRIVALENT), VACCINE NOT SPECIFIED (NO BRAND NAME) and values matching '*12*', could you list the matching records and what happened next?","Considering the records associated with I cared for a patient with vax name in (DTAP + HEPB + IPV (PEDIARIX), INFLUENZA (SEASONAL) (FLUARIX QUADRIVALENT), VACCINE NOT SPECIFIED (NO BRAND NAME)) and onset date matching *12*. How often does this occur and what follow-up was noted?, might we detect patterns indicating previously unreported clinical phenomena?","During an audit of immunization records, we focused on vaccine names beginning with ‘DTA’ and those with onset dates containing ‘12’. Specifically, cases involving Pediarix, Fluarix Quadrivalent, and unspecified vaccines. Please retrieve these records, their frequency, and any noted follow-up results to check for unusual patterns."
medium_r0232,medium,232,terms + wildcard,"{""query"": {""bool"": {""filter"": [{""terms"": {""VAX_ROUTE"": [""UN"", ""PO"", ""ID""]}}, {""wildcard"": {""VAX_TYPE"": {""value"": ""*PP*""}}}]}}}","Seeing UN, PO, ID and values matching '*PP*' noted, could you pull up all such entries and show their outcomes?","Seeing UN, PO, ID and values matching '*PP*' noted, could you pull up all such entries and show their outcomes?","For data entries connected to My friend has vax route in (UN, PO, ID) and current vaccine type matching *PP*. Can you find similar records and share their confirmation of recovery or not?, could there be previously unnoticed demographic or clinical correlations?","A friend of mine got a vaccine through either an unknown, oral, or intradermal route, and the vaccine type had “PP” in it. Can you check if there are other cases like this? Also, do we know if these people recovered or not? Are there any patterns or trends in who gets these vaccines or how they respond that we might have missed?"
medium_r0233,medium,233,terms + wildcard,"{""query"": {""bool"": {""filter"": [{""terms"": {""OFC_VISIT"": [""Y""]}}, {""wildcard"": {""DIED"": {""value"": ""*Y*""}}}]}}}","After experiencing Y and values matching '*Y*', I wonder how many others had similar cases and what their outcomes were?","After experiencing Y and values matching '*Y*', I wonder how many others had similar cases and what their outcomes were?","In analyzing cases linked to I reporting on incidents of office visit record in (Y) and died after treatment matching *Y*. Can you provide examples and their key examination results?, is there any indication of systemic inconsistencies or categorization errors?","I noticed some patients had an office visit recorded and unfortunately died afterward. Can you find how many cases like this there are, what happened, and if there are any patterns or errors in the records?"
medium_r0234,medium,234,terms + wildcard,"{""query"": {""bool"": {""filter"": [{""terms"": {""HOSPITAL"": [""Y""]}}, {""wildcard"": {""SPLTTYPE"": {""value"": ""*80*""}}}]}}}",I noticed Y and values matching '*80*' in some reports; how common is this and what were the hospital stays or results?,Someone I know noticed Y and values matching '*80*' in some reports; how common is this and what were the hospital stays or results?,"With cases related to A family member showed hospital record in (Y) and splttype matching *80*. Could you look up comparable cases and their follow-up?, have there been identifiable differences across facilities or patient demographics?","A family member was hospitalized, and their vaccine dose was linked to a code containing “80.” How often does this happen in other cases? Could you check similar reports, how long patients stayed in the hospital, and what their outcomes were? Also, are there any noticeable differences depending on the hospital or patient background?"
medium_r0235,medium,235,terms + wildcard,"{""query"": {""bool"": {""filter"": [{""terms"": {""OFC_VISIT"": [""Y""]}}, {""wildcard"": {""TODAYS_DATE"": {""value"": ""*08*""}}}]}}}","After experiencing Y and values matching '*08*', I wonder how many others had similar cases and what their outcomes were?","After experiencing Y and values matching '*08*', I wonder how many others had similar cases and what their outcomes were?","In analyzing cases linked to I reporting on incidents of office visit record in (Y) and todays date matching *08*. Can you provide examples and their key examination results?, is there any indication of systemic inconsistencies or categorization errors?","I noticed some patients had office visits recorded with report dates in August. How many others had similar visits during that time, and what happened to them afterward? Can you share some examples and any key findings? Also, are there any patterns or inconsistencies in how these visits were reported?"
medium_r0236,medium,236,terms + regexp,"{""query"": {""bool"": {""filter"": [{""terms"": {""VAX_LOT"": [""U2A481M"", ""ya3nl"", ""3BK2J, 432BC""]}}, {""regexp"": {""VAX_LOT"": {""value"": "".*CJ.*""}}}]}}}","When records show U2A481M, ya3nl, 3BK2J, 432BC and values matching pattern '.*CJ.*', what do others report as their follow-up outcomes?","When records show U2A481M, ya3nl, 3BK2J, 432BC and values matching pattern '.*CJ.*', what do others report as their follow-up outcomes?","When considering records mentioning My friend has vaccine lot number in (U2A481M, ya3nl, 3BK2J, 432BC) and vaccine lot number pattern .*CJ.*. Can you find similar records and share their confirmation of recovery or not?, have patterns emerged that might signal a procedural or documentation anomaly?","I’m looking into vaccine lot numbers like U2A481M, ya3nl, 3BK2J, and 432BC, as well as those that match the pattern “CJ” somewhere in the lot number. Can you tell me how patients from these lots fared? Did they recover, or were there any complications? Also, have you noticed any unusual patterns or issues with these particular lot numbers?"
medium_r0237,medium,237,terms + regexp,"{""query"": {""bool"": {""filter"": [{""terms"": {""CUR_ILL"": [""Respiratory virus 3 weeks prior (negative tests for COVID and flu)"", ""cold symptoms weeks prior"", ""carpel tunnel on L and R hands, PTSD""]}}, {""regexp"": {""SYMPTOM_TEXT"": {""value"": "".*Pa.*""}}}]}}}","In reviewing cases where Respiratory virus 3 weeks prior (negative tests for COVID and flu), cold symptoms weeks prior, carpel tunnel on L and R hands, PTSD and values matching pattern '.*Pa.*', could you list the matching records and what happened next?","In reviewing cases where Respiratory virus 3 weeks prior (negative tests for COVID and flu), cold symptoms weeks prior, carpel tunnel on L and R hands, PTSD and values matching pattern '.*Pa.*', could you list the matching records and what happened next?","For data entries connected to My friend has current illness in (Respiratory virus 3 weeks prior (negative tests for COVID and flu), cold symptoms weeks prior, carpel tunnel on L and R hands, PTSD) and description of patient pattern .*Pa.*. Can you find similar records and share their confirmation of recovery or not?, could there be previously unnoticed demographic or clinical correlations?","I’m looking into patients who had a respiratory virus about three weeks ago (tested negative for COVID and flu), or had cold symptoms in the weeks before, or conditions like carpal tunnel in both hands, or PTSD. In their symptom descriptions, I noticed some mention words containing “Pa.” Can you find similar cases and let me know what happened to those patients? Did they recover? Also, have you seen any interesting patterns or connections in these cases that might help us understand the outcomes better?"
medium_r0238,medium,238,terms + regexp,"{""query"": {""bool"": {""filter"": [{""terms"": {""VAX_TYPE"": [""FLUX"", ""IPV"", ""TD""]}}, {""regexp"": {""STATE"": {""value"": "".*AL.*""}}}]}}}","After experiencing FLUX, IPV, TD and values matching pattern '.*AL.*', I wonder how many others had similar cases and what their outcomes were?","After experiencing FLUX, IPV, TD and values matching pattern '.*AL.*', I wonder how many others had similar cases and what their outcomes were?","For data entries connected to I cared for a patient with current vaccine type in (FLUX, IPV, TD) and patient from pattern .*AL.*. How often does this occur and what follow-up was noted?, could there be previously unnoticed demographic or clinical correlations?","I’m checking on patients who got vaccines like FLUX, IPV, or TD and live in states with “AL” in their name. How many cases like this are there, and what happened to those patients afterward? Did they recover well? Also, have you noticed any interesting trends or connections in these reports that we might not have seen before?"
medium_r0239,medium,239,terms + regexp,"{""query"": {""bool"": {""filter"": [{""terms"": {""DISABLE"": [""Y""]}}, {""regexp"": {""ER_ED_VISIT"": {""value"": "".*Y.*""}}}]}}}","Having seen Y and values matching pattern '.*Y.*', I'm curious about similar records and their typical outcomes?","Having seen Y and values matching pattern '.*Y.*', I'm curious about similar records and their typical outcomes?","In analyzing cases linked to My friend has disability status in (Y) and ER/ED record pattern .*Y.*. Can you find similar records and share their confirmation of recovery or not?, is there any indication of systemic inconsistencies or categorization errors?","I’m looking into cases where patients developed a disability after vaccination and also had an emergency room or emergency department visit. How common are these cases, and what were the typical outcomes? Did most of them recover? Also, is there any sign that the way these cases are recorded might be inconsistent or problematic?"
medium_r0240,medium,240,terms + regexp,"{""query"": {""bool"": {""filter"": [{""terms"": {""V_ADMINBY"": [""PHM"", ""UNK"", ""PVT""]}}, {""regexp"": {""VAX_DOSE_SERIES"": {""value"": "".*6.*""}}}]}}}","I found records with PHM, UNK, PVT and values matching pattern '.*6.*'. Please retrieve all matching cases and share their results?","My neighbor reported they found records with PHM, UNK, PVT and values matching pattern '.*6.*'. Please retrieve all matching cases and share their results?","Looking at instances involving I experienced v adminby in (PHM, UNK, PVT) and vaccine dose series pattern .*6.*. Are there others like me and what were their outcomes?, what explanations might account for observed variations in clinical reporting?","I came across some reports where vaccines were given by a pharmacy, an unknown provider, or a private physician, and the vaccine dose series included the number 6. Can you tell me how many similar cases there are and what happened to those patients? Were their outcomes consistent, or did you notice any unusual differences in how these cases were reported?"
medium_r0241,medium,241,terms + regexp,"{""query"": {""bool"": {""filter"": [{""terms"": {""SPLTTYPE"": [""USPFIZER INCPV20230015567"", ""USGSKUS2023039123"", ""I work for the health dep""]}}, {""regexp"": {""SYMPTOM_TEXT"": {""value"": "".*I .*""}}}]}}}","Looking at reports of USPFIZER INCPV20230015567, USGSKUS2023039123, I work for the health dep and values matching pattern '.*I .*', could you show how many there are and what happened to those patients?","Looking at reports of USPFIZER INCPV20230015567, USGSKUS2023039123, I work for the health dep and values matching pattern '.*I .*', could you show how many there are and what happened to those patients?","Upon reviewing patient records referencing As a physician seeing cases of splttype in (USPFIZER INCPV20230015567, USGSKUS2023039123, I work for the health dep) and description of patient pattern .*I .*, how many patients match these criteria and what were their results?, can we find a specific trend or anomaly that warrants deeper investigation?","I’ve been looking at patient reports linked to these identifiers: USPFIZER INCPV20230015567, USGSKUS2023039123, and one labeled “I work for the health dep.” Many of the symptom descriptions include phrases starting with “I” Could you tell me how many cases match this and what happened to those patients? Are there any patterns or unusual findings that we should look into further?"
medium_r0242,medium,242,terms + regexp,"{""query"": {""bool"": {""filter"": [{""terms"": {""ALLERGIES"": [""ADVIL, avocado, aspirin, eggs, NSAIDS, shrimp, peas, mango."", ""Penicillin and Sulpha"", ""DARVON; erythromycin.""]}}, {""regexp"": {""VAX_LOT"": {""value"": "".*04.*""}}}]}}}","Seeing ADVIL, avocado, aspirin, eggs, NSAIDS, shrimp, peas, mango., Penicillin and Sulpha, DARVON; erythromycin. and values matching pattern '.*04.*' noted, could you pull up all such entries and show their outcomes?","Seeing ADVIL, avocado, aspirin, eggs, NSAIDS, shrimp, peas, mango., Penicillin and Sulpha, DARVON; erythromycin. and values matching pattern '.*04.*' noted, could you pull up all such entries and show their outcomes?","Given the context involving A family member showed allergies in (ADVIL, avocado, aspirin, eggs, NSAIDS, shrimp, peas, mango., Penicillin and Sulpha, DARVON; erythromycin.) and vaccine lot number pattern .*04.*. Could you look up comparable cases and their follow-up?, are there identifiable factors contributing to unexpected health outcomes in recent reports?","I’m looking into cases where patients had allergies to things like Advil, avocado, aspirin, eggs, NSAIDs, shrimp, peas, mango, penicillin, sulpha, Darvon, or erythromycin. Also, these cases involve vaccine lot numbers containing “04.” Could you find how many such cases there are and what their outcomes were? Are there any notable patterns or factors linked to these allergies and the vaccine lots?"
medium_r0243,medium,243,terms + regexp,"{""query"": {""bool"": {""filter"": [{""terms"": {""VAX_NAME"": [""RSV (NO BRAND NAME)"", ""ADENOVIRUS TYPES 4 & 7, LIVE, ORAL (NO BRAND NAME)"", ""HEP B (PREHEVBRIO)""]}}, {""regexp"": {""TODAYS_DATE"": {""value"": "".*09.*""}}}]}}}","Seeing RSV (NO BRAND NAME), ADENOVIRUS TYPES 4 & 7, LIVE, ORAL (NO BRAND NAME), HEP B (PREHEVBRIO) and values matching pattern '.*09.*' noted, could you pull up all such entries and show their outcomes?","Seeing RSV (NO BRAND NAME), ADENOVIRUS TYPES 4 & 7, LIVE, ORAL (NO BRAND NAME), HEP B (PREHEVBRIO) and values matching pattern '.*09.*' noted, could you pull up all such entries and show their outcomes?","In reviewing events tied to I tracking occurrences of vax name in (RSV (NO BRAND NAME), ADENOVIRUS TYPES 4 & 7, LIVE, ORAL (NO BRAND NAME), HEP B (PREHEVBRIO)) and todays date pattern .*09.*. Please map their distribution and counts by state., are there clear indications that suggest a broader systemic documentation challenge?","I’m analyzing vaccine reports for RSV, adenovirus types 4 & 7, and Hep B that were filed in September. Could you help me see how many cases came from each state and what the outcomes were? Also, are there any signs of data inconsistencies we should be aware of?"
medium_r0244,medium,244,terms + regexp,"{""query"": {""bool"": {""filter"": [{""terms"": {""ER_ED_VISIT"": [""Y""]}}, {""regexp"": {""STATE"": {""value"": "".*MD.*""}}}]}}}",I've come across entries with Y and values matching pattern '.*MD.*'. Can we see how frequently this occurs and any results?,My friend mentioned that they come across entries with Y and values matching pattern '.*MD.*'. Can we see how frequently this occurs and any results?,"In reviewing events tied to As a physician seeing cases of ER/ED record in (Y) and patient from pattern .*MD.*, how many patients match these criteria and what were their results?, are there clear indications that suggest a broader systemic documentation challenge?","Our team is analyzing emergency room visit reports from patients in Maryland after vaccination. How many records show emergency room or emergency department visits for this state, and what patterns do we see in terms of recovery status, hospitalization rates, or mortality? Identifying these trends is important for assessing vaccine safety and potential regional factors that might influence outcomes."
medium_r0245,medium,245,terms + regexp,"{""query"": {""bool"": {""filter"": [{""terms"": {""DISABLE"": [""Y""]}}, {""regexp"": {""ER_VISIT"": {""value"": "".*Y.*""}}}]}}}","Having seen Y and values matching pattern '.*Y.*', I'm curious about similar records and their typical outcomes?","Having seen Y and values matching pattern '.*Y.*', I'm curious about similar records and their typical outcomes?","Considering the records associated with My friend has disability status in (Y) and ER record pattern .*Y.*. Can you find similar records and share their confirmation of recovery or not?, might we detect patterns indicating previously unreported clinical phenomena?","For our quarterly audit, we need to identify all records where patients had a disability following vaccination and also visited the emergency room. Could you pull those cases and summarize how often patients recovered? This will help us evaluate the effectiveness of our emergency care referrals and identify any issues."
medium_r0246,medium,246,terms + regexp,"{""query"": {""bool"": {""filter"": [{""terms"": {""VAX_DOSE_SERIES"": [""6"", ""UNK"", ""1""]}}, {""regexp"": {""DIED"": {""value"": "".*Y.*""}}}]}}}","I noticed 6, UNK, 1 and values matching pattern '.*Y.*' in some reports; how common is this and what were the hospital stays or results?","Our clinic is treating cases where noticed 6, UNK, 1 and values matching pattern '.*Y.*' in some reports; how common is this and what were the hospital stays or results?","Looking at instances involving I help a patient who had vaccine dose series in (6, UNK, 1) and died after treatment pattern .*Y.*. Could you pull up similar cases and lengths of hospital stays?, what explanations might account for observed variations in clinical reporting?","I’m reviewing patients who received either the 1st, 6th, or an unknown dose in their vaccine series and unfortunately died afterward. How often does this happen, and what were the typical hospital stays for these cases? Are there any patterns or explanations that might explain differences in reporting or outcomes?"
medium_r0247,medium,247,terms + regexp,"{""query"": {""bool"": {""filter"": [{""terms"": {""RECVDATE"": [""04/28/2023"", ""09/05/2023"", ""04/05/2023""]}}, {""regexp"": {""VAX_ROUTE"": {""value"": "".*SC.*""}}}]}}}","I noticed 04/28/2023, 09/05/2023, 04/05/2023 and values matching pattern '.*SC.*' in some reports; how common is this and what were the hospital stays or results?","One of my colleagues encountered a patient who noticed 04/28/2023, 09/05/2023, 04/05/2023 and values matching pattern '.*SC.*' in some reports; how common is this and what were the hospital stays or results?","For data entries connected to I help a patient who had date received vaccine in (04/28/2023, 09/05/2023, 04/05/2023) and vax route pattern .*SC.*. Could you pull up similar cases and lengths of hospital stays?, could there be previously unnoticed demographic or clinical correlations?","I’m looking into reports where vaccines were received on April 5th, April 28th, or September 5th, 2023, and the vaccine was given subcutaneously. How often does this occur, and what were the hospital stays or outcomes for these patients? Are there any demographic or clinical patterns worth noting?"
medium_r0248,medium,248,terms + regexp,"{""query"": {""bool"": {""filter"": [{""terms"": {""V_FUNDBY"": [""PVT"", ""UNK"", ""PUB""]}}, {""regexp"": {""OFC_VISIT"": {""value"": "".*Y.*""}}}]}}}","There's an instance of PVT, UNK, PUB and values matching pattern '.*Y.*' Can you find all similar cases and summarize their results?","There's an instance of PVT, UNK, PUB and values matching pattern '.*Y.*' Can you find all similar cases and summarize their results?","When considering records mentioning A family member showed v fundby in (PVT, UNK, PUB) and office visit record pattern .*Y.*. Could you look up comparable cases and their follow-up?, have patterns emerged that might signal a procedural or documentation anomaly?","We have patients vaccinated under private, public, or unknown funding sources, and they had office visits afterward. Could you find all such cases and tell me what happened to those patients?"
medium_r0249,medium,249,terms + regexp,"{""query"": {""bool"": {""filter"": [{""terms"": {""ER_VISIT"": [""Y""]}}, {""regexp"": {""VAX_NAME"": {""value"": "".*ME.*""}}}]}}}","Having seen Y and values matching pattern '.*ME.*', I'm curious about similar records and their typical outcomes?","Having seen Y and values matching pattern '.*ME.*', I'm curious about similar records and their typical outcomes?","With cases related to I help a patient who had ER record in (Y) and vax name pattern .*ME.*. Could you pull up similar cases and lengths of hospital stays?, have there been identifiable differences across facilities or patient demographics?",I’m treating a patient who had an emergency room visit after receiving a vaccine with ‘ME’ in its name. Are there other cases like this? What were their hospital stays like? Do certain hospitals or patient groups show different results?
medium_r0250,medium,250,terms + regexp,"{""query"": {""bool"": {""filter"": [{""terms"": {""V_FUNDBY"": [""PUB"", ""OTH"", ""UNK""]}}, {""regexp"": {""ONSET_DATE"": {""value"": "".*09.*""}}}]}}}","When records show PUB, OTH, UNK and values matching pattern '.*09.*', what do others report as their follow-up outcomes?","When records show PUB, OTH, UNK and values matching pattern '.*09.*', what do others report as their follow-up outcomes?","Considering the records associated with I help a patient who had v fundby in (PUB, OTH, UNK) and onset date pattern .*09.*. Could you pull up similar cases and lengths of hospital stays?, might we detect patterns indicating previously unreported clinical phenomena?","A relative got their vaccine through public, other or unknown funding and started showing symptoms in September. Do you know how others in similar situations fared, like if they had to be hospitalized?"
medium_r0251,medium,251,terms + regexp,"{""query"": {""bool"": {""filter"": [{""terms"": {""VAX_TYPE"": [""PNC13"", ""HEP"", ""IPV""]}}, {""regexp"": {""VAX_TYPE"": {""value"": "".*YF.*""}}}]}}}","Seeing PNC13, HEP, IPV and values matching pattern '.*YF.*' noted, could you pull up all such entries and show their outcomes?","Seeing PNC13, HEP, IPV and values matching pattern '.*YF.*' noted, could you pull up all such entries and show their outcomes?","In analyzing cases linked to I'm reviewing medication cases exhibiting current vaccine type in (PNC13, HEP, IPV) and current vaccine type pattern .*YF.*. What outcomes are documented?, is there any indication of systemic inconsistencies or categorization errors?","We’re analyzing vaccine reports for types PNC13, HEP, and IPV, especially those also matching ‘YF’ in the vaccine type. What outcomes have been reported? Could there be any data inconsistencies or misclassifications we should be aware of?"
medium_r0252,medium,252,terms + regexp,"{""query"": {""bool"": {""filter"": [{""terms"": {""VAX_TYPE"": [""PNC15"", ""RSV"", ""HPV9""]}}, {""regexp"": {""ONSET_DATE"": {""value"": "".*12.*""}}}]}}}","Seeing PNC15, RSV, HPV9 and values matching pattern '.*12.*' noted, could you pull up all such entries and show their outcomes?","Seeing PNC15, RSV, HPV9 and values matching pattern '.*12.*' noted, could you pull up all such entries and show their outcomes?","Considering the records associated with A family member showed current vaccine type in (PNC15, RSV, HPV9) and onset date pattern .*12.*. Could you look up comparable cases and their follow-up?, might we detect patterns indicating previously unreported clinical phenomena?","My family member had a vaccine like PNC15, RSV, or HPV9, and they started showing symptoms in December. Can you help me understand what usually happens in cases like this? Do people generally recover well?"
medium_r0253,medium,253,terms + regexp,"{""query"": {""bool"": {""filter"": [{""terms"": {""TODAYS_DATE"": [""07/14/2021"", ""12/13/2021"", ""06/23/2023""]}}, {""regexp"": {""STATE"": {""value"": "".*MO.*""}}}]}}}","There's an instance of 07/14/2021, 12/13/2021, 06/23/2023 and values matching pattern '.*MO.*' Can you find all similar cases and summarize their results?","There's an instance of 07/14/2021, 12/13/2021, 06/23/2023 and values matching pattern '.*MO.*' Can you find all similar cases and summarize their results?","With cases related to I cared for a patient with todays date in (07/14/2021, 12/13/2021, 06/23/2023) and patient from pattern .*MO.*. How often does this occur and what follow-up was noted?, have there been identifiable differences across facilities or patient demographics?","We’re analyzing vaccine reports from Missouri with report dates on 07/14/2021, 12/13/2021, and 06/23/2023. Could you pull all similar records and summarize what happened to those patients? Are there differences based on where they were treated or their demographics?"
medium_r0254,medium,254,terms + regexp,"{""query"": {""bool"": {""filter"": [{""terms"": {""ALLERGIES"": [""FOSAMAX TRAMADOL ZOCOR"", ""Rondec"", ""Indomethacin""]}}, {""regexp"": {""OFC_VISIT"": {""value"": "".*Y.*""}}}]}}}","Seeing FOSAMAX TRAMADOL ZOCOR, Rondec, Indomethacin and values matching pattern '.*Y.*' noted, could you pull up all such entries and show their outcomes?","Seeing FOSAMAX TRAMADOL ZOCOR, Rondec, Indomethacin and values matching pattern '.*Y.*' noted, could you pull up all such entries and show their outcomes?","In the context of analyzing I cared for a patient with allergies in (FOSAMAX TRAMADOL ZOCOR, Rondec, Indomethacin) and office visit record pattern .*Y.*. How often does this occur and what follow-up was noted?, could this reflect an underlying systematic issue within certain subgroups or treatments?","A family member is allergic to FOSAMAX, Tramadol, Zocor, Rondec, and Indomethacin and recently had an office visit. How often do patients like this have visits, and what usually happens afterward?"
medium_r0255,medium,255,terms + regexp,"{""query"": {""bool"": {""filter"": [{""terms"": {""SEX"": [""F"", ""U"", ""M""]}}, {""regexp"": {""VAX_TYPE"": {""value"": "".*UN.*""}}}]}}}","In reviewing cases where F, U, M and values matching pattern '.*UN.*', could you list the matching records and what happened next?","In reviewing cases where F, U, M and values matching pattern '.*UN.*', could you list the matching records and what happened next?","Upon reviewing patient records referencing I cared for a patient with sex of patient in (F, U, M) and current vaccine type pattern .*UN.*. How often does this occur and what follow-up was noted?, can we find a specific trend or anomaly that warrants deeper investigation?",Can you help me find cases where patients of any sex got vaccines with ‘UN’ in the vaccine type? I want to see how many there are and what the outcomes were.
medium_r0256,medium,256,terms + regexp,"{""query"": {""bool"": {""filter"": [{""terms"": {""HOSPITAL"": [""Y""]}}, {""regexp"": {""PRIOR_VAX"": {""value"": "".*Pe.*""}}}]}}}",There's an instance of Y and values matching pattern '.*Pe.*' Can you find all similar cases and summarize their results?,There's an instance of Y and values matching pattern '.*Pe.*' Can you find all similar cases and summarize their results?,"When considering records mentioning I tracking occurrences of hospital record in (Y) and prior vaccinations pattern .*Pe.*. Please map their distribution and counts by state., have patterns emerged that might signal a procedural or documentation anomaly?",We want to see how often hospitalized patients had previous vaccines that mention ‘Pe’ in their records. Can you map these cases by state and see if there are any unusual patterns or reporting inconsistencies?”
medium_r0257,medium,257,terms + regexp,"{""query"": {""bool"": {""filter"": [{""terms"": {""CUR_ILL"": [""raspatory infection, for which i took an antibiotic and prednisone"", ""negative"", ""Head cold; sinus infection""]}}, {""regexp"": {""VAX_DOSE_SERIES"": {""value"": "".*UN.*""}}}]}}}","There's an instance of raspatory infection, for which i took an antibiotic and prednisone, negative, Head cold; sinus infection and values matching pattern '.*UN.*' Can you find all similar cases and summarize their results?","There's an instance of raspatory infection, for which i took an antibiotic and prednisone, negative, Head cold; sinus infection and values matching pattern '.*UN.*' Can you find all similar cases and summarize their results?","Looking at instances involving I help a patient who had current illness in (raspatory infection, for which i took an antibiotic and prednisone, negative, Head cold; sinus infection) and vaccine dose series pattern .*UN.*. Could you pull up similar cases and lengths of hospital stays?, what explanations might account for observed variations in clinical reporting?","I’m reviewing records where people had respiratory infections, some treated with antibiotics and prednisone, or just head colds and sinus infections, and their vaccine dose series is recorded as ‘UN’. Can you find comparable cases and hospital stay durations? Are there any patterns that explain differences in reporting?"
medium_r0258,medium,258,terms + regexp,"{""query"": {""bool"": {""filter"": [{""terms"": {""SEX"": [""M"", ""F"", ""U""]}}, {""regexp"": {""VAX_SITE"": {""value"": "".*NS.*""}}}]}}}","Having seen M, F, U and values matching pattern '.*NS.*', I'm curious about similar records and their typical outcomes?","Having seen M, F, U and values matching pattern '.*NS.*', I'm curious about similar records and their typical outcomes?","With cases related to I experienced sex of patient in (M, F, U) and vaccination site pattern .*NS.*. Are there others like me and what were their outcomes?, have there been identifiable differences across facilities or patient demographics?","I’m looking at patients of all sexes: male, female, and unknown who had their vaccine administered at sites matching ‘NS’. Can you tell me how common this is and what their outcomes were?"
medium_r0259,medium,259,term + term + prefix,"{""query"": {""bool"": {""filter"": [{""term"": {""PRIOR_VAX"": {""value"": ""Covid booster : Pfizer 08/27/21, Moderna 07/29/22, Moderna bivalent 11/24/22. Fever, muscle aches, chills , fatigue""}}}, {""term"": {""DISABLE"": {""value"": ""Y""}}}, {""prefix"": {""STATE"": {""value"": ""SD""}}}]}}}","When records show Covid booster : Pfizer 08/27/21, Moderna 07/29/22, Moderna bivalent 11/24/22. Fever, muscle aches, chills , fatigue and Y and values starting with 'SD', what do others report as their follow-up outcomes?","When records show Covid booster : Pfizer 08/27/21, Moderna 07/29/22, Moderna bivalent 11/24/22. Fever, muscle aches, chills , fatigue and Y and values starting with 'SD', what do others report as their follow-up outcomes?","Considering the records associated with I tracking occurrences of prior vaccinations = Covid booster : Pfizer 08/27/21, Moderna 07/29/22, Moderna bivalent 11/24/22. Fever, muscle aches, chills , fatigue and disability status = Y and patient from SD. Please map their distribution and counts by state., might we detect patterns indicating previously unreported clinical phenomena?","I’m reviewing cases from South Dakota where patients had prior COVID boosters Pfizer in August 2021, Moderna in July 2022, and Moderna bivalent in November 2022 with symptoms like fever, muscle aches, chills, and fatigue, and who ended up disabled. Can you tell me how many cases like this exist and what their recovery outcomes were?"
medium_r0260,medium,260,term + term + prefix,"{""query"": {""bool"": {""filter"": [{""term"": {""DISABLE"": {""value"": ""Y""}}}, {""term"": {""VAX_DATE"": {""value"": ""03/21/2023""}}}, {""prefix"": {""TODAYS_DATE"": {""value"": ""04/""}}}]}}}",I found records with Y and 03/21/2023 and values starting with '04/'. Please retrieve all matching cases and share their results?,Someone I know found records with Y and 03/21/2023 and values starting with '04/'. Please retrieve all matching cases and share their results?,"In reviewing events tied to A family member showed disability status = Y and vaccine date = 03/21/2023 and todays date 04/. Could you look up comparable cases and their follow-up?, are there clear indications that suggest a broader systemic documentation challenge?","For our April report review, could you extract all cases where disability was recorded, vaccine date was March 21, 2023, and the report was entered in April? I want to see their outcomes and check for any documentation issues."
medium_r0261,medium,261,term + term + prefix,"{""query"": {""bool"": {""filter"": [{""term"": {""V_FUNDBY"": {""value"": ""PUB""}}}, {""term"": {""DISABLE"": {""value"": ""Y""}}}, {""prefix"": {""OTHER_MEDS"": {""value"": ""Lis""}}}]}}}","In reviewing cases where PUB and Y and values starting with 'Lis', could you list the matching records and what happened next?","In reviewing cases where PUB and Y and values starting with 'Lis', could you list the matching records and what happened next?","Looking at instances involving A family member showed v fundby = PUB and disability status = Y and other medications Lis. Could you look up comparable cases and their follow-up?, what explanations might account for observed variations in clinical reporting?","We have several patients with disabilities after vaccination funded by public programs, and they’re on medications beginning with ‘Lis’. Can you pull up those cases and let me know how they progressed?"
medium_r0262,medium,262,term + term + prefix,"{""query"": {""bool"": {""filter"": [{""term"": {""VAX_LOT"": {""value"": ""58160-816-01""}}}, {""term"": {""PRIOR_VAX"": {""value"": ""2/25/2021 Pfizer EN6205""}}}, {""prefix"": {""VAX_TYPE"": {""value"": ""TTO""}}}]}}}","After experiencing 58160-816-01 and 2/25/2021 Pfizer EN6205 and values starting with 'TTO', I wonder how many others had similar cases and what their outcomes were?","After experiencing 58160-816-01 and 2/25/2021 Pfizer EN6205 and values starting with 'TTO', I wonder how many others had similar cases and what their outcomes were?","For data entries connected to I analyzing entries with vaccine lot number = 58160-816-01 and prior vaccinations = 2/25/2021 Pfizer EN6205 and current vaccine type TTO. Please retrieve those records for deeper insights., could there be previously unnoticed demographic or clinical correlations?","We’re monitoring reports for vaccine lot number 58160-816-01, especially those with prior Pfizer vaccinations dated 2/25/2021 (lot EN6205), and current vaccine types starting with ‘TTO’. Could you pull all such cases and share the patient outcomes? Are there any demographic or clinical patterns we should note?"
medium_r0263,medium,263,term + term + prefix,"{""query"": {""bool"": {""filter"": [{""term"": {""RECVDATE"": {""value"": ""03/05/2023""}}}, {""term"": {""ONSET_DATE"": {""value"": ""01/21/2023""}}}, {""prefix"": {""PRIOR_VAX"": {""value"": ""9/1""}}}]}}}","Looking at reports of 03/05/2023 and 01/21/2023 and values starting with '9/1', could you show how many there are and what happened to those patients?","Looking at reports of 03/05/2023 and 01/21/2023 and values starting with '9/1', could you show how many there are and what happened to those patients?","Looking at instances involving I experienced date received vaccine = 03/05/2023 and onset date = 01/21/2023 and prior vaccinations 9/1. Are there others like me and what were their outcomes?, what explanations might account for observed variations in clinical reporting?","Looking into datasets where the vaccine was received on 03/05/2023, symptoms started on 01/21/2023, and prior vaccinations begin with ‘9/1’, can you provide a summary of these cases and any notable outcomes or trends?"
medium_r0264,medium,264,term + term + prefix,"{""query"": {""bool"": {""filter"": [{""term"": {""ER_ED_VISIT"": {""value"": ""Y""}}}, {""term"": {""VAX_NAME"": {""value"": ""INFLUENZA (SEASONAL) (FLUBLOK QUADRIVALENT)""}}}, {""prefix"": {""DISABLE"": {""value"": ""Y""}}}]}}}","Having seen Y and INFLUENZA (SEASONAL) (FLUBLOK QUADRIVALENT) and values starting with 'Y', I'm curious about similar records and their typical outcomes?","Having seen Y and INFLUENZA (SEASONAL) (FLUBLOK QUADRIVALENT) and values starting with 'Y', I'm curious about similar records and their typical outcomes?","In the context of analyzing I analyzing entries with ER/ED record = Y and vax name = INFLUENZA (SEASONAL) (FLUBLOK QUADRIVALENT) and disability status Y. Please retrieve those records for deeper insights., could this reflect an underlying systematic issue within certain subgroups or treatments?",I’m tracking cases involving ER visits for patients vaccinated with INFLUENZA (SEASONAL) (FLUBLOK QUADRIVALENT) who also have disabilities. What can you tell me about the frequency of such cases and their clinical outcomes?”
medium_r0265,medium,265,term + term + prefix,"{""query"": {""bool"": {""filter"": [{""term"": {""VAX_NAME"": {""value"": ""COVID19 (COVID19 (PFIZER-BIONTECH))""}}}, {""term"": {""DIED"": {""value"": ""Y""}}}, {""prefix"": {""DISABLE"": {""value"": ""Y""}}}]}}}","When records show COVID19 (COVID19 (PFIZER-BIONTECH)) and Y and values starting with 'Y', what do others report as their follow-up outcomes?","When records show COVID19 (COVID19 (PFIZER-BIONTECH)) and Y and values starting with 'Y', what do others report as their follow-up outcomes?","Given the context involving I reporting on incidents of vax name = COVID19 (COVID19 (PFIZER-BIONTECH)) and died after treatment = Y and disability status Y. Can you provide examples and their key examination results?, are there identifiable factors contributing to unexpected health outcomes in recent reports?",Please provide all cases involving the COVID19 (PFIZER-BIONTECH) vaccine where the patient died and has disability. We want to review examination results to identify any patterns or red flags.
medium_r0266,medium,266,term + term + prefix,"{""query"": {""bool"": {""filter"": [{""term"": {""VAX_DOSE_SERIES"": {""value"": ""7+""}}}, {""term"": {""OFC_VISIT"": {""value"": ""Y""}}}, {""prefix"": {""ALLERGIES"": {""value"": ""n k""}}}]}}}",I've come across entries with 7+ and Y and values starting with 'n k'. Can we see how frequently this occurs and any results?,My friend mentioned that they come across entries with 7+ and Y and values starting with 'n k'. Can we see how frequently this occurs and any results?,"Looking at instances involving I analyzing entries with vaccine dose series = 7+ and office visit record = Y and allergies n k. Please retrieve those records for deeper insights., what explanations might account for observed variations in clinical reporting?","Hi, I was reviewing your records and saw you’re listed as having had 7 or more vaccine doses and an office visit recently. It also notes allergies starting with ‘n k’. Can you tell me more about any reactions you’ve had or concerns during your visit?"
medium_r0267,medium,267,term + term + prefix,"{""query"": {""bool"": {""filter"": [{""term"": {""LAB_DATA"": {""value"": ""COVID-19 Home Test-January 26, 2023-Positive""}}}, {""term"": {""VAX_LOT"": {""value"": ""65J342""}}}, {""prefix"": {""ER_VISIT"": {""value"": ""Y""}}}]}}}","I noticed COVID-19 Home Test-January 26, 2023-Positive and 65J342 and values starting with 'Y' in some reports; how common is this and what were the hospital stays or results?","Health records indicate cases where noticed COVID-19 Home Test-January 26, 2023-Positive and 65J342 and values starting with 'Y' in some reports; how common is this and what were the hospital stays or results?","When considering records mentioning I analyzing entries with examination results = COVID-19 Home Test-January 26, 2023-Positive and vaccine lot number = 65J342 and ER record Y. Please retrieve those records for deeper insights., have patterns emerged that might signal a procedural or documentation anomaly?","My relative had a positive COVID home test on January 26, 2023, and their vaccine came from lot 65J342. I noticed they ended up in the emergency room. Do we know how often this happens and what their recovery looked like?"
medium_r0268,medium,268,term + term + prefix,"{""query"": {""bool"": {""filter"": [{""term"": {""SYMPTOM_TEXT"": {""value"": ""Tested positive for Covid-19 on November 30, 2022. Fever, body aches, headache, extreme fatigue, cough. Symptoms started as very strong and lasted for two weeks. Fatigue lasted for almost a month""}}}, {""term"": {""HISTORY"": {""value"": ""Prediabetic, Obese, Anemia, Thymectomy 2015 with chest radiation treatment that followed, Dyslipidemia, left foot edema""}}}, {""prefix"": {""V_ADMINBY"": {""value"": ""PUB""}}}]}}}","In reviewing cases where Tested positive for Covid-19 on November 30, 2022. Fever, body aches, headache, extreme fatigue, cough. Symptoms started as very strong and lasted for two weeks. Fatigue lasted for almost a month and Prediabetic, Obese, Anemia, Thymectomy 2015 with chest radiation treatment that followed, Dyslipidemia, left foot edema and values starting with 'PUB', could you list the matching records and what happened next?","In reviewing cases where Tested positive for Covid-19 on November 30, 2022. Fever, body aches, headache, extreme fatigue, cough. Symptoms started as very strong and lasted for two weeks. Fatigue lasted for almost a month and Prediabetic, Obese, Anemia, Thymectomy 2015 with chest radiation treatment that followed, Dyslipidemia, left foot edema and values starting with 'PUB', could you list the matching records and what happened next?","With cases related to I experienced description of patient = Tested positive for Covid-19 on November 30, 2022. Fever, body aches, headache, extreme fatigue, cough. Symptoms started as very strong and lasted for two weeks. Fatigue lasted for almost a month and medical history = Prediabetic, Obese, Anemia, Thymectomy 2015 with chest radiation treatment that followed, Dyslipidemia, left foot edema and v adminby PUB. Are there others like me and what were their outcomes?, have there been identifiable differences across facilities or patient demographics?","In analyzing public vaccination records, I want to identify patients with confirmed COVID-19 positive tests around late November 2022, who also have significant comorbidities like obesity and anemia, and received vaccines at public sites. What does the data say about their recovery outcomes? Are there demographic or regional patterns worth noting?"
medium_r0269,medium,269,term + term + prefix,"{""query"": {""bool"": {""filter"": [{""term"": {""VAX_SITE"": {""value"": ""LA""}}}, {""term"": {""VAX_DOSE_SERIES"": {""value"": ""6""}}}, {""prefix"": {""ER_ED_VISIT"": {""value"": ""Y""}}}]}}}",I found records with LA and 6 and values starting with 'Y'. Please retrieve all matching cases and share their results?,The medical center has documented patients that found records with LA and 6 and values starting with 'Y'. Please retrieve all matching cases and share their results?,"When considering records mentioning I analyzing entries with vaccination site = LA and vaccine dose series = 6 and ER/ED record Y. Please retrieve those records for deeper insights., have patterns emerged that might signal a procedural or documentation anomaly?",Our clinic in LA has documented patients who received their sixth vaccine dose and subsequently had an ER or ED visit. Can you retrieve all such cases? I want to analyze any common patterns or clinical outcomes associated with these visits.
medium_r0270,medium,270,term + term + prefix,"{""query"": {""bool"": {""filter"": [{""term"": {""OTHER_MEDS"": {""value"": ""81 mg baby aspirin once per day, fexofenadine, biotin""}}}, {""term"": {""ER_ED_VISIT"": {""value"": ""Y""}}}, {""prefix"": {""L_THREAT"": {""value"": ""Y""}}}]}}}","Seeing 81 mg baby aspirin once per day, fexofenadine, biotin and Y and values starting with 'Y' noted, could you pull up all such entries and show their outcomes?","Seeing 81 mg baby aspirin once per day, fexofenadine, biotin and Y and values starting with 'Y' noted, could you pull up all such entries and show their outcomes?","With cases related to A family member showed other medications = 81 mg baby aspirin once per day, fexofenadine, biotin and ER/ED record = Y and life threat Y. Could you look up comparable cases and their follow-up?, have there been identifiable differences across facilities or patient demographics?","Our safety committee needs a detailed report on all patients on 81 mg baby aspirin, fexofenadine, and biotin, who had emergency visits and were marked as having life-threatening illness. Could you get all those cases and summarize the outcomes or any notable patterns?"
medium_r0271,medium,271,term + term + prefix,"{""query"": {""bool"": {""filter"": [{""term"": {""ER_VISIT"": {""value"": ""Y""}}}, {""term"": {""VAX_LOT"": {""value"": ""Lot # GL2042""}}}, {""prefix"": {""VAX_LOT"": {""value"": ""028""}}}]}}}",I found records with Y and Lot # GL2042 and values starting with '028'. Please retrieve all matching cases and share their results?,One of my colleagues encountered a patient who found records with Y and Lot # GL2042 and values starting with '028'. Please retrieve all matching cases and share their results?,"When considering records mentioning I reporting on incidents of ER record = Y and vaccine lot number = Lot # GL2042 and vaccine lot number 028. Can you provide examples and their key examination results?, have patterns emerged that might signal a procedural or documentation anomaly?","Hey, I’ve been looking over some recent emergency visits and noticed a few patients came in after getting vaccines from lot ‘GL2042’. Also, some records mention lot numbers that start with ‘028’. Do you think we could pull up all those cases? I want to understand what happened with them, were their symptoms serious? Did they need hospitalization? Any patterns we should be worried about?"
medium_r0272,medium,272,term + term + prefix,"{""query"": {""bool"": {""filter"": [{""term"": {""HISTORY"": {""value"": ""Ulcerative colitis. High blood pressure. Losartan does was increased from 25mg to 50mg based on 3 consecutive BP measurements in April/June timeframe with top number above 150. Overweight BMI about 40.""}}}, {""term"": {""SYMPTOM_TEXT"": {""value"": ""Sore Arm: Runny nose: watery eyes: cough: scratchy throat: headache: chills place on Paxlovid""}}}, {""prefix"": {""VAX_SITE"": {""value"": ""LG""}}}]}}}","Having seen Ulcerative colitis. High blood pressure. Losartan does was increased from 25mg to 50mg based on 3 consecutive BP measurements in April/June timeframe with top number above 150. Overweight BMI about 40. and Sore Arm: Runny nose: watery eyes: cough: scratchy throat: headache: chills place on Paxlovid and values starting with 'LG', I'm curious about similar records and their typical outcomes?","Having seen Ulcerative colitis. High blood pressure. Losartan does was increased from 25mg to 50mg based on 3 consecutive BP measurements in April/June timeframe with top number above 150. Overweight BMI about 40. and Sore Arm: Runny nose: watery eyes: cough: scratchy throat: headache: chills place on Paxlovid and values starting with 'LG', I'm curious about similar records and their typical outcomes?","In analyzing cases linked to I cared for a patient with medical history = Ulcerative colitis. High blood pressure. Losartan does was increased from 25mg to 50mg based on 3 consecutive BP measurements in April/June timeframe with top number above 150. Overweight BMI about 40. and description of patient = Sore Arm: Runny nose: watery eyes: cough: scratchy throat: headache: chills place on Paxlovid and vaccination site LG. How often does this occur and what follow-up was noted?, is there any indication of systemic inconsistencies or categorization errors?","I’m following up on a patient who has a complex medical history: ulcerative colitis, high blood pressure that required increasing her Losartan dose from 25 mg to 50 mg after three consecutive blood pressure readings over 150 in the April to June timeframe, and she’s also overweight with a BMI around 40. After receiving her vaccine at the LG vaccination site, she developed a series of symptoms including a sore arm, runny nose, watery eyes, cough, scratchy throat, headache, and chills. Because of these symptoms, she was placed on Paxlovid. Have we seen other patients with similar backgrounds and symptom patterns after vaccination at the LG site? How did those cases progress, and what were their recovery outcomes? Are these symptoms and treatments typical for patients with such medical histories?"
medium_r0273,medium,273,term + term + prefix,"{""query"": {""bool"": {""filter"": [{""term"": {""SPLTTYPE"": {""value"": ""USJNJFOC20230506788""}}}, {""term"": {""ALLERGIES"": {""value"": ""lactose intolerance""}}}, {""prefix"": {""OTHER_MEDS"": {""value"": ""Dor""}}}]}}}",I found records with USJNJFOC20230506788 and lactose intolerance and values starting with 'Dor'. Please retrieve all matching cases and share their results?,Someone I know found records with USJNJFOC20230506788 and lactose intolerance and values starting with 'Dor'. Please retrieve all matching cases and share their results?,"In reviewing events tied to I reporting on incidents of splttype = USJNJFOC20230506788 and allergies = lactose intolerance and other medications Dor. Can you provide examples and their key examination results?, are there clear indications that suggest a broader systemic documentation challenge?","While reviewing patient records linked to the batch identifier USJNJFOC20230506788, I noticed several cases where patients reported lactose intolerance as an allergy and were also taking medications starting with ‘Dor’. Could you help me retrieve all these matching cases and provide a summary of their clinical outcomes? Are there any trends in how these patients responded to treatment or any adverse events noted? Also, do we see any signs that might indicate a wider issue in how these records are being documented or reported?"
medium_r0274,medium,274,term + term + prefix,"{""query"": {""bool"": {""filter"": [{""term"": {""RECVDATE"": {""value"": ""07/19/2023""}}}, {""term"": {""ER_ED_VISIT"": {""value"": ""Y""}}}, {""prefix"": {""ALLERGIES"": {""value"": ""Vic""}}}]}}}",I found records with 07/19/2023 and Y and values starting with 'Vic'. Please retrieve all matching cases and share their results?,Someone I know found records with 07/19/2023 and Y and values starting with 'Vic'. Please retrieve all matching cases and share their results?,"Upon reviewing patient records referencing I experienced date received vaccine = 07/19/2023 and ER/ED record = Y and allergies Vic. Are there others like me and what were their outcomes?, can we find a specific trend or anomaly that warrants deeper investigation?","While reviewing recent patient visits, I noticed several cases where the vaccine was received on July 19, 2023, the patient had an ER or emergency department visit marked ‘Y’, and the allergy information starts with ‘Vic’. Could you please pull all such records and summarize their clinical outcomes? Are there any notable patterns or complications reported among these patients that we should be aware of?”"
medium_r0275,medium,275,term + term + prefix,"{""query"": {""bool"": {""filter"": [{""term"": {""CUR_ILL"": {""value"": ""Heart stent placed 9/14/2023""}}}, {""term"": {""SYMPTOM_TEXT"": {""value"": ""I got COVID-19, it started with a sore throat, and cough. I was very fatigued. I reached out to a doctor on 12/26.""}}}, {""prefix"": {""DIED"": {""value"": ""Y""}}}]}}}","When records show Heart stent placed 9/14/2023 and I got COVID-19, it started with a sore throat, and cough. I was very fatigued. I reached out to a doctor on 12/26. and values starting with 'Y', what do others report as their follow-up outcomes?","When records show Heart stent placed 9/14/2023 and I got COVID-19, it started with a sore throat, and cough. I was very fatigued. I reached out to a doctor on 12/26. and values starting with 'Y', what do others report as their follow-up outcomes?","In reviewing events tied to My friend has current illness = Heart stent placed 9/14/2023 and description of patient = I got COVID-19, it started with a sore throat, and cough. I was very fatigued. I reached out to a doctor on 12/26. and died after treatment Y. Can you find similar records and share their confirmation of recovery or not?, are there clear indications that suggest a broader systemic documentation challenge?","I’m reviewing records for patients who had a heart stent placed on September 14, 2023, and subsequently contracted COVID-19. The patients described their symptoms as starting with a sore throat and cough, followed by severe fatigue, and they reached out to a doctor on December 26. In some cases, these patients unfortunately died after treatment. Could you help me identify similar cases, how frequently this has occurred, and what the documented follow-up outcomes were? Are there any noticeable trends or systemic documentation issues that might affect how these cases are reported?"
medium_r0276,medium,276,term + term + prefix,"{""query"": {""bool"": {""filter"": [{""term"": {""OTHER_MEDS"": {""value"": ""Calcium; Aleve; Multivitamin""}}}, {""term"": {""ER_ED_VISIT"": {""value"": ""Y""}}}, {""prefix"": {""OFC_VISIT"": {""value"": ""Y""}}}]}}}","When records show Calcium; Aleve; Multivitamin and Y and values starting with 'Y', what do others report as their follow-up outcomes?","When records show Calcium; Aleve; Multivitamin and Y and values starting with 'Y', what do others report as their follow-up outcomes?","Considering the records associated with I reporting on incidents of other medications = Calcium; Aleve; Multivitamin and ER/ED record = Y and office visit record Y. Can you provide examples and their key examination results?, might we detect patterns indicating previously unreported clinical phenomena?","Our patient services team monitors appointment types every month, distinguishing between ER/ED visits and office follow-ups. We have records showing patients on Calcium, Aleve, and Multivitamin who visited the ER/ED and subsequently had office visits as well. Can you retrieve these records and summarize their outcomes? We are interested in whether these follow-ups indicate routine recovery, recurring symptoms, or new complications. Understanding these trends might reveal underreported clinical phenomena or procedural inefficiencies."
medium_r0277,medium,277,term + term + prefix,"{""query"": {""bool"": {""filter"": [{""term"": {""TODAYS_DATE"": {""value"": ""04/05/2023""}}}, {""term"": {""ER_ED_VISIT"": {""value"": ""Y""}}}, {""prefix"": {""VAX_TYPE"": {""value"": ""COV""}}}]}}}",I've come across entries with 04/05/2023 and Y and values starting with 'COV'. Can we see how frequently this occurs and any results?,We've received reports about patients who come across entries with 04/05/2023 and Y and values starting with 'COV'. Can we see how frequently this occurs and any results?,"Looking at instances involving As a physician seeing cases of todays date = 04/05/2023 and ER/ED record = Y and current vaccine type COV, how many patients match these criteria and what were their results?, what explanations might account for observed variations in clinical reporting?","I’m looking into cases reported on April 5, 2023, where patients had an ER or ED visit flagged as ‘Y’ and received a vaccine with a type starting with ‘COV’ (likely COVID-related vaccines). Can you help me find out how many such cases there are? Also, I’d like to understand what the outcomes were for these patients. Did they recover quickly, have complications, or require hospital stays? Additionally, are there any known reasons why clinical reporting might vary across these cases, such as differences in how facilities document ER visits or vaccine types?"
medium_r0278,medium,278,term + term + prefix,"{""query"": {""bool"": {""filter"": [{""term"": {""V_FUNDBY"": {""value"": ""PUB""}}}, {""term"": {""TODAYS_DATE"": {""value"": ""01/17/2022""}}}, {""prefix"": {""OFC_VISIT"": {""value"": ""Y""}}}]}}}","Seeing PUB and 01/17/2022 and values starting with 'Y' noted, could you pull up all such entries and show their outcomes?","Seeing PUB and 01/17/2022 and values starting with 'Y' noted, could you pull up all such entries and show their outcomes?","When considering records mentioning My friend has v fundby = PUB and todays date = 01/17/2022 and office visit record Y. Can you find similar records and share their confirmation of recovery or not?, have patterns emerged that might signal a procedural or documentation anomaly?","I’m reviewing patient records where the vaccine was funded by a public source (PUB) and the report date is January 17, 2022. These patients also had an office visit indicating follow-up care. Could you help me pull up all such cases? I want to see their outcomes. Did they recover fully or have ongoing issues? Also, have any trends or anomalies emerged in how these visits are documented that might affect our understanding of patient follow-up?"
medium_r0279,medium,279,term + term + range,"{""query"": {""bool"": {""filter"": [{""term"": {""VAX_NAME"": {""value"": ""TD ADSORBED (TDVAX)""}}}, {""term"": {""HOSPITAL"": {""value"": ""Y""}}}, {""range"": {""CAGE_YR"": {""gte"": 0.0, ""lte"": 10.200000000000001}}}]}}}",I've come across entries with TD ADSORBED (TDVAX) and Y and values between 0.0 and 10.200000000000001. Can we see how frequently this occurs and any results?,One of my colleagues encountered a patient who come across entries with TD ADSORBED (TDVAX) and Y and values between 0.0 and 10.200000000000001. Can we see how frequently this occurs and any results?,"Upon reviewing patient records referencing As a physician seeing cases of vax name = TD ADSORBED (TDVAX) and hospital record = Y and age of patient between 0.0 and 10.200000000000001, how many patients match these criteria and what were their results?, can we find a specific trend or anomaly that warrants deeper investigation?",We’re analyzing data focused on the tetanus-diphtheria vaccine (TD ADSORBED (TDVAX)) given to pediatric patients aged 0 to roughly 10 years who ended up hospitalized. Could you provide counts and summaries of these cases? Any emerging trends or anomalies related to hospitalization rates or outcomes would be important to flag for ongoing safety monitoring.
medium_r0280,medium,280,term + term + range,"{""query"": {""bool"": {""filter"": [{""term"": {""VAX_SITE"": {""value"": ""RL""}}}, {""term"": {""VAX_DOSE_SERIES"": {""value"": ""6""}}}, {""range"": {""AGE_YRS"": {""gte"": 0.08, ""lte"": 10.272}}}]}}}",I noticed RL and 6 and values between 0.08 and 10.272 in some reports; how common is this and what were the hospital stays or results?,Health records indicate cases where noticed RL and 6 and values between 0.08 and 10.272 in some reports; how common is this and what were the hospital stays or results?,"When considering records mentioning I cared for a patient with vaccination site = RL and vaccine dose series = 6 and age of patient between 0.08 and 10.272. How often does this occur and what follow-up was noted?, have patterns emerged that might signal a procedural or documentation anomaly?","I’m looking into cases where young patients, aged roughly from just under 1 month to about 10 years old, received their sixth dose of a vaccine at the right lower (RL) site. How often do these cases show up in our records? Also, for those cases, what were the subsequent hospital stays or medical outcomes? Are there any notable trends or unexpected patterns in this group that might indicate issues with the vaccine administration site, dose timing, or patient response?"
medium_r0281,medium,281,term + term + range,"{""query"": {""bool"": {""filter"": [{""term"": {""ONSET_DATE"": {""value"": ""03/19/2019""}}}, {""term"": {""ER_VISIT"": {""value"": ""Y""}}}, {""range"": {""CAGE_MO"": {""gte"": 0.0, ""lte"": 0.1}}}]}}}","Having seen 03/19/2019 and Y and values between 0.0 and 0.1, I'm curious about similar records and their typical outcomes?","Having seen 03/19/2019 and Y and values between 0.0 and 0.1, I'm curious about similar records and their typical outcomes?","In reviewing events tied to I experienced onset date = 03/19/2019 and ER record = Y and cage mo between 0.0 and 0.1. Are there others like me and what were their outcomes?, are there clear indications that suggest a broader systemic documentation challenge?","During our quarterly quality audits, we flag all emergency referrals involving newborns aged 0 to 0.1 months with symptom onset on March 19, 2019. Could you pull up the count of such emergency room visits and summarize their follow-up outcomes? Are there any anomalies or documentation inconsistencies that we should be aware of in this dataset?"
medium_r0282,medium,282,term + term + range,"{""query"": {""bool"": {""filter"": [{""term"": {""V_FUNDBY"": {""value"": ""OTH""}}}, {""term"": {""VAX_DATE"": {""value"": ""03/13/2023""}}}, {""range"": {""AGE_YRS"": {""gte"": 0.08, ""lte"": 10.272}}}]}}}",I've come across entries with OTH and 03/13/2023 and values between 0.08 and 10.272. Can we see how frequently this occurs and any results?,My neighbor reported they come across entries with OTH and 03/13/2023 and values between 0.08 and 10.272. Can we see how frequently this occurs and any results?,"Upon reviewing patient records referencing I analyzing entries with v fundby = OTH and vaccine date = 03/13/2023 and age of patient between 0.08 and 10.272. Please retrieve those records for deeper insights., can we find a specific trend or anomaly that warrants deeper investigation?","A neighbor mentioned seeing multiple reports where the vaccine funding source was labeled ‘OTH’ (Other), the vaccine date was March 13, 2023, and the patient ages ranged from about 1 month to just over 10 years old. I want to know how frequently this combination occurs in our records and what the outcomes were for these patients. Are there any emerging trends or unusual patterns in reactions or follow-ups among this group that might warrant closer investigation?"
medium_r0283,medium,283,term + term + range,"{""query"": {""bool"": {""filter"": [{""term"": {""SYMPTOM_TEXT"": {""value"": ""Patient with history of COVID vaccines who admitted to hospital with COVID detected PCR. Provider d/c note: \""No notes on file, patient is a 66yr old female with a history of HTN, COPD, Astham, Hypothyroidism who presetned with cough, fever and was found to have acute covid. She has had covid previously in Nov 2021 and feels symptoms are about the same as prior. She was placed on dexamethasone and completed remdesivir. Today she says she feels much better though she still complains of some cough and congestion. She quit smoking a few years ago. She really wants to go home to get a good nights sleep. She is being discharged on 3L NC oxygen as nebulizers proved insufficient. She would also need portable tank for ambulation insider and outside her home.\""""}}}, {""term"": {""ER_VISIT"": {""value"": ""Y""}}}, {""range"": {""VAERS_ID"": {""gte"": 0.0, ""lte"": 13401.1}}}]}}}","Seeing Patient with history of COVID vaccines who admitted to hospital with COVID detected PCR. Provider d/c note: ""No notes on file, patient is a 66yr old female with a history of HTN, COPD, Astham, Hypothyroidism who presetned with cough, fever and was found to have acute covid. She has had covid previously in Nov 2021 and feels symptoms are about the same as prior. She was placed on dexamethasone and completed remdesivir. Today she says she feels much better though she still complains of some cough and congestion. She quit smoking a few years ago. She really wants to go home to get a good nights sleep. She is being discharged on 3L NC oxygen as nebulizers proved insufficient. She would also need portable tank for ambulation insider and outside her home."" and Y and values between 0.0 and 13401.1 noted, could you pull up all such entries and show their outcomes?","Seeing Patient with history of COVID vaccines who admitted to hospital with COVID detected PCR. Provider d/c note: ""No notes on file, patient is a 66yr old female with a history of HTN, COPD, Astham, Hypothyroidism who presetned with cough, fever and was found to have acute covid. She has had covid previously in Nov 2021 and feels symptoms are about the same as prior. She was placed on dexamethasone and completed remdesivir. Today she says she feels much better though she still complains of some cough and congestion. She quit smoking a few years ago. She really wants to go home to get a good nights sleep. She is being discharged on 3L NC oxygen as nebulizers proved insufficient. She would also need portable tank for ambulation insider and outside her home."" and Y and values between 0.0 and 13401.1 noted, could you pull up all such entries and show their outcomes?","Considering the records associated with I analyzing entries with description of patient = Patient with history of COVID vaccines who admitted to hospital with COVID detected PCR. Provider d/c note: ""No notes on file, patient is a 66yr old female with a history of HTN, COPD, Astham, Hypothyroidism who presetned with cough, fever and was found to have acute covid. She has had covid previously in Nov 2021 and feels symptoms are about the same as prior. She was placed on dexamethasone and completed remdesivir. Today she says she feels much better though she still complains of some cough and congestion. She quit smoking a few years ago. She really wants to go home to get a good nights sleep. She is being discharged on 3L NC oxygen as nebulizers proved insufficient. She would also need portable tank for ambulation insider and outside her home."" and ER record = Y and ID of patient between 0.0 and 13401.1. Please retrieve those records for deeper insights., might we detect patterns indicating previously unreported clinical phenomena?","Given this detailed clinical presentation and management, I want to identify how many other patients in the dataset share a similar profile i.e., have documented history of COVID vaccination, admitted to hospital with PCR-confirmed COVID, have an ER visit marked ‘Y,’ and a VAERS ID between 0 and 13401. What were their hospital outcomes? Do these cases reveal any commonalities or unexpected patterns in clinical progression, treatments administered, or post-discharge conditions?"
medium_r0284,medium,284,term + term + range,"{""query"": {""bool"": {""filter"": [{""term"": {""OTHER_MEDS"": {""value"": ""Losartan; vitamin D3; montelukast; levocetirizine; metformin; albuterol; megastore; menaquinone K2-7; omega acid; SE ZYME FORTE; zinc; rosuvastatin; fish oil; vitamin C; LEVOXYL; vitamin B12; MOTILIUM""}}}, {""term"": {""DIED"": {""value"": ""Y""}}}, {""range"": {""VAERS_ID"": {""gte"": 0.0, ""lte"": 13401.1}}}]}}}",I found records with Losartan; vitamin D3; montelukast; levocetirizine; metformin; albuterol; megastore; menaquinone K2-7; omega acid; SE ZYME FORTE; zinc; rosuvastatin; fish oil; vitamin C; LEVOXYL; vitamin B12; MOTILIUM and Y and values between 0.0 and 13401.1. Please retrieve all matching cases and share their results?,We've received reports about patients who found records with Losartan; vitamin D3; montelukast; levocetirizine; metformin; albuterol; megastore; menaquinone K2-7; omega acid; SE ZYME FORTE; zinc; rosuvastatin; fish oil; vitamin C; LEVOXYL; vitamin B12; MOTILIUM and Y and values between 0.0 and 13401.1. Please retrieve all matching cases and share their results?,"Considering the records associated with I'm reviewing medication cases exhibiting other medications = Losartan; vitamin D3; montelukast; levocetirizine; metformin; albuterol; megastore; menaquinone K2-7; omega acid; SE ZYME FORTE; zinc; rosuvastatin; fish oil; vitamin C; LEVOXYL; vitamin B12; MOTILIUM and died after treatment = Y and ID of patient between 0.0 and 13401.1. What outcomes are documented?, might we detect patterns indicating previously unreported clinical phenomena?","Considering the records associated with I'm reviewing medication cases exhibiting other medications like Losartan; vitamin D3; montelukast; levocetirizine; metformin; albuterol; megastore; menaquinone K2-7; omega acid; SE ZYME FORTE; zinc; rosuvastatin; fish oil; vitamin C; LEVOXYL; vitamin B12; MOTILIUM and died after treatment and ID of patient between 0.0 and 13401.1. What outcomes are documented?, might we detect patterns indicating previously unreported clinical phenomena?"
medium_r0285,medium,285,term + term + range,"{""query"": {""bool"": {""filter"": [{""term"": {""HISTORY"": {""value"": ""Kidney Stones""}}}, {""term"": {""DIED"": {""value"": ""Y""}}}, {""range"": {""FORM_VERS"": {""gte"": 1.0, ""lte"": 1.1}}}]}}}",There's an instance of Kidney Stones and Y and values between 1.0 and 1.1 Can you find all similar cases and summarize their results?,There's an instance of Kidney Stones and Y and values between 1.0 and 1.1 Can you find all similar cases and summarize their results?,"Given the context involving I experienced medical history = Kidney Stones and died after treatment = Y and form vers between 1.0 and 1.1. Are there others like me and what were their outcomes?, are there identifiable factors contributing to unexpected health outcomes in recent reports?","During a recent review of vaccine adverse event reports, several cases were identified involving patients with a history of kidney stones who unfortunately died following treatment. These reports were submitted using form versions ranging from 1.0 to 1.1. The investigation seeks to gather all such cases to better understand the frequency and circumstances surrounding these outcomes. Analysts are particularly interested in identifying any common factors that may have contributed to these unexpected deaths, such as underlying health conditions, medication interactions, or procedural inconsistencies. Understanding these patterns could provide valuable insights for improving patient safety and guiding future clinical decisions."
medium_r0286,medium,286,term + term + range,"{""query"": {""bool"": {""filter"": [{""term"": {""VAX_DOSE_SERIES"": {""value"": ""UNK""}}}, {""term"": {""CUR_ILL"": {""value"": ""ED visit on 10/25/2022: CHIEF COMPLAINT: BACK PAIN and SHORTNESS OF BREATH Assessment/Plan DIAGNOSIS at time of disposition: 1. Chronic low back pain without sciatica, unspecified back pain laterality 2. Dyspnea, unspecified type 3. Peripheral edema 4. COVID-19 ruled out""}}}, {""range"": {""AGE_YRS"": {""gte"": 0.08, ""lte"": 10.272}}}]}}}","I noticed UNK and ED visit on 10/25/2022: CHIEF COMPLAINT: BACK PAIN and SHORTNESS OF BREATH Assessment/Plan DIAGNOSIS at time of disposition: 1. Chronic low back pain without sciatica, unspecified back pain laterality 2. Dyspnea, unspecified type 3. Peripheral edema 4. COVID-19 ruled out and values between 0.08 and 10.272 in some reports; how common is this and what were the hospital stays or results?","Health records indicate cases where noticed UNK and ED visit on 10/25/2022: CHIEF COMPLAINT: BACK PAIN and SHORTNESS OF BREATH Assessment/Plan DIAGNOSIS at time of disposition: 1. Chronic low back pain without sciatica, unspecified back pain laterality 2. Dyspnea, unspecified type 3. Peripheral edema 4. COVID-19 ruled out and values between 0.08 and 10.272 in some reports; how common is this and what were the hospital stays or results?","With cases related to I cared for a patient with vaccine dose series = UNK and current illness = ED visit on 10/25/2022: CHIEF COMPLAINT: BACK PAIN and SHORTNESS OF BREATH Assessment/Plan DIAGNOSIS at time of disposition: 1. Chronic low back pain without sciatica, unspecified back pain laterality 2. Dyspnea, unspecified type 3. Peripheral edema 4. COVID-19 ruled out and age of patient between 0.08 and 10.272. How often does this occur and what follow-up was noted?, have there been identifiable differences across facilities or patient demographics?","I found cases of kids aged a few weeks to about 10 years with an unknown vaccine dose number who visited the ER on October 25, 2022, for back pain and shortness of breath. Their diagnoses included chronic back pain, shortness of breath, and swelling, with COVID ruled out. How common are these cases, and what were the outcomes? Did they need hospitalization or follow-up care? Are there differences based on location or patient details?"
medium_r0287,medium,287,term + term + range,"{""query"": {""bool"": {""filter"": [{""term"": {""ONSET_DATE"": {""value"": ""01/04/2021""}}}, {""term"": {""VAX_DOSE_SERIES"": {""value"": ""6""}}}, {""range"": {""NUMDAYS"": {""gte"": 0.0, ""lte"": 3706.5}}}]}}}",I noticed 01/04/2021 and 6 and values between 0.0 and 3706.5 in some reports; how common is this and what were the hospital stays or results?,My mother recently noticed 01/04/2021 and 6 and values between 0.0 and 3706.5 in some reports; how common is this and what were the hospital stays or results?,"Looking at instances involving I experienced onset date = 01/04/2021 and vaccine dose series = 6 and numdays between 0.0 and 3706.5. Are there others like me and what were their outcomes?, what explanations might account for observed variations in clinical reporting?","My mother came across reports where symptoms started on January 4, 2021, after the sixth vaccine dose, with symptom duration ranging up to about 10 years. How common are cases like this, and what kind of hospital stays or outcomes did patients experience? Are there any patterns or reasons behind differences in how these cases are reported?"
medium_r0288,medium,288,term + term + range,"{""query"": {""bool"": {""filter"": [{""term"": {""VAX_LOT"": {""value"": ""W03504""}}}, {""term"": {""ONSET_DATE"": {""value"": ""11/02/2017""}}}, {""range"": {""FORM_VERS"": {""gte"": 1.0, ""lte"": 1.1}}}]}}}",I've come across entries with W03504 and 11/02/2017 and values between 1.0 and 1.1. Can we see how frequently this occurs and any results?,One of my colleagues encountered a patient who come across entries with W03504 and 11/02/2017 and values between 1.0 and 1.1. Can we see how frequently this occurs and any results?,"Upon reviewing patient records referencing I tracking occurrences of vaccine lot number = W03504 and onset date = 11/02/2017 and form vers between 1.0 and 1.1. Please map their distribution and counts by state., can we find a specific trend or anomaly that warrants deeper investigation?","A colleague of mine noticed some patient records linked to vaccine lot number W03504 with symptom onset on November 2, 2017, and form versions between 1.0 and 1.1. How often do these cases occur, and what outcomes have been reported? Could we also look at how these cases are distributed across different states to see if any patterns or unusual trends stand out?"
medium_r0289,medium,289,term + term + range,"{""query"": {""bool"": {""filter"": [{""term"": {""SEX"": {""value"": ""M""}}}, {""term"": {""OFC_VISIT"": {""value"": ""Y""}}}, {""range"": {""HOSPDAYS"": {""gte"": 1.0, ""lte"": 1112.0}}}]}}}","Having seen M and Y and values between 1.0 and 1112.0, I'm curious about similar records and their typical outcomes?","Having seen M and Y and values between 1.0 and 1112.0, I'm curious about similar records and their typical outcomes?","With cases related to I'm reviewing medication cases exhibiting sex of patient = M and office visit record = Y and days in hospital between 1.0 and 1112.0. What outcomes are documented?, have there been identifiable differences across facilities or patient demographics?","I’m looking into cases involving male patients who had an office visit and were hospitalized anywhere from 1 to over 1,100 days. How common are such cases, and what were the typical outcomes? Also, have there been noticeable differences in these outcomes based on the facility or patient demographics?"
medium_r0290,medium,290,term + term + range,"{""query"": {""bool"": {""filter"": [{""term"": {""STATE"": {""value"": ""OK""}}}, {""term"": {""CUR_ILL"": {""value"": ""No acute illnesses reported""}}}, {""range"": {""CAGE_YR"": {""gte"": 0.0, ""lte"": 10.200000000000001}}}]}}}",I noticed OK and No acute illnesses reported and values between 0.0 and 10.200000000000001 in some reports; how common is this and what were the hospital stays or results?,We've received reports about patients who noticed OK and No acute illnesses reported and values between 0.0 and 10.200000000000001 in some reports; how common is this and what were the hospital stays or results?,"Given the context involving I analyzing entries with patient from = OK and current illness = No acute illnesses reported and age of patient between 0.0 and 10.200000000000001. Please retrieve those records for deeper insights., are there identifiable factors contributing to unexpected health outcomes in recent reports?","I’m reviewing cases involving young patients,infants, to about 10 years old from Oklahoma who didn’t have any acute illnesses reported at the time. How common are these cases, and what do their hospital stays or outcomes typically look like? Are there any factors that might explain unexpected results in these reports?"
medium_r0291,medium,291,term + term + range,"{""query"": {""bool"": {""filter"": [{""term"": {""LAB_DATA"": {""value"": ""I?ve had several echocardiograms EKGs. I was hospitalized overnight with chest pain, a lot of bloodwork, x-rays, CT, lungs and heart. I am still on the medication and still have pericarditis.""}}}, {""term"": {""SPLTTYPE"": {""value"": ""USPFIZER INC202300048571""}}}, {""range"": {""CAGE_MO"": {""gte"": 0.0, ""lte"": 0.1}}}]}}}","After experiencing I?ve had several echocardiograms EKGs. I was hospitalized overnight with chest pain, a lot of bloodwork, x-rays, CT, lungs and heart. I am still on the medication and still have pericarditis. and USPFIZER INC202300048571 and values between 0.0 and 0.1, I wonder how many others had similar cases and what their outcomes were?","After experiencing I?ve had several echocardiograms EKGs. I was hospitalized overnight with chest pain, a lot of bloodwork, x-rays, CT, lungs and heart. I am still on the medication and still have pericarditis. and USPFIZER INC202300048571 and values between 0.0 and 0.1, I wonder how many others had similar cases and what their outcomes were?","With cases related to I help a patient who had examination results = I?ve had several echocardiograms EKGs. I was hospitalized overnight with chest pain, a lot of bloodwork, x-rays, CT, lungs and heart. I am still on the medication and still have pericarditis. and splttype = USPFIZER INC202300048571 and cage mo between 0.0 and 0.1. Could you pull up similar cases and lengths of hospital stays?, have there been identifiable differences across facilities or patient demographics?","A patient I’m helping had several echocardiograms and EKGs, was hospitalized overnight due to chest pain, underwent extensive bloodwork, x-rays, and CT scans of the lungs and heart. They’re still on medication and dealing with pericarditis. This case is linked to the vaccine batch USPFIZER INC202300048571, and the patient is a newborn (age between 0 and about 1.2 months). I’d like to know how many others have had similar experiences, what their outcomes were, and details about their hospital stays. Are there any noticeable differences based on where they were treated or their demographics?"
medium_r0292,medium,292,term + term + wildcard,"{""query"": {""bool"": {""filter"": [{""term"": {""L_THREAT"": {""value"": ""Y""}}}, {""term"": {""OFC_VISIT"": {""value"": ""Y""}}}, {""wildcard"": {""RECOVD"": {""value"": ""*Y*""}}}]}}}",I noticed Y and Y and values matching '*Y*' in some reports; how common is this and what were the hospital stays or results?,One of my colleagues encountered a patient who noticed Y and Y and values matching '*Y*' in some reports; how common is this and what were the hospital stays or results?,"Considering the records associated with I cared for a patient with life threat = Y and office visit record = Y and recovery status matching *Y*. How often does this occur and what follow-up was noted?, might we detect patterns indicating previously unreported clinical phenomena?","I’m looking into cases where patients had life-threatening events and also had an office visit recorded. Additionally, their recovery status shows some form of recovery. How often do these cases happen, and what kind of follow-up or outcomes were reported? Are there any patterns that might suggest something new or unexpected in these events?"
medium_r0293,medium,293,term + term + wildcard,"{""query"": {""bool"": {""filter"": [{""term"": {""RECOVD"": {""value"": ""Y""}}}, {""term"": {""SYMPTOM_TEXT"": {""value"": ""Patient came in around 4:45pm to receive a seasonal flu vaccine and Spikevax covid 19 vaccine 2023-2024 While elvaulating the consent form, patient informed me that he has a vasovagel event last year when receiving his vaccinations. He was cleared by the emergency room department ,stating that it was not believed to be an allergic reaction. Patient was accompanied by his parents. The patient wanted to proceed with vaccination, within in 1 to 2 minutes patient stated he did not fill well, rolled his eyes and fainted. He woke up immediately but then had a brief seizure. EMS was called immediately. Patient was able to tell us his DOB and was responding. The paramedics evaulated him. Helwent to the hospital .""}}}, {""wildcard"": {""OFC_VISIT"": {""value"": ""*Y*""}}}]}}}","After experiencing Y and Patient came in around 4:45pm to receive a seasonal flu vaccine and Spikevax covid 19 vaccine 2023-2024 While elvaulating the consent form, patient informed me that he has a vasovagel event last year when receiving his vaccinations. He was cleared by the emergency room department ,stating that it was not believed to be an allergic reaction. Patient was accompanied by his parents. The patient wanted to proceed with vaccination, within in 1 to 2 minutes patient stated he did not fill well, rolled his eyes and fainted. He woke up immediately but then had a brief seizure. EMS was called immediately. Patient was able to tell us his DOB and was responding. The paramedics evaulated him. Helwent to the hospital . and values matching '*Y*', I wonder how many others had similar cases and what their outcomes were?","After experiencing Y and Patient came in around 4:45pm to receive a seasonal flu vaccine and Spikevax covid 19 vaccine 2023-2024 While elvaulating the consent form, patient informed me that he has a vasovagel event last year when receiving his vaccinations. He was cleared by the emergency room department ,stating that it was not believed to be an allergic reaction. Patient was accompanied by his parents. The patient wanted to proceed with vaccination, within in 1 to 2 minutes patient stated he did not fill well, rolled his eyes and fainted. He woke up immediately but then had a brief seizure. EMS was called immediately. Patient was able to tell us his DOB and was responding. The paramedics evaulated him. Helwent to the hospital . and values matching '*Y*', I wonder how many others had similar cases and what their outcomes were?","Looking at instances involving I experienced recovery status = Y and description of patient = Patient came in around 4:45pm to receive a seasonal flu vaccine and Spikevax covid 19 vaccine 2023-2024 While elvaulating the consent form, patient informed me that he has a vasovagel event last year when receiving his vaccinations. He was cleared by the emergency room department ,stating that it was not believed to be an allergic reaction. Patient was accompanied by his parents. The patient wanted to proceed with vaccination, within in 1 to 2 minutes patient stated he did not fill well, rolled his eyes and fainted. He woke up immediately but then had a brief seizure. EMS was called immediately. Patient was able to tell us his DOB and was responding. The paramedics evaulated him. Helwent to the hospital . and office visit record matching *Y*. Are there others like me and what were their outcomes?, what explanations might account for observed variations in clinical reporting?","A patient came in around 4:45 pm to get a seasonal flu vaccine and the Spikevax COVID-19 vaccine for 2023-2024. While reviewing the consent form, they mentioned having had a vasovagal episode last year after vaccination, which was cleared by the emergency room as not an allergic reaction. The patient was with their parents and chose to proceed. Within 1 to 2 minutes, they felt unwell, rolled their eyes, fainted, then briefly had a seizure. EMS was called, and paramedics evaluated and took the patient to the hospital. The patient recovered afterward and had an office visit recorded. I’m wondering how many others have had similar experiences and what their outcomes were. Are there any patterns or differences in how these cases were reported?"
medium_r0294,medium,294,term + term + wildcard,"{""query"": {""bool"": {""filter"": [{""term"": {""VAX_MANU"": {""value"": ""PFIZER\\BIONTECH""}}}, {""term"": {""SEX"": {""value"": ""M""}}}, {""wildcard"": {""V_ADMINBY"": {""value"": ""*SE*""}}}]}}}","When records show PFIZER\BIONTECH and M and values matching '*SE*', what do others report as their follow-up outcomes?","When records show PFIZER\BIONTECH and M and values matching '*SE*', what do others report as their follow-up outcomes?","Given the context involving I help a patient who had vaccine manufacturer = PFIZER\BIONTECH and sex of patient = M and v adminby matching *SE*. Could you pull up similar cases and lengths of hospital stays?, are there identifiable factors contributing to unexpected health outcomes in recent reports?","I’m helping a male patient who received a Pfizer/BioNTech vaccine administered by a facility with a name containing “SE.” Could you check how often this combination appears in records? Also, what were the follow-up outcomes and lengths of hospital stays for similar cases? Are there any patterns or factors that might explain unusual health results in these reports?"
medium_r0295,medium,295,term + term + wildcard,"{""query"": {""bool"": {""filter"": [{""term"": {""VAX_DOSE_SERIES"": {""value"": ""5""}}}, {""term"": {""ER_ED_VISIT"": {""value"": ""Y""}}}, {""wildcard"": {""VAX_TYPE"": {""value"": ""*RV*""}}}]}}}",I've come across entries with 5 and Y and values matching '*RV*'. Can we see how frequently this occurs and any results?,Our clinic is treating cases where come across entries with 5 and Y and values matching '*RV*'. Can we see how frequently this occurs and any results?,"In the context of analyzing A family member showed vaccine dose series = 5 and ER/ED record = Y and current vaccine type matching *RV*. Could you look up comparable cases and their follow-up?, could this reflect an underlying systematic issue within certain subgroups or treatments?","I’m looking into cases where patients had their fifth vaccine dose, visited the emergency or urgent care department, and received a vaccine type that includes “RV” in its name. How often does this happen, and what were the outcomes for these patients? Could there be any patterns or issues we should be aware of in certain groups or treatments?"
medium_r0296,medium,296,term + term + wildcard,"{""query"": {""bool"": {""filter"": [{""term"": {""SEX"": {""value"": ""U""}}}, {""term"": {""RECVDATE"": {""value"": ""04/25/2023""}}}, {""wildcard"": {""ER_ED_VISIT"": {""value"": ""*Y*""}}}]}}}",I noticed U and 04/25/2023 and values matching '*Y*' in some reports; how common is this and what were the hospital stays or results?,One of my colleagues encountered a patient who noticed U and 04/25/2023 and values matching '*Y*' in some reports; how common is this and what were the hospital stays or results?,"For data entries connected to As a physician seeing cases of sex of patient = U and date received vaccine = 04/25/2023 and ER/ED record matching *Y*, how many patients match these criteria and what were their results?, could there be previously unnoticed demographic or clinical correlations?","I’ve come across some reports dated April 25, 2023, where the patient’s sex is unknown, and they had an emergency or urgent care visit. How common are these cases, and what were the hospital stays or outcomes like? Could there be any hidden patterns or connections related to this group?"
medium_r0297,medium,297,term + term + wildcard,"{""query"": {""bool"": {""filter"": [{""term"": {""VAX_DOSE_SERIES"": {""value"": ""3""}}}, {""term"": {""DISABLE"": {""value"": ""Y""}}}, {""wildcard"": {""TODAYS_DATE"": {""value"": ""*07*""}}}]}}}","When records show 3 and Y and values matching '*07*', what do others report as their follow-up outcomes?","When records show 3 and Y and values matching '*07*', what do others report as their follow-up outcomes?","Looking at instances involving I help a patient who had vaccine dose series = 3 and disability status = Y and todays date matching *07*. Could you pull up similar cases and lengths of hospital stays?, what explanations might account for observed variations in clinical reporting?","I’m looking at cases where patients received their third vaccine dose and ended up with a disability. These reports are from July. How often does this happen, and what kind of follow-up or hospital stays have been reported? Are there any insights into why outcomes might differ between patients?"
medium_r0298,medium,298,term + term + wildcard,"{""query"": {""bool"": {""filter"": [{""term"": {""OTHER_MEDS"": {""value"": ""acetaminophen aspirin calcium cholecalciferol Cyanocobalamin IM famotidine folic acid gabapentin levothyroxine omeprazole prednisone sertraline timolol opth""}}}, {""term"": {""OFC_VISIT"": {""value"": ""Y""}}}, {""wildcard"": {""VAX_NAME"": {""value"": ""*TD*""}}}]}}}",There's an instance of acetaminophen aspirin calcium cholecalciferol Cyanocobalamin IM famotidine folic acid gabapentin levothyroxine omeprazole prednisone sertraline timolol opth and Y and values matching '*TD*' Can you find all similar cases and summarize their results?,There's an instance of acetaminophen aspirin calcium cholecalciferol Cyanocobalamin IM famotidine folic acid gabapentin levothyroxine omeprazole prednisone sertraline timolol opth and Y and values matching '*TD*' Can you find all similar cases and summarize their results?,"Given the context involving I cared for a patient with other medications = acetaminophen aspirin calcium cholecalciferol Cyanocobalamin IM famotidine folic acid gabapentin levothyroxine omeprazole prednisone sertraline timolol opth and office visit record = Y and vax name matching *TD*. How often does this occur and what follow-up was noted?, are there identifiable factors contributing to unexpected health outcomes in recent reports?","I’m looking into cases where patients were taking medications like acetaminophen, aspirin, calcium, vitamin D3, B12 injections, famotidine, folic acid, gabapentin, levothyroxine, omeprazole, prednisone, sertraline, timolol eye drops, and had an office visit recorded. The vaccine name in these cases includes “TD” somewhere in the name. How often does this happen, and what were the outcomes or follow-up notes? Have there been any patterns or unexpected health results connected to these cases?"
medium_r0299,medium,299,term + term + wildcard,"{""query"": {""bool"": {""filter"": [{""term"": {""SEX"": {""value"": ""U""}}}, {""term"": {""ER_VISIT"": {""value"": ""Y""}}}, {""wildcard"": {""VAX_NAME"": {""value"": ""*DT*""}}}]}}}","Having seen U and Y and values matching '*DT*', I'm curious about similar records and their typical outcomes?","Having seen U and Y and values matching '*DT*', I'm curious about similar records and their typical outcomes?","Looking at instances involving A family member showed sex of patient = U and ER record = Y and vax name matching *DT*. Could you look up comparable cases and their follow-up?, what explanations might account for observed variations in clinical reporting?","I came across some cases where the patient’s sex was unknown, they had an emergency room visit, and the vaccine name included “DT.” How common are these cases, and what were the typical outcomes or follow-ups? Are there any insights or patterns that could explain differences in how these cases are reported or managed?"
medium_r0300,medium,300,term + term + wildcard,"{""query"": {""bool"": {""filter"": [{""term"": {""ONSET_DATE"": {""value"": ""01/23/2023""}}}, {""term"": {""VAX_DOSE_SERIES"": {""value"": ""7+""}}}, {""wildcard"": {""VAX_DOSE_SERIES"": {""value"": ""*7+*""}}}]}}}","When records show 01/23/2023 and 7+ and values matching '*7+*', what do others report as their follow-up outcomes?","When records show 01/23/2023 and 7+ and values matching '*7+*', what do others report as their follow-up outcomes?","Considering the records associated with I analyzing entries with onset date = 01/23/2023 and vaccine dose series = 7+ and vaccine dose series matching *7+*. Please retrieve those records for deeper insights., might we detect patterns indicating previously unreported clinical phenomena?","I noticed some records with an onset date of January 23, 2023, where the vaccine dose series was noted as “7+.” How often do these cases occur, and what follow-up outcomes have been reported? Are there any patterns or new clinical findings we should be aware of in these reports?"
medium_r0301,medium,301,term + term + wildcard,"{""query"": {""bool"": {""filter"": [{""term"": {""VAX_MANU"": {""value"": ""SANOFI PASTEUR""}}}, {""term"": {""ONSET_DATE"": {""value"": ""01/10/2022""}}}, {""wildcard"": {""VAX_DOSE_SERIES"": {""value"": ""*4*""}}}]}}}","After experiencing SANOFI PASTEUR and 01/10/2022 and values matching '*4*', I wonder how many others had similar cases and what their outcomes were?","After experiencing SANOFI PASTEUR and 01/10/2022 and values matching '*4*', I wonder how many others had similar cases and what their outcomes were?","With cases related to I cared for a patient with vaccine manufacturer = SANOFI PASTEUR and onset date = 01/10/2022 and vaccine dose series matching *4*. How often does this occur and what follow-up was noted?, have there been identifiable differences across facilities or patient demographics?","I’m looking into cases involving the SANOFI PASTEUR vaccine with an onset date of January 10, 2022, and where the vaccine dose series includes “4.” How frequently do such cases appear, and what kind of follow-up outcomes have been reported? Are there any notable differences depending on the facility or patient demographics?"
medium_r0302,medium,302,term + term + wildcard,"{""query"": {""bool"": {""filter"": [{""term"": {""SYMPTOM_TEXT"": {""value"": ""swelling noted at 1 day, on exam 48 hours after administration, warm and tense with well demarcated erythema not responsive to Benadryl consistent with celullitis""}}}, {""term"": {""V_FUNDBY"": {""value"": ""UNK""}}}, {""wildcard"": {""HOSPITAL"": {""value"": ""*Y*""}}}]}}}","There's an instance of swelling noted at 1 day, on exam 48 hours after administration, warm and tense with well demarcated erythema not responsive to Benadryl consistent with celullitis and UNK and values matching '*Y*' Can you find all similar cases and summarize their results?","There's an instance of swelling noted at 1 day, on exam 48 hours after administration, warm and tense with well demarcated erythema not responsive to Benadryl consistent with celullitis and UNK and values matching '*Y*' Can you find all similar cases and summarize their results?","In reviewing events tied to I analyzing entries with description of patient = swelling noted at 1 day, on exam 48 hours after administration, warm and tense with well demarcated erythema not responsive to Benadryl consistent with celullitis and v fundby = UNK and hospital record matching *Y*. Please retrieve those records for deeper insights., are there clear indications that suggest a broader systemic documentation challenge?","I came across cases where patients showed swelling one day after vaccination, and on examination 48 hours later, the area was warm, tense, and had clearly defined redness that didn’t improve with Benadryl consistent with cellulitis. These cases had unknown vaccine funding sources and involved hospitalization. How often do similar cases occur, and what were the outcomes? Could this point to any larger issues with how such events are recorded or managed?"
medium_r0303,medium,303,term + term + wildcard,"{""query"": {""bool"": {""filter"": [{""term"": {""VAX_MANU"": {""value"": ""BERNA BIOTECH, LTD.""}}}, {""term"": {""OFC_VISIT"": {""value"": ""Y""}}}, {""wildcard"": {""VAX_ROUTE"": {""value"": ""*SC*""}}}]}}}","Seeing BERNA BIOTECH, LTD. and Y and values matching '*SC*' noted, could you pull up all such entries and show their outcomes?","Seeing BERNA BIOTECH, LTD. and Y and values matching '*SC*' noted, could you pull up all such entries and show their outcomes?","Upon reviewing patient records referencing A family member showed vaccine manufacturer = BERNA BIOTECH, LTD. and office visit record = Y and vax route matching *SC*. Could you look up comparable cases and their follow-up?, can we find a specific trend or anomaly that warrants deeper investigation?","I’m reviewing cases where the vaccine was made by BERNA BIOTECH, LTD., patients had an office visit afterward, and the vaccine was given subcutaneously. Could you help me find all such cases and share what the follow-up outcomes were? Are there any noticeable patterns or unusual findings that stand out?"
medium_r0304,medium,304,term + term + wildcard,"{""query"": {""bool"": {""filter"": [{""term"": {""VAX_NAME"": {""value"": ""RABIES (IMOVAX)""}}}, {""term"": {""VAX_DOSE_SERIES"": {""value"": ""UNK""}}}, {""wildcard"": {""VAX_LOT"": {""value"": ""*33*""}}}]}}}","In reviewing cases where RABIES (IMOVAX) and UNK and values matching '*33*', could you list the matching records and what happened next?","In reviewing cases where RABIES (IMOVAX) and UNK and values matching '*33*', could you list the matching records and what happened next?","Looking at instances involving My friend has vax name = RABIES (IMOVAX) and vaccine dose series = UNK and vaccine lot number matching *33*. Can you find similar records and share their confirmation of recovery or not?, what explanations might account for observed variations in clinical reporting?","I’m looking into cases where the vaccine given was RABIES (IMOVAX), the dose number wasn’t specified, and the vaccine lot number includes ‘33’. Could you find all records like this and tell me what happened afterward? Did patients recover, and are there any explanations for differences in how these cases were reported?"
medium_r0305,medium,305,term + term + wildcard,"{""query"": {""bool"": {""filter"": [{""term"": {""STATE"": {""value"": ""MN""}}}, {""term"": {""RECVDATE"": {""value"": ""01/22/2023""}}}, {""wildcard"": {""SPLTTYPE"": {""value"": ""*GU*""}}}]}}}",I noticed MN and 01/22/2023 and values matching '*GU*' in some reports; how common is this and what were the hospital stays or results?,Hospital records show individuals who noticed MN and 01/22/2023 and values matching '*GU*' in some reports; how common is this and what were the hospital stays or results?,"For data entries connected to I analyzing entries with patient from = MN and date received vaccine = 01/22/2023 and splttype matching *GU*. Please retrieve those records for deeper insights., could there be previously unnoticed demographic or clinical correlations?","I came across some reports from Minnesota dated January 22, 2023, where the vaccine batch or project number included “GU.” How often do these kinds of cases appear, and what were the hospital stays or outcomes for these patients? Are there any patterns or factors, maybe related to demographics or clinical details, that stand out in these reports?"
medium_r0306,medium,306,term + term + wildcard,"{""query"": {""bool"": {""filter"": [{""term"": {""HOSPITAL"": {""value"": ""Y""}}}, {""term"": {""ALLERGIES"": {""value"": ""CELEBREX; penicillin""}}}, {""wildcard"": {""SEX"": {""value"": ""*F*""}}}]}}}",I've come across entries with Y and CELEBREX; penicillin and values matching '*F*'. Can we see how frequently this occurs and any results?,Our clinic is treating cases where come across entries with Y and CELEBREX; penicillin and values matching '*F*'. Can we see how frequently this occurs and any results?,"In the context of analyzing I experienced hospital record = Y and allergies = CELEBREX; penicillin and sex of patient matching *F*. Are there others like me and what were their outcomes?, could this reflect an underlying systematic issue within certain subgroups or treatments?","I noticed several cases where patients who were hospitalized had allergies to Celebrex and penicillin, and their sex was female. How common are these cases, and what outcomes have been reported? Could this pattern indicate any specific risks or issues in treatment for this group?"
medium_r0307,medium,307,term + term + wildcard,"{""query"": {""bool"": {""filter"": [{""term"": {""CUR_ILL"": {""value"": ""The night prior to the vaccination, pt reported calling the ambulance feeling like he had a heart attack. Pt was cleared by paramedics and not taken for any additional medical care. Pt reported no symptoms other than fatigue at time of vaccine.""}}}, {""term"": {""V_ADMINBY"": {""value"": ""PVT""}}}, {""wildcard"": {""VAX_TYPE"": {""value"": ""*DT*""}}}]}}}","I noticed The night prior to the vaccination, pt reported calling the ambulance feeling like he had a heart attack. Pt was cleared by paramedics and not taken for any additional medical care. Pt reported no symptoms other than fatigue at time of vaccine. and PVT and values matching '*DT*' in some reports; how common is this and what were the hospital stays or results?","Someone I know noticed The night prior to the vaccination, pt reported calling the ambulance feeling like he had a heart attack. Pt was cleared by paramedics and not taken for any additional medical care. Pt reported no symptoms other than fatigue at time of vaccine. and PVT and values matching '*DT*' in some reports; how common is this and what were the hospital stays or results?","Given the context involving I reporting on incidents of current illness = The night prior to the vaccination, pt reported calling the ambulance feeling like he had a heart attack. Pt was cleared by paramedics and not taken for any additional medical care. Pt reported no symptoms other than fatigue at time of vaccine. and v adminby = PVT and current vaccine type matching *DT*. Can you provide examples and their key examination results?, are there identifiable factors contributing to unexpected health outcomes in recent reports?","I found several reports where patients experienced a concerning event the night before vaccination, they called an ambulance feeling like they were having a heart attack but were cleared by paramedics without further medical care. At the time of vaccination, these patients only reported fatigue. These cases were administered by private providers and involved vaccines with types matching “DT”. How frequently do such cases occur, and what were the outcomes, including any hospital stays or follow-up? Are there patterns or factors in these cases that might explain unexpected health results?"
medium_r0308,medium,308,term + term + wildcard,"{""query"": {""bool"": {""filter"": [{""term"": {""OFC_VISIT"": {""value"": ""Y""}}}, {""term"": {""OFC_VISIT"": {""value"": ""Y""}}}, {""wildcard"": {""VAX_DATE"": {""value"": ""*11*""}}}]}}}","Seeing Y and Y and values matching '*11*' noted, could you pull up all such entries and show their outcomes?","Seeing Y and Y and values matching '*11*' noted, could you pull up all such entries and show their outcomes?","For data entries connected to I analyzing entries with office visit record = Y and office visit record = Y and vaccine date matching *11*. Please retrieve those records for deeper insights., could there be previously unnoticed demographic or clinical correlations?","I reviewed records where patients had confirmed office visits and whose vaccine dates included “11” (likely November). Could you provide all such entries along with their outcomes? Additionally, are there any notable patterns or correlations related to demographics or clinical follow-up in these cases?"
medium_r0309,medium,309,term + term + wildcard,"{""query"": {""bool"": {""filter"": [{""term"": {""ONSET_DATE"": {""value"": ""10/01/2021""}}}, {""term"": {""VAX_ROUTE"": {""value"": ""SYR""}}}, {""wildcard"": {""VAX_LOT"": {""value"": ""*uj*""}}}]}}}","After experiencing 10/01/2021 and SYR and values matching '*uj*', I wonder how many others had similar cases and what their outcomes were?","After experiencing 10/01/2021 and SYR and values matching '*uj*', I wonder how many others had similar cases and what their outcomes were?","Looking at instances involving I'm reviewing medication cases exhibiting onset date = 10/01/2021 and vax route = SYR and vaccine lot number matching *uj*. What outcomes are documented?, what explanations might account for observed variations in clinical reporting?","I reviewed cases with an onset date of October 1, 2021, where the vaccine was administered via syringe (SYR) and the vaccine lot number contained the pattern “uj.” I’m interested in how many similar cases exist and what their outcomes were. Additionally, understanding any variations in clinical reporting or outcomes linked to this lot number would be helpful for safety monitoring."
medium_r0310,medium,310,term + term + wildcard,"{""query"": {""bool"": {""filter"": [{""term"": {""VAX_ROUTE"": {""value"": ""JET""}}}, {""term"": {""OFC_VISIT"": {""value"": ""Y""}}}, {""wildcard"": {""DISABLE"": {""value"": ""*Y*""}}}]}}}","Looking at reports of JET and Y and values matching '*Y*', could you show how many there are and what happened to those patients?","Looking at reports of JET and Y and values matching '*Y*', could you show how many there are and what happened to those patients?","Given the context involving As a physician seeing cases of vax route = JET and office visit record = Y and disability status matching *Y*, how many patients match these criteria and what were their results?, are there identifiable factors contributing to unexpected health outcomes in recent reports?","I analyzed reports where the vaccine administration route was by jet injector, the patient had an office visit recorded and disability status. I’m interested in how many such cases exist and what their outcomes were. Additionally, identifying any common factors that might explain unexpected health outcomes in these patients would be valuable for clinical follow-up and safety assessment."
medium_r0311,medium,311,term + term + regexp,"{""query"": {""bool"": {""filter"": [{""term"": {""LAB_DATA"": {""value"": ""02FEB2022 at home COVID-19 test positive; 04FEB2022 at home COVID-19 test positive; 06FEB2022 at home COVID-19 test positive; 07FEB2022 at home COVID-19 test positive; 08FEB2022 at home COVID-19 test positive; 09FEB2022 at home COVID-19 test positive; 017FEB2022 at home COVID-19 test negative; 018FEB2022 at home COVID-19 test negative""}}}, {""term"": {""OFC_VISIT"": {""value"": ""Y""}}}, {""regexp"": {""ER_ED_VISIT"": {""value"": "".*Y.*""}}}]}}}","When records show 02FEB2022 at home COVID-19 test positive; 04FEB2022 at home COVID-19 test positive; 06FEB2022 at home COVID-19 test positive; 07FEB2022 at home COVID-19 test positive; 08FEB2022 at home COVID-19 test positive; 09FEB2022 at home COVID-19 test positive; 017FEB2022 at home COVID-19 test negative; 018FEB2022 at home COVID-19 test negative and Y and values matching pattern '.*Y.*', what do others report as their follow-up outcomes?","When records show 02FEB2022 at home COVID-19 test positive; 04FEB2022 at home COVID-19 test positive; 06FEB2022 at home COVID-19 test positive; 07FEB2022 at home COVID-19 test positive; 08FEB2022 at home COVID-19 test positive; 09FEB2022 at home COVID-19 test positive; 017FEB2022 at home COVID-19 test negative; 018FEB2022 at home COVID-19 test negative and Y and values matching pattern '.*Y.*', what do others report as their follow-up outcomes?","Considering the records associated with I cared for a patient with examination results = 02FEB2022 at home COVID-19 test positive; 04FEB2022 at home COVID-19 test positive; 06FEB2022 at home COVID-19 test positive; 07FEB2022 at home COVID-19 test positive; 08FEB2022 at home COVID-19 test positive; 09FEB2022 at home COVID-19 test positive; 017FEB2022 at home COVID-19 test negative; 018FEB2022 at home COVID-19 test negative and office visit record = Y and ER/ED record pattern .*Y.*. How often does this occur and what follow-up was noted?, might we detect patterns indicating previously unreported clinical phenomena?","I reviewed cases where patients had a series of at-home COVID-19 test results showing multiple positives between February 2 and February 9, 2022, followed by negative results on February 17 and 18, 2022. These cases also had documented office visits and emergency room or emergency department visits recorded. I am interested in understanding how frequently such cases occur, what their follow-up outcomes were, and whether there are any emerging patterns or unusual clinical findings that could warrant further investigation."
medium_r0312,medium,312,term + term + regexp,"{""query"": {""bool"": {""filter"": [{""term"": {""SEX"": {""value"": ""F""}}}, {""term"": {""ER_VISIT"": {""value"": ""Y""}}}, {""regexp"": {""V_ADMINBY"": {""value"": "".*UN.*""}}}]}}}",I found records with F and Y and values matching pattern '.*UN.*'. Please retrieve all matching cases and share their results?,My mother recently found records with F and Y and values matching pattern '.*UN.*'. Please retrieve all matching cases and share their results?,"In analyzing cases linked to I tracking occurrences of sex of patient = F and ER record = Y and v adminby pattern .*UN.*. Please map their distribution and counts by state., is there any indication of systemic inconsistencies or categorization errors?","In our latest vaccine safety review, we found a number of ER visits linked to female patients where the vaccine was administered by providers labeled with ‘UN’. I’d like to analyze how frequent these reports are and if there are any geographic hotspots or data inconsistencies that might affect our findings"
medium_r0313,medium,313,term + term + regexp,"{""query"": {""bool"": {""filter"": [{""term"": {""VAX_DOSE_SERIES"": {""value"": ""1""}}}, {""term"": {""VAX_NAME"": {""value"": ""TYPHOID LIVE ORAL TY21A (VIVOTIF)""}}}, {""regexp"": {""LAB_DATA"": {""value"": "".*12.*""}}}]}}}",I noticed 1 and TYPHOID LIVE ORAL TY21A (VIVOTIF) and values matching pattern '.*12.*' in some reports; how common is this and what were the hospital stays or results?,We've received reports about patients who noticed 1 and TYPHOID LIVE ORAL TY21A (VIVOTIF) and values matching pattern '.*12.*' in some reports; how common is this and what were the hospital stays or results?,"When considering records mentioning I tracking occurrences of vaccine dose series = 1 and vax name = TYPHOID LIVE ORAL TY21A (VIVOTIF) and examination results pattern .*12.*. Please map their distribution and counts by state., have patterns emerged that might signal a procedural or documentation anomaly?","We’re analyzing reports involving the first dose of Typhoid Live Oral Ty21a (Vivotif). Several lab data entries include the number 12 in their findings. Can we get a summary of how many such cases there are, what states they’re from, and if there are any trends suggesting issues with vaccine administration or documentation?"
medium_r0314,medium,314,term + term + regexp,"{""query"": {""bool"": {""filter"": [{""term"": {""ER_ED_VISIT"": {""value"": ""Y""}}}, {""term"": {""VAX_SITE"": {""value"": ""GM""}}}, {""regexp"": {""ALLERGIES"": {""value"": "".*Nu.*""}}}]}}}","Seeing Y and GM and values matching pattern '.*Nu.*' noted, could you pull up all such entries and show their outcomes?","Seeing Y and GM and values matching pattern '.*Nu.*' noted, could you pull up all such entries and show their outcomes?","With cases related to I help a patient who had ER/ED record = Y and vaccination site = GM and allergies pattern .*Nu.*. Could you pull up similar cases and lengths of hospital stays?, have there been identifiable differences across facilities or patient demographics?","The team requested data on vaccine recipients with emergency room visits, vaccinated at GM, and with allergy records containing ‘Nu’. We want to analyze the frequency and clinical outcomes, including length of hospitalization. Could you help gather this info for our trend review?"
medium_r0315,medium,315,term + term + regexp,"{""query"": {""bool"": {""filter"": [{""term"": {""VAX_ROUTE"": {""value"": ""PO""}}}, {""term"": {""L_THREAT"": {""value"": ""Y""}}}, {""regexp"": {""VAX_DATE"": {""value"": "".*08.*""}}}]}}}","In reviewing cases where PO and Y and values matching pattern '.*08.*', could you list the matching records and what happened next?","In reviewing cases where PO and Y and values matching pattern '.*08.*', could you list the matching records and what happened next?","For data entries connected to A family member showed vax route = PO and life threat = Y and vaccine date pattern .*08.*. Could you look up comparable cases and their follow-up?, could there be previously unnoticed demographic or clinical correlations?",We’ve identified some patients who got oral vaccines in August and had life-threatening reactions marked ‘Y’. Can we get a list of these cases and find out what happened afterward? Were they hospitalized or did they recover fully?
medium_r0316,medium,316,term + term + regexp,"{""query"": {""bool"": {""filter"": [{""term"": {""TODAYS_DATE"": {""value"": ""03/27/2023""}}}, {""term"": {""VAX_LOT"": {""value"": ""C5893AA""}}}, {""regexp"": {""VAX_SITE"": {""value"": "".*OT.*""}}}]}}}","Having seen 03/27/2023 and C5893AA and values matching pattern '.*OT.*', I'm curious about similar records and their typical outcomes?","Having seen 03/27/2023 and C5893AA and values matching pattern '.*OT.*', I'm curious about similar records and their typical outcomes?","For data entries connected to I cared for a patient with todays date = 03/27/2023 and vaccine lot number = C5893AA and vaccination site pattern .*OT.*. How often does this occur and what follow-up was noted?, could there be previously unnoticed demographic or clinical correlations?","We have several reports from March 27, 2023, involving vaccine lot C5893AA administered at sites matching ‘OT’. Could we pull all these records and see how often patients had adverse events or required follow-up care?"
medium_r0317,medium,317,term + term + regexp,"{""query"": {""bool"": {""filter"": [{""term"": {""VAX_ROUTE"": {""value"": ""UN""}}}, {""term"": {""STATE"": {""value"": ""FM""}}}, {""regexp"": {""PRIOR_VAX"": {""value"": "".*Di.*""}}}]}}}",There's an instance of UN and FM and values matching pattern '.*Di.*' Can you find all similar cases and summarize their results?,There's an instance of UN and FM and values matching pattern '.*Di.*' Can you find all similar cases and summarize their results?,"With cases related to I reporting on incidents of vax route = UN and patient from = FM and prior vaccinations pattern .*Di.*. Can you provide examples and their key examination results?, have there been identifiable differences across facilities or patient demographics?","In our dataset, patients from FM with unknown vaccine routes and prior vaccination records including ‘Di’ show some interesting results. Can we compile detailed examples and check if there are demographic or facility differences impacting outcomes?"
medium_r0318,medium,318,term + term + regexp,"{""query"": {""bool"": {""filter"": [{""term"": {""SEX"": {""value"": ""U""}}}, {""term"": {""L_THREAT"": {""value"": ""Y""}}}, {""regexp"": {""PRIOR_VAX"": {""value"": "".*Al.*""}}}]}}}","Looking at reports of U and Y and values matching pattern '.*Al.*', could you show how many there are and what happened to those patients?","Looking at reports of U and Y and values matching pattern '.*Al.*', could you show how many there are and what happened to those patients?","Looking at instances involving As a physician seeing cases of sex of patient = U and life threat = Y and prior vaccinations pattern .*Al.*, how many patients match these criteria and what were their results?, what explanations might account for observed variations in clinical reporting?","A doctor noticed several cases where the patient’s sex was unknown, they experienced life-threatening events, and their prior vaccinations included something with “Al” in the record. They wanted to know how many such cases there were and what happened to those patients. Meanwhile, the safety team needed exact numbers for life-threatening incidents to monitor risks better. They also wanted to understand if any factors could explain differences in outcomes or reporting."
medium_r0319,medium,319,term + term + regexp,"{""query"": {""bool"": {""filter"": [{""term"": {""VAX_TYPE"": {""value"": ""FLUX""}}}, {""term"": {""ER_ED_VISIT"": {""value"": ""Y""}}}, {""regexp"": {""VAX_MANU"": {""value"": "".*MO.*""}}}]}}}",There's an instance of FLUX and Y and values matching pattern '.*MO.*' Can you find all similar cases and summarize their results?,There's an instance of FLUX and Y and values matching pattern '.*MO.*' Can you find all similar cases and summarize their results?,"In the context of analyzing I help a patient who had current vaccine type = FLUX and ER/ED record = Y and vaccine manufacturer pattern .*MO.*. Could you pull up similar cases and lengths of hospital stays?, could this reflect an underlying systematic issue within certain subgroups or treatments?","A clinician is reviewing cases where patients received a flu vaccine, had an emergency room or emergency department visit and the vaccine manufacturer’s name includes “MO.” They want to find all similar cases to understand the outcomes, hospital stay lengths, and whether there might be any patterns indicating potential issues within specific groups or treatments."
medium_r0320,medium,320,term + term + regexp,"{""query"": {""bool"": {""filter"": [{""term"": {""ONSET_DATE"": {""value"": ""05/01/2022""}}}, {""term"": {""ONSET_DATE"": {""value"": ""12/08/2022""}}}, {""regexp"": {""ER_VISIT"": {""value"": "".*Y.*""}}}]}}}",I've come across entries with 05/01/2022 and 12/08/2022 and values matching pattern '.*Y.*'. Can we see how frequently this occurs and any results?,Hospital records show individuals who come across entries with 05/01/2022 and 12/08/2022 and values matching pattern '.*Y.*'. Can we see how frequently this occurs and any results?,"In analyzing cases linked to I tracking occurrences of onset date = 05/01/2022 and onset date = 12/08/2022 and ER record pattern .*Y.*. Please map their distribution and counts by state., is there any indication of systemic inconsistencies or categorization errors?","A quality officer is auditing emergency care referrals and notices several cases with onset dates of May 1, 2022, and December 8, 2022, where the emergency room visit is marked “Yes.” They want to find out how often such cases occur, what their outcomes were, and whether any patterns or inconsistencies appear when looking across different states."
medium_r0321,medium,321,term + term + regexp,"{""query"": {""bool"": {""filter"": [{""term"": {""V_ADMINBY"": {""value"": ""WRK""}}}, {""term"": {""RECOVD"": {""value"": ""U""}}}, {""regexp"": {""DIED"": {""value"": "".*Y.*""}}}]}}}",I've come across entries with WRK and U and values matching pattern '.*Y.*'. Can we see how frequently this occurs and any results?,Our clinic is treating cases where come across entries with WRK and U and values matching pattern '.*Y.*'. Can we see how frequently this occurs and any results?,"Given the context involving I help a patient who had v adminby = WRK and recovery status = U and died after treatment pattern .*Y.*. Could you pull up similar cases and lengths of hospital stays?, are there identifiable factors contributing to unexpected health outcomes in recent reports?","At our clinic, we’ve seen some cases where the vaccine was administered by a worker, the recovery status is unknown, and the patient unfortunately died. We want to understand how often this happens, what the outcomes were, and whether any factors might explain these unexpected results. Could you help us find similar cases and details like hospital stay lengths?"
medium_r0322,medium,322,term + term + regexp,"{""query"": {""bool"": {""filter"": [{""term"": {""RECVDATE"": {""value"": ""02/01/2023""}}}, {""term"": {""OFC_VISIT"": {""value"": ""Y""}}}, {""regexp"": {""L_THREAT"": {""value"": "".*Y.*""}}}]}}}","Having seen 02/01/2023 and Y and values matching pattern '.*Y.*', I'm curious about similar records and their typical outcomes?","Having seen 02/01/2023 and Y and values matching pattern '.*Y.*', I'm curious about similar records and their typical outcomes?","Given the context involving As a physician seeing cases of date received vaccine = 02/01/2023 and office visit record = Y and life threat pattern .*Y.*, how many patients match these criteria and what were their results?, are there identifiable factors contributing to unexpected health outcomes in recent reports?","A physician reviewing cases from February 1, 2023, noticed patients who had office visits recorded as ‘yes’ and life-threatening conditions flagged similarly. They want to know how many patients fit these criteria and what their outcomes were. Additionally, they’re interested in whether there are any underlying factors contributing to unexpected or severe health outcomes in these cases."
medium_r0323,medium,323,term + term + regexp,"{""query"": {""bool"": {""filter"": [{""term"": {""VAX_DATE"": {""value"": ""03/02/2023""}}}, {""term"": {""VAX_SITE"": {""value"": ""LL""}}}, {""regexp"": {""ONSET_DATE"": {""value"": "".*10.*""}}}]}}}",I've come across entries with 03/02/2023 and LL and values matching pattern '.*10.*'. Can we see how frequently this occurs and any results?,Someone I know come across entries with 03/02/2023 and LL and values matching pattern '.*10.*'. Can we see how frequently this occurs and any results?,"Upon reviewing patient records referencing I cared for a patient with vaccine date = 03/02/2023 and vaccination site = LL and onset date pattern .*10.*. How often does this occur and what follow-up was noted?, can we find a specific trend or anomaly that warrants deeper investigation?","A clinician noticed several patient records showing a vaccine date of March 2, 2023, with the vaccination site marked as left leg and onset dates containing “10” in the pattern. They want to understand how frequently such cases appear and what outcomes were reported. The goal is to identify any trends or anomalies that might require further investigation."
medium_r0324,medium,324,term + term + regexp,"{""query"": {""bool"": {""filter"": [{""term"": {""ER_VISIT"": {""value"": ""Y""}}}, {""term"": {""HOSPITAL"": {""value"": ""Y""}}}, {""regexp"": {""SEX"": {""value"": "".*M.*""}}}]}}}",I've come across entries with Y and Y and values matching pattern '.*M.*'. Can we see how frequently this occurs and any results?,We've received reports about patients who come across entries with Y and Y and values matching pattern '.*M.*'. Can we see how frequently this occurs and any results?,"In analyzing cases linked to I tracking occurrences of ER record = Y and hospital record = Y and sex of patient pattern .*M.*. Please map their distribution and counts by state., is there any indication of systemic inconsistencies or categorization errors?","A healthcare analyst has observed multiple patient records indicating both an emergency room visit and a hospital admission, with the patients identified as male. They want to understand how often such cases occur, what the outcomes were, and whether there are any patterns or inconsistencies across different states. This analysis aims to ensure accurate categorization and identify any systemic issues in reporting."
medium_r0325,medium,325,term + term + regexp,"{""query"": {""bool"": {""filter"": [{""term"": {""SYMPTOM_TEXT"": {""value"": ""RIGHT FACIAL PALSY 1/20/2022 CHOLEDOCHOLITHIASIS HYPOTENSION 2/5/2022 CHOLEDOCHOLITHIASIS CHRONIC HYPOXEMIC RESPIRATORY FAILURE 3/7/2022 CHOLEDOCHOLITHIASIS HYPOXIA 12/28/2021 CHOLEDOCHOLITHIASIS""}}}, {""term"": {""DIED"": {""value"": ""Y""}}}, {""regexp"": {""L_THREAT"": {""value"": "".*Y.*""}}}]}}}","In reviewing cases where RIGHT FACIAL PALSY 1/20/2022 CHOLEDOCHOLITHIASIS HYPOTENSION 2/5/2022 CHOLEDOCHOLITHIASIS CHRONIC HYPOXEMIC RESPIRATORY FAILURE 3/7/2022 CHOLEDOCHOLITHIASIS HYPOXIA 12/28/2021 CHOLEDOCHOLITHIASIS and Y and values matching pattern '.*Y.*', could you list the matching records and what happened next?","In reviewing cases where RIGHT FACIAL PALSY 1/20/2022 CHOLEDOCHOLITHIASIS HYPOTENSION 2/5/2022 CHOLEDOCHOLITHIASIS CHRONIC HYPOXEMIC RESPIRATORY FAILURE 3/7/2022 CHOLEDOCHOLITHIASIS HYPOXIA 12/28/2021 CHOLEDOCHOLITHIASIS and Y and values matching pattern '.*Y.*', could you list the matching records and what happened next?","Given the context involving I reporting on incidents of description of patient = RIGHT FACIAL PALSY 1/20/2022 CHOLEDOCHOLITHIASIS HYPOTENSION 2/5/2022 CHOLEDOCHOLITHIASIS CHRONIC HYPOXEMIC RESPIRATORY FAILURE 3/7/2022 CHOLEDOCHOLITHIASIS HYPOXIA 12/28/2021 CHOLEDOCHOLITHIASIS and died after treatment = Y and life threat pattern .*Y.*. Can you provide examples and their key examination results?, are there identifiable factors contributing to unexpected health outcomes in recent reports?","A clinical researcher reviewing cases has encountered patients with complex symptoms including right facial palsy on 1/20/2022, multiple episodes of choledocholithiasis, hypotension on 2/5/2022, chronic hypoxemic respiratory failure on 3/7/2022, and hypoxia on 12/28/2021. These patients also have records showing they died and were flagged for life-threatening illness. The researcher is seeking to identify all such cases, summarize their clinical course and outcomes, and understand if any underlying patterns or systemic issues in treatment or reporting might explain these severe outcomes."
medium_r0326,medium,326,term + terms + prefix,"{""query"": {""bool"": {""filter"": [{""term"": {""ER_ED_VISIT"": {""value"": ""Y""}}}, {""terms"": {""VAX_DOSE_SERIES"": [""3"", ""5"", ""7+""]}}, {""prefix"": {""DIED"": {""value"": ""Y""}}}]}}}","In reviewing cases where Y and 3, 5, 7+ and values starting with 'Y', could you list the matching records and what happened next?","In reviewing cases where Y and 3, 5, 7+ and values starting with 'Y', could you list the matching records and what happened next?","In analyzing cases linked to I'm reviewing medication cases exhibiting ER/ED record = Y and vaccine dose series in (3, 5, 7+) and died after treatment Y. What outcomes are documented?, is there any indication of systemic inconsistencies or categorization errors?","A healthcare analyst is reviewing cases where patients had an emergency room or emergency department visit , received a vaccine dose series numbered 3, 5, or 7+, and where the patient subsequently died . They want to compile all matching records, summarize what happened after these events, and examine if any patterns or inconsistencies appear in the data reporting or clinical outcomes."
medium_r0327,medium,327,term + terms + prefix,"{""query"": {""bool"": {""filter"": [{""term"": {""VAX_DATE"": {""value"": ""03/18/2022""}}}, {""terms"": {""VAX_DATE"": [""06/25/2021"", ""12/15/2020"", ""04/07/2023""]}}, {""prefix"": {""SPLTTYPE"": {""value"": ""USS""}}}]}}}","In reviewing cases where 03/18/2022 and 06/25/2021, 12/15/2020, 04/07/2023 and values starting with 'USS', could you list the matching records and what happened next?","In reviewing cases where 03/18/2022 and 06/25/2021, 12/15/2020, 04/07/2023 and values starting with 'USS', could you list the matching records and what happened next?","In the context of analyzing I tracking occurrences of vaccine date = 03/18/2022 and vaccine date in (06/25/2021, 12/15/2020, 04/07/2023) and splttype USS. Please map their distribution and counts by state., could this reflect an underlying systematic issue within certain subgroups or treatments?","A public health analyst is investigating patient records with vaccine administration dates on 03/18/2022, 06/25/2021, 12/15/2020, or 04/07/2023, where the report’s split type (SPLTTYPE) starts with “USS.” They want to identify how many such cases exist, understand the subsequent outcomes, and see if any geographic or demographic patterns emerge. The goal is to determine if there might be a systematic issue related to these specific vaccination dates or subgroups marked with the “USS” code."
medium_r0328,medium,328,term + terms + prefix,"{""query"": {""bool"": {""filter"": [{""term"": {""PRIOR_VAX"": {""value"": ""Influenza vaccine for the past three years, I get a cold within a week of getting it the vaccine the tends to last for four week""}}}, {""terms"": {""VAX_DATE"": [""05/19/2020"", ""10/23/2022"", ""09/27/2021""]}}, {""prefix"": {""OFC_VISIT"": {""value"": ""Y""}}}]}}}","Looking at reports of Influenza vaccine for the past three years, I get a cold within a week of getting it the vaccine the tends to last for four week and 05/19/2020, 10/23/2022, 09/27/2021 and values starting with 'Y', could you show how many there are and what happened to those patients?","Looking at reports of Influenza vaccine for the past three years, I get a cold within a week of getting it the vaccine the tends to last for four week and 05/19/2020, 10/23/2022, 09/27/2021 and values starting with 'Y', could you show how many there are and what happened to those patients?","Considering the records associated with I cared for a patient with prior vaccinations = Influenza vaccine for the past three years, I get a cold within a week of getting it the vaccine the tends to last for four week and vaccine date in (05/19/2020, 10/23/2022, 09/27/2021) and office visit record Y. How often does this occur and what follow-up was noted?, might we detect patterns indicating previously unreported clinical phenomena?","A nurse is reviewing patient cases where the patient’s history mentions receiving the influenza vaccine over the past three years, with a note that they typically get a cold within a week of vaccination lasting about four weeks. The nurse is focusing on vaccine dates of 05/19/2020, 10/23/2022, and 09/27/2021, specifically looking for cases where an office visit was recorded. They want to know how common these reports are and what the outcomes were for those patients, in hopes of identifying any patterns or unexpected clinical findings related to these repeated cold symptoms following flu vaccination."
medium_r0329,medium,329,term + terms + prefix,"{""query"": {""bool"": {""filter"": [{""term"": {""SYMPTOM_TEXT"": {""value"": ""COVID 19 Treatment; COVID 19 Treatment; Vaccine brand: Pfizer/BioNTech, Vaccine dose number: 5, 4 / Vaccine brand other: Moderna, Vaccine dose number: 3, 2, 1; This is a spontaneous report received from a contactable reporter (Consumer or other non HCP) from product quality group. The reporter is the patient. A 69-year-old female patient (not pregnant) received BNT162b2, BNT162b2 omi ba.4-5 (BNT162B2, BNT162B2 OMI BA.4-5), on 17Oct2022 at 13:00 as dose 5 (booster), single (Lot number: Gh9703) at the age of 69 years, in left arm for covid-19 immunisation; BNT162b2 (BNT162B2), on 17May2022 at 14:00 as dose 4 (booster), single (Lot number: Fn2908), in left arm for covid-19 immunisation; elasomeran (MODERNA COVID-19 VACCINE), on 24Jan2021 at 12:00 as dose 1, single (Lot number: 042l20a), in left arm, on 27Feb2021 at 12:00 as dose 2, single (Lot number: 002a21a), in right arm and on 02Nov2021 at 12:00 as dose 3 (booster), single (Lot number: 011f21a), in right arm for covid-19 immunisation. The patient's relevant medical history included: \""Smoker\"" (unspecified if ongoing). Concomitant medication(s) included: NAC [ACETYLCYSTEINE], start date: 13Jan2020, stop date: 09Mar2023; QUERCETIN, start date: 13Jan2020, stop date: 09Mar2023; VITAMIN C [ASCORBIC ACID], start date: 13Jan2020, stop date: 09Mar2023; ZINC, start date: 13Jan2020, stop date: 09Mar2023. Past drug history included: Codeine, reaction(s): \""Known allergies: Codeine\""; Percocet, reaction(s): \""Known allergies: Percocet\""; Demerol, reaction(s): \""Known allergies: Demerol\"". The following information was reported: INTERCHANGE OF VACCINE PRODUCTS (medically significant) with onset 17May2022, outcome \""unknown\"", described as \""Vaccine brand: Pfizer/BioNTech, Vaccine dose number: 5, 4 / Vaccine brand other: Moderna, Vaccine dose number: 3, 2, 1\""; DRUG INEFFECTIVE (medically significant), COVID-19 (medically significant), outcome \""unknown\"" and all described as \""COVID 19 Treatment\"". The patient underwent the following laboratory tests and procedures: SARS-CoV-2 test: Negative, notes: Covid rebound 7 days after negative test. Therapeutic measures were taken as a result of drug ineffective, covid-19. Additional information: The patient received Paxlovid from 27Feb2023 to 28Feb2023 for treatment of COVID-19.""}}}, {""terms"": {""ER_ED_VISIT"": [""Y""]}}, {""prefix"": {""VAX_TYPE"": {""value"": ""TYP""}}}]}}}","There's an instance of COVID 19 Treatment; COVID 19 Treatment; Vaccine brand: Pfizer/BioNTech, Vaccine dose number: 5, 4 / Vaccine brand other: Moderna, Vaccine dose number: 3, 2, 1; This is a spontaneous report received from a contactable reporter (Consumer or other non HCP) from product quality group. The reporter is the patient. A 69-year-old female patient (not pregnant) received BNT162b2, BNT162b2 omi ba.4-5 (BNT162B2, BNT162B2 OMI BA.4-5), on 17Oct2022 at 13:00 as dose 5 (booster), single (Lot number: Gh9703) at the age of 69 years, in left arm for covid-19 immunisation; BNT162b2 (BNT162B2), on 17May2022 at 14:00 as dose 4 (booster), single (Lot number: Fn2908), in left arm for covid-19 immunisation; elasomeran (MODERNA COVID-19 VACCINE), on 24Jan2021 at 12:00 as dose 1, single (Lot number: 042l20a), in left arm, on 27Feb2021 at 12:00 as dose 2, single (Lot number: 002a21a), in right arm and on 02Nov2021 at 12:00 as dose 3 (booster), single (Lot number: 011f21a), in right arm for covid-19 immunisation. The patient's relevant medical history included: ""Smoker"" (unspecified if ongoing). Concomitant medication(s) included: NAC [ACETYLCYSTEINE], start date: 13Jan2020, stop date: 09Mar2023; QUERCETIN, start date: 13Jan2020, stop date: 09Mar2023; VITAMIN C [ASCORBIC ACID], start date: 13Jan2020, stop date: 09Mar2023; ZINC, start date: 13Jan2020, stop date: 09Mar2023. Past drug history included: Codeine, reaction(s): ""Known allergies: Codeine""; Percocet, reaction(s): ""Known allergies: Percocet""; Demerol, reaction(s): ""Known allergies: Demerol"". The following information was reported: INTERCHANGE OF VACCINE PRODUCTS (medically significant) with onset 17May2022, outcome ""unknown"", described as ""Vaccine brand: Pfizer/BioNTech, Vaccine dose number: 5, 4 / Vaccine brand other: Moderna, Vaccine dose number: 3, 2, 1""; DRUG INEFFECTIVE (medically significant), COVID-19 (medically significant), outcome ""unknown"" and all described as ""COVID 19 Treatment"". The patient underwent the following laboratory tests and procedures: SARS-CoV-2 test: Negative, notes: Covid rebound 7 days after negative test. Therapeutic measures were taken as a result of drug ineffective, covid-19. Additional information: The patient received Paxlovid from 27Feb2023 to 28Feb2023 for treatment of COVID-19. and Y and values starting with 'TYP' Can you find all similar cases and summarize their results?","There's an instance of COVID 19 Treatment; COVID 19 Treatment; Vaccine brand: Pfizer/BioNTech, Vaccine dose number: 5, 4 / Vaccine brand other: Moderna, Vaccine dose number: 3, 2, 1; This is a spontaneous report received from a contactable reporter (Consumer or other non HCP) from product quality group. The reporter is the patient. A 69-year-old female patient (not pregnant) received BNT162b2, BNT162b2 omi ba.4-5 (BNT162B2, BNT162B2 OMI BA.4-5), on 17Oct2022 at 13:00 as dose 5 (booster), single (Lot number: Gh9703) at the age of 69 years, in left arm for covid-19 immunisation; BNT162b2 (BNT162B2), on 17May2022 at 14:00 as dose 4 (booster), single (Lot number: Fn2908), in left arm for covid-19 immunisation; elasomeran (MODERNA COVID-19 VACCINE), on 24Jan2021 at 12:00 as dose 1, single (Lot number: 042l20a), in left arm, on 27Feb2021 at 12:00 as dose 2, single (Lot number: 002a21a), in right arm and on 02Nov2021 at 12:00 as dose 3 (booster), single (Lot number: 011f21a), in right arm for covid-19 immunisation. The patient's relevant medical history included: ""Smoker"" (unspecified if ongoing). Concomitant medication(s) included: NAC [ACETYLCYSTEINE], start date: 13Jan2020, stop date: 09Mar2023; QUERCETIN, start date: 13Jan2020, stop date: 09Mar2023; VITAMIN C [ASCORBIC ACID], start date: 13Jan2020, stop date: 09Mar2023; ZINC, start date: 13Jan2020, stop date: 09Mar2023. Past drug history included: Codeine, reaction(s): ""Known allergies: Codeine""; Percocet, reaction(s): ""Known allergies: Percocet""; Demerol, reaction(s): ""Known allergies: Demerol"". The following information was reported: INTERCHANGE OF VACCINE PRODUCTS (medically significant) with onset 17May2022, outcome ""unknown"", described as ""Vaccine brand: Pfizer/BioNTech, Vaccine dose number: 5, 4 / Vaccine brand other: Moderna, Vaccine dose number: 3, 2, 1""; DRUG INEFFECTIVE (medically significant), COVID-19 (medically significant), outcome ""unknown"" and all described as ""COVID 19 Treatment"". The patient underwent the following laboratory tests and procedures: SARS-CoV-2 test: Negative, notes: Covid rebound 7 days after negative test. Therapeutic measures were taken as a result of drug ineffective, covid-19. Additional information: The patient received Paxlovid from 27Feb2023 to 28Feb2023 for treatment of COVID-19. and Y and values starting with 'TYP' Can you find all similar cases and summarize their results?","Looking at instances involving I experienced description of patient = COVID 19 Treatment; COVID 19 Treatment; Vaccine brand: Pfizer/BioNTech, Vaccine dose number: 5, 4 / Vaccine brand other: Moderna, Vaccine dose number: 3, 2, 1; This is a spontaneous report received from a contactable reporter (Consumer or other non HCP) from product quality group. The reporter is the patient. A 69-year-old female patient (not pregnant) received BNT162b2, BNT162b2 omi ba.4-5 (BNT162B2, BNT162B2 OMI BA.4-5), on 17Oct2022 at 13:00 as dose 5 (booster), single (Lot number: Gh9703) at the age of 69 years, in left arm for covid-19 immunisation; BNT162b2 (BNT162B2), on 17May2022 at 14:00 as dose 4 (booster), single (Lot number: Fn2908), in left arm for covid-19 immunisation; elasomeran (MODERNA COVID-19 VACCINE), on 24Jan2021 at 12:00 as dose 1, single (Lot number: 042l20a), in left arm, on 27Feb2021 at 12:00 as dose 2, single (Lot number: 002a21a), in right arm and on 02Nov2021 at 12:00 as dose 3 (booster), single (Lot number: 011f21a), in right arm for covid-19 immunisation. The patient's relevant medical history included: ""Smoker"" (unspecified if ongoing). Concomitant medication(s) included: NAC [ACETYLCYSTEINE], start date: 13Jan2020, stop date: 09Mar2023; QUERCETIN, start date: 13Jan2020, stop date: 09Mar2023; VITAMIN C [ASCORBIC ACID], start date: 13Jan2020, stop date: 09Mar2023; ZINC, start date: 13Jan2020, stop date: 09Mar2023. Past drug history included: Codeine, reaction(s): ""Known allergies: Codeine""; Percocet, reaction(s): ""Known allergies: Percocet""; Demerol, reaction(s): ""Known allergies: Demerol"". The following information was reported: INTERCHANGE OF VACCINE PRODUCTS (medically significant) with onset 17May2022, outcome ""unknown"", described as ""Vaccine brand: Pfizer/BioNTech, Vaccine dose number: 5, 4 / Vaccine brand other: Moderna, Vaccine dose number: 3, 2, 1""; DRUG INEFFECTIVE (medically significant), COVID-19 (medically significant), outcome ""unknown"" and all described as ""COVID 19 Treatment"". The patient underwent the following laboratory tests and procedures: SARS-CoV-2 test: Negative, notes: Covid rebound 7 days after negative test. Therapeutic measures were taken as a result of drug ineffective, covid-19. Additional information: The patient received Paxlovid from 27Feb2023 to 28Feb2023 for treatment of COVID-19. and ER/ED record in (Y) and current vaccine type TYP. Are there others like me and what were their outcomes?, what explanations might account for observed variations in clinical reporting?","A healthcare analyst is reviewing reports similar to a particular case of a 69-year-old female patient who experienced COVID-19 despite receiving multiple doses of COVID vaccines, including Pfizer/BioNTech and Moderna vaccines. This patient received five doses (boosters included), with her last Pfizer booster administered in October 2022. She has a medical history of smoking and was on several supplements such as NAC, quercetin, vitamin C, and zinc, and has known allergies to medications like codeine and Percocet. This patient had medically significant events reported, including “interchange of vaccine products” (switching between Pfizer and Moderna doses), and a “drug ineffective” outcome relating to COVID-19 treatment, which required therapeutic intervention including Paxlovid in February 2023 after a COVID rebound following a negative test. The analyst wants to identify how many similar cases exist where patients had emergency or ER visits, were vaccinated with COVID vaccines (current vaccine type starting with “TYP”), and reported similar COVID treatment outcomes. They are looking to summarize the frequency and clinical outcomes of such cases and explore possible reasons behind variations in vaccine effectiveness or clinical reporting across patients."
medium_r0330,medium,330,term + terms + prefix,"{""query"": {""bool"": {""filter"": [{""term"": {""ER_VISIT"": {""value"": ""Y""}}}, {""terms"": {""HISTORY"": [""DVT left leg. Now blood clot in right femoral vein. Blood clot in popliteal vein that wont go away. New bloodclots. Pain in left arm where I got the vaccine. The elbow constantly hurts on that arm now so does my shoulder. Arm feels weaker."", ""chronic pain, breast cancer"", ""Probable autism, developmental delay""]}}, {""prefix"": {""OTHER_MEDS"": {""value"": ""red""}}}]}}}","There's an instance of Y and DVT left leg. Now blood clot in right femoral vein. Blood clot in popliteal vein that wont go away. New bloodclots. Pain in left arm where I got the vaccine. The elbow constantly hurts on that arm now so does my shoulder. Arm feels weaker., chronic pain, breast cancer, Probable autism, developmental delay and values starting with 'red' Can you find all similar cases and summarize their results?","There's an instance of Y and DVT left leg. Now blood clot in right femoral vein. Blood clot in popliteal vein that wont go away. New bloodclots. Pain in left arm where I got the vaccine. The elbow constantly hurts on that arm now so does my shoulder. Arm feels weaker., chronic pain, breast cancer, Probable autism, developmental delay and values starting with 'red' Can you find all similar cases and summarize their results?","With cases related to I reporting on incidents of ER record = Y and medical history in (DVT left leg. Now blood clot in right femoral vein. Blood clot in popliteal vein that wont go away. New bloodclots. Pain in left arm where I got the vaccine. The elbow constantly hurts on that arm now so does my shoulder. Arm feels weaker., chronic pain, breast cancer, Probable autism, developmental delay) and other medications red. Can you provide examples and their key examination results?, have there been identifiable differences across facilities or patient demographics?","I’m looking into patients who visited the emergency room and have a history of serious conditions like blood clots in their legs, ongoing pain in the arm where they got the vaccine, chronic pain with breast cancer, or developmental delays like autism. Many of them are also taking medications that start with “red.” Can you find cases like these and summarize what happened to them?"
medium_r0331,medium,331,term + terms + prefix,"{""query"": {""bool"": {""filter"": [{""term"": {""LAB_DATA"": {""value"": ""09JAN2023 - Blood Work - Nothing Abnormal Found""}}}, {""terms"": {""SPLTTYPE"": [""USGSKUS2023091254"", ""USPFIZER INC202300107082"", ""USSA2023SA117306""]}}, {""prefix"": {""RECOVD"": {""value"": ""Y""}}}]}}}","Seeing 09JAN2023 - Blood Work - Nothing Abnormal Found and USGSKUS2023091254, USPFIZER INC202300107082, USSA2023SA117306 and values starting with 'Y' noted, could you pull up all such entries and show their outcomes?","Seeing 09JAN2023 - Blood Work - Nothing Abnormal Found and USGSKUS2023091254, USPFIZER INC202300107082, USSA2023SA117306 and values starting with 'Y' noted, could you pull up all such entries and show their outcomes?","Considering the records associated with As a physician seeing cases of examination results = 09JAN2023 - Blood Work - Nothing Abnormal Found and splttype in (USGSKUS2023091254, USPFIZER INC202300107082, USSA2023SA117306) and recovery status Y, how many patients match these criteria and what were their results?, might we detect patterns indicating previously unreported clinical phenomena?","I’m reviewing cases where blood work done on January 9, 2023, showed no abnormalities, and the vaccine batch matches one of these codes: USGSKUS2023091254, USPFIZER INC202300107082, or USSA2023SA117306. I’m especially interested in patients who have recovered. Could you find all such cases and summarize their outcomes? Are there any patterns or insights we can learn from these records?"
medium_r0332,medium,332,term + terms + prefix,"{""query"": {""bool"": {""filter"": [{""term"": {""VAX_TYPE"": {""value"": ""JEV1""}}}, {""terms"": {""V_FUNDBY"": [""UNK"", ""PUB"", ""PVT""]}}, {""prefix"": {""VAX_LOT"": {""value"": ""YRB""}}}]}}}","I've come across entries with JEV1 and UNK, PUB, PVT and values starting with 'YRB'. Can we see how frequently this occurs and any results?","Hospital records show individuals who come across entries with JEV1 and UNK, PUB, PVT and values starting with 'YRB'. Can we see how frequently this occurs and any results?","Considering the records associated with I analyzing entries with current vaccine type = JEV1 and v fundby in (UNK, PUB, PVT) and vaccine lot number YRB. Please retrieve those records for deeper insights., might we detect patterns indicating previously unreported clinical phenomena?","I’m looking into cases where the vaccine type is JEV1, and the funding source is either unknown, public, or private. Specifically, I want to focus on vaccine lots starting with “YRB.” How often do these cases show up, and what outcomes or patterns can we observe from these records? Any insights into potential issues or trends would be helpful."
medium_r0333,medium,333,term + terms + prefix,"{""query"": {""bool"": {""filter"": [{""term"": {""HISTORY"": {""value"": ""Medical History/Concurrent Conditions: Immunocompromised; Small lymphocytic lymphoma (Nodal marginal zone B-cell lymphoma) (Working Formulation) (diagnosed 20Jan2017, no treatments)""}}}, {""terms"": {""SEX"": [""U"", ""M"", ""F""]}}, {""prefix"": {""ER_VISIT"": {""value"": ""Y""}}}]}}}","Having seen Medical History/Concurrent Conditions: Immunocompromised; Small lymphocytic lymphoma (Nodal marginal zone B-cell lymphoma) (Working Formulation) (diagnosed 20Jan2017, no treatments) and U, M, F and values starting with 'Y', I'm curious about similar records and their typical outcomes?","Having seen Medical History/Concurrent Conditions: Immunocompromised; Small lymphocytic lymphoma (Nodal marginal zone B-cell lymphoma) (Working Formulation) (diagnosed 20Jan2017, no treatments) and U, M, F and values starting with 'Y', I'm curious about similar records and their typical outcomes?","Given the context involving I experienced medical history = Medical History/Concurrent Conditions: Immunocompromised; Small lymphocytic lymphoma (Nodal marginal zone B-cell lymphoma) (Working Formulation) (diagnosed 20Jan2017, no treatments) and sex of patient in (U, M, F) and ER record Y. Are there others like me and what were their outcomes?, are there identifiable factors contributing to unexpected health outcomes in recent reports?","I’ve come across a few patients with a medical history of being immunocompromised due to small lymphocytic lymphoma, diagnosed back in January 2017, who haven’t had any treatments yet. These patients include all sexes: male, female, and unknown and they all had an emergency room visit recorded. I’m interested in finding out if there are more cases like this. What were their typical outcomes? Are there any patterns or factors that might explain unexpected health results in these patients?"
medium_r0334,medium,334,term + terms + prefix,"{""query"": {""bool"": {""filter"": [{""term"": {""CUR_ILL"": {""value"": ""Depression; Anxiety""}}}, {""terms"": {""ALLERGIES"": [""PERCOCET, HYDROCODONE-ACETAMINAPHEN"", ""Ace InhibitorsUnknown Byetta [Exenatide]Nausea And Vomiting ValsartanCough"", ""NKDA""]}}, {""prefix"": {""VAX_LOT"": {""value"": ""EW0""}}}]}}}","I've come across entries with Depression; Anxiety and PERCOCET, HYDROCODONE-ACETAMINAPHEN, Ace InhibitorsUnknown Byetta [Exenatide]Nausea And Vomiting ValsartanCough, NKDA and values starting with 'EW0'. Can we see how frequently this occurs and any results?","My neighbor reported they come across entries with Depression; Anxiety and PERCOCET, HYDROCODONE-ACETAMINAPHEN, Ace InhibitorsUnknown Byetta [Exenatide]Nausea And Vomiting ValsartanCough, NKDA and values starting with 'EW0'. Can we see how frequently this occurs and any results?","In the context of analyzing I tracking occurrences of current illness = Depression; Anxiety and allergies in (PERCOCET, HYDROCODONE-ACETAMINAPHEN, Ace InhibitorsUnknown Byetta [Exenatide]Nausea And Vomiting ValsartanCough, NKDA) and vaccine lot number EW0. Please map their distribution and counts by state., could this reflect an underlying systematic issue within certain subgroups or treatments?","I’ve noticed several patients with depression and anxiety who also have allergies like Percocet, hydrocodone-acetaminophen, some ACE inhibitors, or no known allergies at all. Their vaccine lot numbers all start with “EW0.” Could we check how common these cases are and what their outcomes look like? It’d also be helpful to see if these cases are spread across certain states more than others, to understand if there’s any pattern or concern with this vaccine lot."
medium_r0335,medium,335,term + terms + prefix,"{""query"": {""bool"": {""filter"": [{""term"": {""LAB_DATA"": {""value"": ""Seen at walk-in clinic for rash on 04/26/2023""}}}, {""terms"": {""SEX"": [""F"", ""M"", ""U""]}}, {""prefix"": {""HOSPITAL"": {""value"": ""Y""}}}]}}}","I noticed Seen at walk-in clinic for rash on 04/26/2023 and F, M, U and values starting with 'Y' in some reports; how common is this and what were the hospital stays or results?","Hospital records show individuals who noticed Seen at walk-in clinic for rash on 04/26/2023 and F, M, U and values starting with 'Y' in some reports; how common is this and what were the hospital stays or results?","With cases related to My friend has examination results = Seen at walk-in clinic for rash on 04/26/2023 and sex of patient in (F, M, U) and hospital record Y. Can you find similar records and share their confirmation of recovery or not?, have there been identifiable differences across facilities or patient demographics?","I came across several cases where patients were seen at a walk-in clinic for a rash on April 26, 2023. These reports include both females, males, and patients with unknown sex. Many of them were hospitalized afterward. Can we find out how often this happened and what their hospital stays were like? Also, did these patients recover fully, or were there any complications? It would be great to know if there are differences based on location or patient groups."
medium_r0336,medium,336,term + terms + prefix,"{""query"": {""bool"": {""filter"": [{""term"": {""CUR_ILL"": {""value"": ""hypertension, fibromyalgia""}}}, {""terms"": {""TODAYS_DATE"": [""05/30/2023"", ""09/16/2022"", ""01/26/2023""]}}, {""prefix"": {""DISABLE"": {""value"": ""Y""}}}]}}}","In reviewing cases where hypertension, fibromyalgia and 05/30/2023, 09/16/2022, 01/26/2023 and values starting with 'Y', could you list the matching records and what happened next?","In reviewing cases where hypertension, fibromyalgia and 05/30/2023, 09/16/2022, 01/26/2023 and values starting with 'Y', could you list the matching records and what happened next?","Given the context involving My friend has current illness = hypertension, fibromyalgia and todays date in (05/30/2023, 09/16/2022, 01/26/2023) and disability status Y. Can you find similar records and share their confirmation of recovery or not?, are there identifiable factors contributing to unexpected health outcomes in recent reports?","I’m looking into cases where patients have both hypertension and fibromyalgia, with reports dated on May 30, 2023, September 16, 2022, or January 26, 2023. These patients have also reported disabilities. Could you help me find similar cases and tell me what happened afterward? Did any of them recover, or are there ongoing issues? Also, are there any patterns or factors that might explain unusual health outcomes in these cases?"
medium_r0337,medium,337,term + terms + prefix,"{""query"": {""bool"": {""filter"": [{""term"": {""SPLTTYPE"": {""value"": ""USPFIZER INC202300003608""}}}, {""terms"": {""VAX_NAME"": [""INFLUENZA (SEASONAL) (FLUBLOK)"", ""TD ADSORBED (TENIVAC)"", ""INFLUENZA (SEASONAL) (FLULAVAL QUADRIVALENT)""]}}, {""prefix"": {""SEX"": {""value"": ""U""}}}]}}}","Having seen USPFIZER INC202300003608 and INFLUENZA (SEASONAL) (FLUBLOK), TD ADSORBED (TENIVAC), INFLUENZA (SEASONAL) (FLULAVAL QUADRIVALENT) and values starting with 'U', I'm curious about similar records and their typical outcomes?","Having seen USPFIZER INC202300003608 and INFLUENZA (SEASONAL) (FLUBLOK), TD ADSORBED (TENIVAC), INFLUENZA (SEASONAL) (FLULAVAL QUADRIVALENT) and values starting with 'U', I'm curious about similar records and their typical outcomes?","In analyzing cases linked to I'm reviewing medication cases exhibiting splttype = USPFIZER INC202300003608 and vax name in (INFLUENZA (SEASONAL) (FLUBLOK), TD ADSORBED (TENIVAC), INFLUENZA (SEASONAL) (FLULAVAL QUADRIVALENT)) and sex of patient U. What outcomes are documented?, is there any indication of systemic inconsistencies or categorization errors?","I came across reports related to the vaccine lot USPFIZER INC202300003608 involving vaccines like the seasonal flu shots FLUBLOK and FLULAVAL QUADRIVALENT, as well as TD ADSORBED (TENIVAC). These reports are for patients whose sex is recorded as unknown. Could you help me find similar cases and share what outcomes were observed? Are there any patterns or inconsistencies in how these cases are categorized?"
medium_r0338,medium,338,term + terms + prefix,"{""query"": {""bool"": {""filter"": [{""term"": {""TODAYS_DATE"": {""value"": ""07/05/2023""}}}, {""terms"": {""RECOVD"": [""N"", ""Y"", ""U""]}}, {""prefix"": {""HOSPITAL"": {""value"": ""Y""}}}]}}}","Seeing 07/05/2023 and N, Y, U and values starting with 'Y' noted, could you pull up all such entries and show their outcomes?","Seeing 07/05/2023 and N, Y, U and values starting with 'Y' noted, could you pull up all such entries and show their outcomes?","For data entries connected to I analyzing entries with todays date = 07/05/2023 and recovery status in (N, Y, U) and hospital record Y. Please retrieve those records for deeper insights., could there be previously unnoticed demographic or clinical correlations?","I’m looking at patient reports dated July 5, 2023, where the patients were hospitalized. Their recovery status varies some have recovered, some have not, and some have unknown outcomes. Could you gather all these cases and summarize what happened to them? Also, are there any patterns or trends that stand out in terms of who recovers or not?"
medium_r0339,medium,339,term + terms + prefix,"{""query"": {""bool"": {""filter"": [{""term"": {""VAX_NAME"": {""value"": ""PNEUMO (NO BRAND NAME)""}}}, {""terms"": {""RECVDATE"": [""01/18/2023"", ""05/16/2023"", ""08/28/2023""]}}, {""prefix"": {""SEX"": {""value"": ""F""}}}]}}}","Looking at reports of PNEUMO (NO BRAND NAME) and 01/18/2023, 05/16/2023, 08/28/2023 and values starting with 'F', could you show how many there are and what happened to those patients?","Looking at reports of PNEUMO (NO BRAND NAME) and 01/18/2023, 05/16/2023, 08/28/2023 and values starting with 'F', could you show how many there are and what happened to those patients?","With cases related to A family member showed vax name = PNEUMO (NO BRAND NAME) and date received vaccine in (01/18/2023, 05/16/2023, 08/28/2023) and sex of patient F. Could you look up comparable cases and their follow-up?, have there been identifiable differences across facilities or patient demographics?","I’m reviewing cases where female patients received the PNEUMO vaccine (no brand name) on January 18, May 16, or August 28 of 2023. Can you tell me how many such reports there are and what the outcomes were for these patients? Also, have there been any noticeable differences in recovery or follow-up across different locations or patient groups?"
medium_r0340,medium,340,term + terms + prefix,"{""query"": {""bool"": {""filter"": [{""term"": {""V_FUNDBY"": {""value"": ""PVT""}}}, {""terms"": {""DISABLE"": [""Y""]}}, {""prefix"": {""VAX_NAME"": {""value"": ""DTA""}}}]}}}","When records show PVT and Y and values starting with 'DTA', what do others report as their follow-up outcomes?","When records show PVT and Y and values starting with 'DTA', what do others report as their follow-up outcomes?","In reviewing events tied to I reporting on incidents of v fundby = PVT and disability status in (Y) and vax name DTA. Can you provide examples and their key examination results?, are there clear indications that suggest a broader systemic documentation challenge?","Im looking into cases where the vaccine was funded privately, the patient ended up with a disability, and the vaccine name starts with “DTA” (like diphtheria-tetanus). Can you share what follow-up outcomes others have reported in similar situations? Also, are there any patterns or issues that might suggest broader challenges in how these cases are documented or tracked?"
medium_r0341,medium,341,term + terms + prefix,"{""query"": {""bool"": {""filter"": [{""term"": {""L_THREAT"": {""value"": ""Y""}}}, {""terms"": {""VAX_ROUTE"": [""ID"", ""JET"", ""SC""]}}, {""prefix"": {""VAX_DATE"": {""value"": ""11/""}}}]}}}","I noticed Y and ID, JET, SC and values starting with '11/' in some reports; how common is this and what were the hospital stays or results?","The medical center has documented patients that noticed Y and ID, JET, SC and values starting with '11/' in some reports; how common is this and what were the hospital stays or results?","In reviewing events tied to My friend has life threat = Y and vax route in (ID, JET, SC) and vaccine date 11/. Can you find similar records and share their confirmation of recovery or not?, are there clear indications that suggest a broader systemic documentation challenge?","I’m reviewing cases where patients experienced life-threatening events and received vaccines by intradermal (ID), jet injection (JET), or subcutaneous (SC) routes, specifically those vaccinated in November. How common are such cases, and what were the typical hospital stays or recovery outcomes? Are there any noticeable patterns or documentation challenges in these reports?"
medium_r0342,medium,342,term + terms + prefix,"{""query"": {""bool"": {""filter"": [{""term"": {""SPLTTYPE"": {""value"": ""USGSKUS2023AMR009326""}}}, {""terms"": {""VAX_DOSE_SERIES"": [""3"", ""7+"", ""1""]}}, {""prefix"": {""SEX"": {""value"": ""U""}}}]}}}","Having seen USGSKUS2023AMR009326 and 3, 7+, 1 and values starting with 'U', I'm curious about similar records and their typical outcomes?","Having seen USGSKUS2023AMR009326 and 3, 7+, 1 and values starting with 'U', I'm curious about similar records and their typical outcomes?","In reviewing events tied to My friend has splttype = USGSKUS2023AMR009326 and vaccine dose series in (3, 7+, 1) and sex of patient U. Can you find similar records and share their confirmation of recovery or not?, are there clear indications that suggest a broader systemic documentation challenge?","I’m looking into cases where the vaccine batch is USGSKUS2023AMR009326 and the dose number is either the 1st, 3rd, or 7th or higher. These reports are for patients whose sex is listed as unknown. Can you find similar records and share what the typical recovery outcomes were? Also, are there any patterns or issues in how these cases are documented?"
medium_r0343,medium,343,term + terms + prefix,"{""query"": {""bool"": {""filter"": [{""term"": {""PRIOR_VAX"": {""value"": ""2nd dose of Pfizer COVID, 3/2/2021 I had severe nose bleeds. I was 68 years old.""}}}, {""terms"": {""TODAYS_DATE"": [""02/17/2023"", ""10/03/2022"", ""01/18/2023""]}}, {""prefix"": {""VAX_TYPE"": {""value"": ""FLU""}}}]}}}","Looking at reports of 2nd dose of Pfizer COVID, 3/2/2021 I had severe nose bleeds. I was 68 years old. and 02/17/2023, 10/03/2022, 01/18/2023 and values starting with 'FLU', could you show how many there are and what happened to those patients?","Looking at reports of 2nd dose of Pfizer COVID, 3/2/2021 I had severe nose bleeds. I was 68 years old. and 02/17/2023, 10/03/2022, 01/18/2023 and values starting with 'FLU', could you show how many there are and what happened to those patients?","Upon reviewing patient records referencing My friend has prior vaccinations = 2nd dose of Pfizer COVID, 3/2/2021 I had severe nose bleeds. I was 68 years old. and todays date in (02/17/2023, 10/03/2022, 01/18/2023) and current vaccine type FLU. Can you find similar records and share their confirmation of recovery or not?, can we find a specific trend or anomaly that warrants deeper investigation?","I’m reviewing cases where patients previously had a second dose of the Pfizer COVID vaccine on March 2, 2021, with severe nosebleeds reported at that time, and who recently received a flu vaccine on dates like February 17, 2023, October 3, 2022, or January 18, 2023. Could you find how many such cases exist and what the health outcomes were? Did these patients recover, or were there any notable complications? Also, is there any pattern or unusual finding worth investigating further?"
medium_r0344,medium,344,term + terms + prefix,"{""query"": {""bool"": {""filter"": [{""term"": {""PRIOR_VAX"": {""value"": ""1st dose, Pfizer, COVID, bad migraine, 3/24/2021""}}}, {""terms"": {""TODAYS_DATE"": [""02/01/2023"", ""01/07/2021"", ""01/19/2023""]}}, {""prefix"": {""VAX_ROUTE"": {""value"": ""PO""}}}]}}}","I noticed 1st dose, Pfizer, COVID, bad migraine, 3/24/2021 and 02/01/2023, 01/07/2021, 01/19/2023 and values starting with 'PO' in some reports; how common is this and what were the hospital stays or results?","My neighbor reported they noticed 1st dose, Pfizer, COVID, bad migraine, 3/24/2021 and 02/01/2023, 01/07/2021, 01/19/2023 and values starting with 'PO' in some reports; how common is this and what were the hospital stays or results?","For data entries connected to I help a patient who had prior vaccinations = 1st dose, Pfizer, COVID, bad migraine, 3/24/2021 and todays date in (02/01/2023, 01/07/2021, 01/19/2023) and vax route PO. Could you pull up similar cases and lengths of hospital stays?, could there be previously unnoticed demographic or clinical correlations?","I’m looking into cases where patients had their first Pfizer COVID vaccine dose on March 24, 2021, with a bad migraine reported afterward, and where the vaccine was given orally (PO) on dates like February 1, 2023, January 7, 2021, or January 19, 2023. How often does this combination show up? Also, what were the hospital stays like for these patients? Were there any notable outcomes or patterns related to their demographics or clinical details?"
medium_r0345,medium,345,term + terms + range,"{""query"": {""bool"": {""filter"": [{""term"": {""SEX"": {""value"": ""M""}}}, {""terms"": {""V_ADMINBY"": [""PVT"", ""PUB"", ""SCH""]}}, {""range"": {""CAGE_YR"": {""gte"": 0.0, ""lte"": 10.200000000000001}}}]}}}","There's an instance of M and PVT, PUB, SCH and values between 0.0 and 10.200000000000001 Can you find all similar cases and summarize their results?","There's an instance of M and PVT, PUB, SCH and values between 0.0 and 10.200000000000001 Can you find all similar cases and summarize their results?","Given the context involving I cared for a patient with sex of patient = M and v adminby in (PVT, PUB, SCH) and age of patient between 0.0 and 10.200000000000001. How often does this occur and what follow-up was noted?, are there identifiable factors contributing to unexpected health outcomes in recent reports?","I’m reviewing cases involving male patients aged from newborn up to about 10 years old, who received their vaccines at private clinics, public health centers, or schools. How frequently do these cases appear, and what kind of follow-up outcomes or health issues were recorded? Are there any patterns or factors that might explain unusual results in this group?"
medium_r0346,medium,346,term + terms + range,"{""query"": {""bool"": {""filter"": [{""term"": {""VAX_MANU"": {""value"": ""MODERNA""}}}, {""terms"": {""VAX_DATE"": [""01/13/2022"", ""10/28/2022"", ""08/18/2023""]}}, {""range"": {""CAGE_MO"": {""gte"": 0.0, ""lte"": 0.1}}}]}}}","Having seen MODERNA and 01/13/2022, 10/28/2022, 08/18/2023 and values between 0.0 and 0.1, I'm curious about similar records and their typical outcomes?","Having seen MODERNA and 01/13/2022, 10/28/2022, 08/18/2023 and values between 0.0 and 0.1, I'm curious about similar records and their typical outcomes?","For data entries connected to I reporting on incidents of vaccine manufacturer = MODERNA and vaccine date in (01/13/2022, 10/28/2022, 08/18/2023) and cage mo between 0.0 and 0.1. Can you provide examples and their key examination results?, could there be previously unnoticed demographic or clinical correlations?","I’m looking into cases where the Moderna vaccine was given on January 13, 2022, October 28, 2022, or August 18, 2023, specifically for infants less than about a month old. Could you share how often this happens and what typical health outcomes or follow-ups were reported? Are there any notable trends or patterns we should be aware of in this very young age group?"
medium_r0347,medium,347,term + terms + range,"{""query"": {""bool"": {""filter"": [{""term"": {""VAX_LOT"": {""value"": ""EN6199""}}}, {""terms"": {""STATE"": [""VT"", ""MH"", ""SD""]}}, {""range"": {""HOSPDAYS"": {""gte"": 1.0, ""lte"": 1112.0}}}]}}}","Seeing EN6199 and VT, MH, SD and values between 1.0 and 1112.0 noted, could you pull up all such entries and show their outcomes?","Seeing EN6199 and VT, MH, SD and values between 1.0 and 1112.0 noted, could you pull up all such entries and show their outcomes?","Looking at instances involving I experienced vaccine lot number = EN6199 and patient from in (VT, MH, SD) and days in hospital between 1.0 and 1112.0. Are there others like me and what were their outcomes?, what explanations might account for observed variations in clinical reporting?","I’m reviewing cases involving vaccine lot number EN6199 given to patients from Vermont, Marshall Islands, or South Dakota who were hospitalized for anywhere from 1 day up to about three years. Could you pull up these cases and summarize what happened to those patients? Are there patterns or explanations for differences in their clinical outcomes or hospital stays?"
medium_r0348,medium,348,term + terms + range,"{""query"": {""bool"": {""filter"": [{""term"": {""ALLERGIES"": {""value"": ""Nitrofurantoin; oysters""}}}, {""terms"": {""VAX_TYPE"": [""FLUR3"", ""ANTH"", ""PNC20""]}}, {""range"": {""AGE_YRS"": {""gte"": 0.08, ""lte"": 10.272}}}]}}}","I've come across entries with Nitrofurantoin; oysters and FLUR3, ANTH, PNC20 and values between 0.08 and 10.272. Can we see how frequently this occurs and any results?","Someone I know come across entries with Nitrofurantoin; oysters and FLUR3, ANTH, PNC20 and values between 0.08 and 10.272. Can we see how frequently this occurs and any results?","In the context of analyzing I help a patient who had allergies = Nitrofurantoin; oysters and current vaccine type in (FLUR3, ANTH, PNC20) and age of patient between 0.08 and 10.272. Could you pull up similar cases and lengths of hospital stays?, could this reflect an underlying systematic issue within certain subgroups or treatments?","I’m looking into cases where patients, mostly kids between about 1 month and 10 years old, have allergies to Nitrofurantoin and oysters, and have received vaccines like FLUR3, ANTH, or PNC20. Could you find how often this happens and what the outcomes were? Specifically, I’d like to know if any of these cases led to hospital stays, and whether there’s any pattern or concern we should be aware of."
medium_r0349,medium,349,term + terms + range,"{""query"": {""bool"": {""filter"": [{""term"": {""VAX_MANU"": {""value"": ""PFIZER\\WYETH""}}}, {""terms"": {""ER_VISIT"": [""Y""]}}, {""range"": {""AGE_YRS"": {""gte"": 0.08, ""lte"": 10.272}}}]}}}","When records show PFIZER\WYETH and Y and values between 0.08 and 10.272, what do others report as their follow-up outcomes?","When records show PFIZER\WYETH and Y and values between 0.08 and 10.272, what do others report as their follow-up outcomes?","In reviewing events tied to I experienced vaccine manufacturer = PFIZER\WYETH and ER record in (Y) and age of patient between 0.08 and 10.272. Are there others like me and what were their outcomes?, are there clear indications that suggest a broader systemic documentation challenge?",I’m looking into cases where young patients about one month to ten years old received vaccines from Pfizer/Wyeth and ended up visiting the emergency room. Could you share how often this happens and what their follow-up outcomes were? Are there any patterns or insights from these cases that might indicate broader trends or concerns?
medium_r0350,medium,350,term + terms + range,"{""query"": {""bool"": {""filter"": [{""term"": {""RECOVD"": {""value"": ""U""}}}, {""terms"": {""SEX"": [""F"", ""M"", ""U""]}}, {""range"": {""NUMDAYS"": {""gte"": 0.0, ""lte"": 3706.5}}}]}}}","After experiencing U and F, M, U and values between 0.0 and 3706.5, I wonder how many others had similar cases and what their outcomes were?","After experiencing U and F, M, U and values between 0.0 and 3706.5, I wonder how many others had similar cases and what their outcomes were?","In reviewing events tied to I help a patient who had recovery status = U and sex of patient in (F, M, U) and numdays between 0.0 and 3706.5. Could you pull up similar cases and lengths of hospital stays?, are there clear indications that suggest a broader systemic documentation challenge?","I’m curious about cases where the recovery status is unknown, involving patients of any sex, with hospital stays ranging from none to about 10 years. How many similar cases are there, and what do we know about their outcomes or hospital stays? Are there any patterns that might point to challenges in how recovery data is recorded?"
medium_r0351,medium,351,term + terms + range,"{""query"": {""bool"": {""filter"": [{""term"": {""HISTORY"": {""value"": ""SVT""}}}, {""terms"": {""ONSET_DATE"": [""09/26/2021"", ""04/30/2021"", ""03/15/2021""]}}, {""range"": {""HOSPDAYS"": {""gte"": 1.0, ""lte"": 1112.0}}}]}}}","After experiencing SVT and 09/26/2021, 04/30/2021, 03/15/2021 and values between 1.0 and 1112.0, I wonder how many others had similar cases and what their outcomes were?","After experiencing SVT and 09/26/2021, 04/30/2021, 03/15/2021 and values between 1.0 and 1112.0, I wonder how many others had similar cases and what their outcomes were?","Given the context involving As a physician seeing cases of medical history = SVT and onset date in (09/26/2021, 04/30/2021, 03/15/2021) and days in hospital between 1.0 and 1112.0, how many patients match these criteria and what were their results?, are there identifiable factors contributing to unexpected health outcomes in recent reports?","I’m reviewing cases where patients have a history of SVT, with symptom onset on specific dates like September 26, April 30, or March 15 of 2021, and hospital stays ranging from a day to over three years. How many patients fit these criteria, and what outcomes were reported? Are there any patterns or notable factors linked to these cases?"
medium_r0352,medium,352,term + terms + range,"{""query"": {""bool"": {""filter"": [{""term"": {""ALLERGIES"": {""value"": ""oxycodone, codeine, iodine products""}}}, {""terms"": {""OFC_VISIT"": [""Y""]}}, {""range"": {""VAERS_ID"": {""gte"": 0.0, ""lte"": 13401.1}}}]}}}","Seeing oxycodone, codeine, iodine products and Y and values between 0.0 and 13401.1 noted, could you pull up all such entries and show their outcomes?","Seeing oxycodone, codeine, iodine products and Y and values between 0.0 and 13401.1 noted, could you pull up all such entries and show their outcomes?","Given the context involving I tracking occurrences of allergies = oxycodone, codeine, iodine products and office visit record in (Y) and ID of patient between 0.0 and 13401.1. Please map their distribution and counts by state., are there identifiable factors contributing to unexpected health outcomes in recent reports?","I’m reviewing patient reports where allergies to oxycodone, codeine, or iodine products were noted, and the patient had an office visit recorded. Could you find all such cases with patient IDs up to around 13,400 and summarize their outcomes? Also, are there any noticeable patterns in how these cases are spread across states or any factors that might explain unusual health outcomes?"
medium_r0353,medium,353,term + terms + range,"{""query"": {""bool"": {""filter"": [{""term"": {""HISTORY"": {""value"": ""Bulging Disc; Shoulder Issues; History of Knee Replacements; History of Cancer (Melanoma in eye); Obesity""}}}, {""terms"": {""SYMPTOM_TEXT"": [""1. swollen, red area on the left arm around 3 inches below the injection site. lasted 3 days 2. bruising at the inside corner of the left eye and the eye was bloodshot. vision was not impacted. lasted 3 to 4 days. *both began around 12 hours post vaccination *patient did not seek any medication attention for these effects. reported to the pharmacy on 7/30/23 (6 days following the vaccine). reports everything has resolved now."", ""having left arm pain; cant move her left arm; arm barely able to function; Upset; This non-serious case was reported by a consumer via call center representative and described the occurrence of pain in arm in a 62-year-old female patient who received Herpes zoster (Shingrix) (batch number 2M3K) for prophylaxis. On 27-JUL-2023, the patient received the 2nd dose of Shingrix (intramuscular, left deltoid). On 27-JUL-2023, less than a day after receiving Shingrix, the patient experienced pain in arm (Verbatim: having left arm pain), injected limb mobility decreased (Verbatim: cant move her left arm), activities of daily living impaired (Verbatim: arm barely able to function) and emotional distress (Verbatim: Upset). The outcome of the pain in arm, injected limb mobility decreased and activities of daily living impaired were not resolved and the outcome of the emotional distress was not reported. It was unknown if the reporter considered the pain in arm, injected limb mobility decreased, activities of daily living impaired and emotional distress to be related to Shingrix. It was unknown if the company considered the pain in arm, injected limb mobility decreased, activities of daily living impaired and emotional distress to be related to Shingrix. Additional Information: GSK receipt date: 31-Jul-2023 The patient stated that she had a dose of Shingrix vaccine and was upset stating she was having left arm pain, could not move her left arm and just barely able to function. The patient stated these details started the day of receiving her Shingrix vaccine. The patient did not specify whether or not these events had resolved. The patient questioned that what can be done to help her and repeatedly asked how she could help her so, gave medical disclaimer. Referred to health care professional and spoken as per package insert and content. Provided medical information phone number for health care professional reference. Offered after call survey. The reporter consented to follow up."", ""I developed a skin condition on my hands and feet; I had a punch biopsy done on 12/01/2022. The results of the tests determined it was either eczema dermatitis with lichenoid features or pityriasis rubra pilaris, but I was diagnosed with the latter after additional pathology testing. It's a very rare skin condition that sort of began after receiving my first booster but got worse after my bivalent. My dermatologist prescribed me topical solutions clobetasol 0.5% and tazarotene 0.1% to help treat the condition. As of now, we're seeing improvement. The itchiness and redness has been reduced tremendously.""]}}, {""range"": {""VAERS_ID"": {""gte"": 0.0, ""lte"": 13401.1}}}]}}}","I found records with Bulging Disc; Shoulder Issues; History of Knee Replacements; History of Cancer (Melanoma in eye); Obesity and 1. swollen, red area on the left arm around 3 inches below the injection site. lasted 3 days 2. bruising at the inside corner of the left eye and the eye was bloodshot. vision was not impacted. lasted 3 to 4 days. *both began around 12 hours post vaccination *patient did not seek any medication attention for these effects. reported to the pharmacy on 7/30/23 (6 days following the vaccine). reports everything has resolved now., having left arm pain; cant move her left arm; arm barely able to function; Upset; This non-serious case was reported by a consumer via call center representative and described the occurrence of pain in arm in a 62-year-old female patient who received Herpes zoster (Shingrix) (batch number 2M3K) for prophylaxis. On 27-JUL-2023, the patient received the 2nd dose of Shingrix (intramuscular, left deltoid). On 27-JUL-2023, less than a day after receiving Shingrix, the patient experienced pain in arm (Verbatim: having left arm pain), injected limb mobility decreased (Verbatim: cant move her left arm), activities of daily living impaired (Verbatim: arm barely able to function) and emotional distress (Verbatim: Upset). The outcome of the pain in arm, injected limb mobility decreased and activities of daily living impaired were not resolved and the outcome of the emotional distress was not reported. It was unknown if the reporter considered the pain in arm, injected limb mobility decreased, activities of daily living impaired and emotional distress to be related to Shingrix. It was unknown if the company considered the pain in arm, injected limb mobility decreased, activities of daily living impaired and emotional distress to be related to Shingrix. Additional Information: GSK receipt date: 31-Jul-2023 The patient stated that she had a dose of Shingrix vaccine and was upset stating she was having left arm pain, could not move her left arm and just barely able to function. The patient stated these details started the day of receiving her Shingrix vaccine. The patient did not specify whether or not these events had resolved. The patient questioned that what can be done to help her and repeatedly asked how she could help her so, gave medical disclaimer. Referred to health care professional and spoken as per package insert and content. Provided medical information phone number for health care professional reference. Offered after call survey. The reporter consented to follow up., I developed a skin condition on my hands and feet; I had a punch biopsy done on 12/01/2022. The results of the tests determined it was either eczema dermatitis with lichenoid features or pityriasis rubra pilaris, but I was diagnosed with the latter after additional pathology testing. It's a very rare skin condition that sort of began after receiving my first booster but got worse after my bivalent. My dermatologist prescribed me topical solutions clobetasol 0.5% and tazarotene 0.1% to help treat the condition. As of now, we're seeing improvement. The itchiness and redness has been reduced tremendously. and values between 0.0 and 13401.1. Please retrieve all matching cases and share their results?","We've received reports about patients who found records with Bulging Disc; Shoulder Issues; History of Knee Replacements; History of Cancer (Melanoma in eye); Obesity and 1. swollen, red area on the left arm around 3 inches below the injection site. lasted 3 days 2. bruising at the inside corner of the left eye and the eye was bloodshot. vision was not impacted. lasted 3 to 4 days. *both began around 12 hours post vaccination *patient did not seek any medication attention for these effects. reported to the pharmacy on 7/30/23 (6 days following the vaccine). reports everything has resolved now., having left arm pain; cant move her left arm; arm barely able to function; Upset; This non-serious case was reported by a consumer via call center representative and described the occurrence of pain in arm in a 62-year-old female patient who received Herpes zoster (Shingrix) (batch number 2M3K) for prophylaxis. On 27-JUL-2023, the patient received the 2nd dose of Shingrix (intramuscular, left deltoid). On 27-JUL-2023, less than a day after receiving Shingrix, the patient experienced pain in arm (Verbatim: having left arm pain), injected limb mobility decreased (Verbatim: cant move her left arm), activities of daily living impaired (Verbatim: arm barely able to function) and emotional distress (Verbatim: Upset). The outcome of the pain in arm, injected limb mobility decreased and activities of daily living impaired were not resolved and the outcome of the emotional distress was not reported. It was unknown if the reporter considered the pain in arm, injected limb mobility decreased, activities of daily living impaired and emotional distress to be related to Shingrix. It was unknown if the company considered the pain in arm, injected limb mobility decreased, activities of daily living impaired and emotional distress to be related to Shingrix. Additional Information: GSK receipt date: 31-Jul-2023 The patient stated that she had a dose of Shingrix vaccine and was upset stating she was having left arm pain, could not move her left arm and just barely able to function. The patient stated these details started the day of receiving her Shingrix vaccine. The patient did not specify whether or not these events had resolved. The patient questioned that what can be done to help her and repeatedly asked how she could help her so, gave medical disclaimer. Referred to health care professional and spoken as per package insert and content. Provided medical information phone number for health care professional reference. Offered after call survey. The reporter consented to follow up., I developed a skin condition on my hands and feet; I had a punch biopsy done on 12/01/2022. The results of the tests determined it was either eczema dermatitis with lichenoid features or pityriasis rubra pilaris, but I was diagnosed with the latter after additional pathology testing. It's a very rare skin condition that sort of began after receiving my first booster but got worse after my bivalent. My dermatologist prescribed me topical solutions clobetasol 0.5% and tazarotene 0.1% to help treat the condition. As of now, we're seeing improvement. The itchiness and redness has been reduced tremendously. and values between 0.0 and 13401.1. Please retrieve all matching cases and share their results?","For data entries connected to I tracking occurrences of medical history = Bulging Disc; Shoulder Issues; History of Knee Replacements; History of Cancer (Melanoma in eye); Obesity and description of patient in (1. swollen, red area on the left arm around 3 inches below the injection site. lasted 3 days 2. bruising at the inside corner of the left eye and the eye was bloodshot. vision was not impacted. lasted 3 to 4 days. *both began around 12 hours post vaccination *patient did not seek any medication attention for these effects. reported to the pharmacy on 7/30/23 (6 days following the vaccine). reports everything has resolved now., having left arm pain; cant move her left arm; arm barely able to function; Upset; This non-serious case was reported by a consumer via call center representative and described the occurrence of pain in arm in a 62-year-old female patient who received Herpes zoster (Shingrix) (batch number 2M3K) for prophylaxis. On 27-JUL-2023, the patient received the 2nd dose of Shingrix (intramuscular, left deltoid). On 27-JUL-2023, less than a day after receiving Shingrix, the patient experienced pain in arm (Verbatim: having left arm pain), injected limb mobility decreased (Verbatim: cant move her left arm), activities of daily living impaired (Verbatim: arm barely able to function) and emotional distress (Verbatim: Upset). The outcome of the pain in arm, injected limb mobility decreased and activities of daily living impaired were not resolved and the outcome of the emotional distress was not reported. It was unknown if the reporter considered the pain in arm, injected limb mobility decreased, activities of daily living impaired and emotional distress to be related to Shingrix. It was unknown if the company considered the pain in arm, injected limb mobility decreased, activities of daily living impaired and emotional distress to be related to Shingrix. Additional Information: GSK receipt date: 31-Jul-2023 The patient stated that she had a dose of Shingrix vaccine and was upset stating she was having left arm pain, could not move her left arm and just barely able to function. The patient stated these details started the day of receiving her Shingrix vaccine. The patient did not specify whether or not these events had resolved. The patient questioned that what can be done to help her and repeatedly asked how she could help her so, gave medical disclaimer. Referred to health care professional and spoken as per package insert and content. Provided medical information phone number for health care professional reference. Offered after call survey. The reporter consented to follow up., I developed a skin condition on my hands and feet; I had a punch biopsy done on 12/01/2022. The results of the tests determined it was either eczema dermatitis with lichenoid features or pityriasis rubra pilaris, but I was diagnosed with the latter after additional pathology testing. It's a very rare skin condition that sort of began after receiving my first booster but got worse after my bivalent. My dermatologist prescribed me topical solutions clobetasol 0.5% and tazarotene 0.1% to help treat the condition. As of now, we're seeing improvement. The itchiness and redness has been reduced tremendously.) and ID of patient between 0.0 and 13401.1. Please map their distribution and counts by state., could there be previously unnoticed demographic or clinical correlations?","I am seeking all patient records with a medical history including Bulging Disc, Shoulder Issues, History of Knee Replacements, History of Cancer (Melanoma in eye), and Obesity, combined with symptom reports such as localized swelling and bruising near the injection site that resolved without treatment, persistent left arm pain and impaired mobility following the second dose of the Herpes zoster (Shingrix) vaccine, and rare skin conditions developing post-booster vaccinations with ongoing improvement under treatment; please retrieve these cases within patient IDs 0 to 13,401, summarize their clinical outcomes, map their distribution by state, and identify any notable demographic or clinical correlations affecting recovery or symptom persistence."
medium_r0354,medium,354,term + terms + range,"{""query"": {""bool"": {""filter"": [{""term"": {""OFC_VISIT"": {""value"": ""Y""}}}, {""terms"": {""RECVDATE"": [""01/14/2023"", ""05/10/2023"", ""01/12/2023""]}}, {""range"": {""FORM_VERS"": {""gte"": 1.0, ""lte"": 1.1}}}]}}}","In reviewing cases where Y and 01/14/2023, 05/10/2023, 01/12/2023 and values between 1.0 and 1.1, could you list the matching records and what happened next?","In reviewing cases where Y and 01/14/2023, 05/10/2023, 01/12/2023 and values between 1.0 and 1.1, could you list the matching records and what happened next?","When considering records mentioning I reporting on incidents of office visit record = Y and date received vaccine in (01/14/2023, 05/10/2023, 01/12/2023) and form vers between 1.0 and 1.1. Can you provide examples and their key examination results?, have patterns emerged that might signal a procedural or documentation anomaly?","I found records with Office Visit and vaccine received dates of 01/14/2023, 05/10/2023, and 01/12/2023, where the form version falls between 1.0 and 1.1. These cases show follow-up outcomes including patient recovery status, reported symptoms, and any additional medical interventions. Summaries indicate varied patient responses ranging from full recovery after routine care to ongoing symptoms requiring further evaluation. No strong procedural or documentation anomalies were evident, but some cases suggest the need for closer monitoring in specific demographics or vaccine types."
medium_r0355,medium,355,term + terms + range,"{""query"": {""bool"": {""filter"": [{""term"": {""SYMPTOM_TEXT"": {""value"": ""Patient developed an allergic reaction (skin rash on trunk). Given Benadryl 50mg orally. Symptoms and vital were monitored every 5 minutes for at least 40minutes and rechecked prior to discharge, more than an hour after his shots were given. The rash did not progress any further. He did not develop hypotension, wheezing, shortness of breath, or oral or throat swelling. EpiPen was not required.""}}}, {""terms"": {""HOSPITAL"": [""Y""]}}, {""range"": {""FORM_VERS"": {""gte"": 1.0, ""lte"": 1.1}}}]}}}","Looking at reports of Patient developed an allergic reaction (skin rash on trunk). Given Benadryl 50mg orally. Symptoms and vital were monitored every 5 minutes for at least 40minutes and rechecked prior to discharge, more than an hour after his shots were given. The rash did not progress any further. He did not develop hypotension, wheezing, shortness of breath, or oral or throat swelling. EpiPen was not required. and Y and values between 1.0 and 1.1, could you show how many there are and what happened to those patients?","Looking at reports of Patient developed an allergic reaction (skin rash on trunk). Given Benadryl 50mg orally. Symptoms and vital were monitored every 5 minutes for at least 40minutes and rechecked prior to discharge, more than an hour after his shots were given. The rash did not progress any further. He did not develop hypotension, wheezing, shortness of breath, or oral or throat swelling. EpiPen was not required. and Y and values between 1.0 and 1.1, could you show how many there are and what happened to those patients?","In reviewing events tied to I analyzing entries with description of patient = Patient developed an allergic reaction (skin rash on trunk). Given Benadryl 50mg orally. Symptoms and vital were monitored every 5 minutes for at least 40minutes and rechecked prior to discharge, more than an hour after his shots were given. The rash did not progress any further. He did not develop hypotension, wheezing, shortness of breath, or oral or throat swelling. EpiPen was not required. and hospital record in (Y) and form vers between 1.0 and 1.1. Please retrieve those records for deeper insights., are there clear indications that suggest a broader systemic documentation challenge?","There are multiple reports matching the description of patients who developed an allergic reaction characterized by a skin rash on the trunk, were given Benadryl 50mg orally, and whose symptoms and vitals were monitored every 5 minutes for at least 40 minutes before discharge. In these cases, the rash did not progress, and patients did not experience hypotension, wheezing, shortness of breath, or oral/throat swelling, so EpiPen was not required. All these cases involved hospital stays  and form versions between 1.0 and 1.1. The outcomes generally indicate stabilization and no severe allergic escalation, with patients discharged safely after observation. No systemic documentation issues were identified in this subset."
medium_r0356,medium,356,term + terms + range,"{""query"": {""bool"": {""filter"": [{""term"": {""ALLERGIES"": {""value"": ""latex, lidocaine""}}}, {""terms"": {""SYMPTOM_TEXT"": [""onset on symptoms near midnight on 10/4/23 that lasted until 6:30 am on 10/5/23. Experienced unbearable fever/chills, joint/muscle pain and burning and insomnia. Feels better today."", ""Patient states her headache started yesterday afternoon (7/19/23) after receiving the HPV vaccine. Patient states she woke up this morning (7/20/23) with a fever up to 103F, chills, headache, and nausea. Patient's mother states patient experienced the same symptoms after receiving the first and second dose of HPV vaccine. Patient's mother states she was hospitalized two years ago for her symptoms, but was never given a diagnosis."", ""The first couple of days I felt like I had a bad cold. I was talking to a friend who said I sounded bad and should take a COVID-19 test, I did use a home COVID-19 test, it came back positive. I went to an urgent care to get some medication to help me get over this quicker. I was prescribed, LAGEVRIO. On the second day I had a fever that lasted for three days then went away, I coughing that has lingered, my fatigue has lingered. Any other symptoms that come up such as a runny nose, sore throat, headache only lasted for a day.""]}}, {""range"": {""AGE_YRS"": {""gte"": 0.08, ""lte"": 10.272}}}]}}}","I found records with latex, lidocaine and onset on symptoms near midnight on 10/4/23 that lasted until 6:30 am on 10/5/23. Experienced unbearable fever/chills, joint/muscle pain and burning and insomnia. Feels better today., Patient states her headache started yesterday afternoon (7/19/23) after receiving the HPV vaccine. Patient states she woke up this morning (7/20/23) with a fever up to 103F, chills, headache, and nausea. Patient's mother states patient experienced the same symptoms after receiving the first and second dose of HPV vaccine. Patient's mother states she was hospitalized two years ago for her symptoms, but was never given a diagnosis., The first couple of days I felt like I had a bad cold. I was talking to a friend who said I sounded bad and should take a COVID-19 test, I did use a home COVID-19 test, it came back positive. I went to an urgent care to get some medication to help me get over this quicker. I was prescribed, LAGEVRIO. On the second day I had a fever that lasted for three days then went away, I coughing that has lingered, my fatigue has lingered. Any other symptoms that come up such as a runny nose, sore throat, headache only lasted for a day. and values between 0.08 and 10.272. Please retrieve all matching cases and share their results?","We've received reports about patients who found records with latex, lidocaine and onset on symptoms near midnight on 10/4/23 that lasted until 6:30 am on 10/5/23. Experienced unbearable fever/chills, joint/muscle pain and burning and insomnia. Feels better today., Patient states her headache started yesterday afternoon (7/19/23) after receiving the HPV vaccine. Patient states she woke up this morning (7/20/23) with a fever up to 103F, chills, headache, and nausea. Patient's mother states patient experienced the same symptoms after receiving the first and second dose of HPV vaccine. Patient's mother states she was hospitalized two years ago for her symptoms, but was never given a diagnosis., The first couple of days I felt like I had a bad cold. I was talking to a friend who said I sounded bad and should take a COVID-19 test, I did use a home COVID-19 test, it came back positive. I went to an urgent care to get some medication to help me get over this quicker. I was prescribed, LAGEVRIO. On the second day I had a fever that lasted for three days then went away, I coughing that has lingered, my fatigue has lingered. Any other symptoms that come up such as a runny nose, sore throat, headache only lasted for a day. and values between 0.08 and 10.272. Please retrieve all matching cases and share their results?","In the context of analyzing I help a patient who had allergies = latex, lidocaine and description of patient in (onset on symptoms near midnight on 10/4/23 that lasted until 6:30 am on 10/5/23. Experienced unbearable fever/chills, joint/muscle pain and burning and insomnia. Feels better today., Patient states her headache started yesterday afternoon (7/19/23) after receiving the HPV vaccine. Patient states she woke up this morning (7/20/23) with a fever up to 103F, chills, headache, and nausea. Patient's mother states patient experienced the same symptoms after receiving the first and second dose of HPV vaccine. Patient's mother states she was hospitalized two years ago for her symptoms, but was never given a diagnosis., The first couple of days I felt like I had a bad cold. I was talking to a friend who said I sounded bad and should take a COVID-19 test, I did use a home COVID-19 test, it came back positive. I went to an urgent care to get some medication to help me get over this quicker. I was prescribed, LAGEVRIO. On the second day I had a fever that lasted for three days then went away, I coughing that has lingered, my fatigue has lingered. Any other symptoms that come up such as a runny nose, sore throat, headache only lasted for a day.) and age of patient between 0.08 and 10.272. Could you pull up similar cases and lengths of hospital stays?, could this reflect an underlying systematic issue within certain subgroups or treatments?","There are multiple cases involving patients aged between 0.08 and 10.272 years with allergies to latex and lidocaine, presenting symptoms such as onset near midnight on 10/4/23 lasting until 10/5/23 with unbearable fever, chills, joint/muscle pain, burning, and insomnia but feeling better afterward; another case describing a headache starting after HPV vaccination with fever up to 103°F, chills, nausea, and a history of similar symptoms after prior HPV doses and past hospitalization without diagnosis; and a third case reporting cold-like symptoms with a positive COVID-19 test, treated with Lagevrio, where fever lasted three days but coughing and fatigue persisted longer, while other symptoms lasted only briefly. These cases show varying recovery trajectories, some requiring urgent care or hospitalization, with most showing improvement or resolution of symptoms over time. This cluster might warrant further review to assess potential correlations between allergy profiles, vaccine types, and symptom duration, possibly highlighting subgroup-specific reactions or treatment needs."
medium_r0357,medium,357,term + terms + range,"{""query"": {""bool"": {""filter"": [{""term"": {""SPLTTYPE"": {""value"": ""USPFIZER INCPV20230006543""}}}, {""terms"": {""SPLTTYPE"": [""USPFIZER INC202300172486"", ""USSA2023SA150673"", ""#184350""]}}, {""range"": {""NUMDAYS"": {""gte"": 0.0, ""lte"": 3706.5}}}]}}}","I found records with USPFIZER INCPV20230006543 and USPFIZER INC202300172486, USSA2023SA150673, #184350 and values between 0.0 and 3706.5. Please retrieve all matching cases and share their results?","One of my colleagues encountered a patient who found records with USPFIZER INCPV20230006543 and USPFIZER INC202300172486, USSA2023SA150673, #184350 and values between 0.0 and 3706.5. Please retrieve all matching cases and share their results?","In reviewing events tied to As a physician seeing cases of splttype = USPFIZER INCPV20230006543 and splttype in (USPFIZER INC202300172486, USSA2023SA150673, #184350) and numdays between 0.0 and 3706.5, how many patients match these criteria and what were their results?, are there clear indications that suggest a broader systemic documentation challenge?","I’m reviewing cases related to specific vaccine batch codes USPFIZER INCPV20230006543, USPFIZER INC202300172486, USSA2023SA150673, and #184350 with symptom durations ranging from the day of vaccination up to about 10 years. Could you pull all records matching these batch identifiers and time frames? I’d like to understand how many patients are involved and what their health outcomes were. Also, are there any patterns or issues in how these cases were documented that I should be aware of? Our team uses custom filters, so please include all relevant matching data."
medium_r0358,medium,358,term + terms + wildcard,"{""query"": {""bool"": {""filter"": [{""term"": {""VAX_MANU"": {""value"": ""PFIZER\\WYETH""}}}, {""terms"": {""PRIOR_VAX"": [""First Covid Vaccine - Very Fatigue and tired for 1 day"", ""Pneumonia vaccine had a strong fever and delirium for 2 days."", ""numbess in right arm after injection (date unknown, influenza A, unknown)""]}}, {""wildcard"": {""ONSET_DATE"": {""value"": ""*08*""}}}]}}}","I found records with PFIZER\WYETH and First Covid Vaccine - Very Fatigue and tired for 1 day, Pneumonia vaccine had a strong fever and delirium for 2 days., numbess in right arm after injection (date unknown, influenza A, unknown) and values matching '*08*'. Please retrieve all matching cases and share their results?","My friend mentioned that they found records with PFIZER\WYETH and First Covid Vaccine - Very Fatigue and tired for 1 day, Pneumonia vaccine had a strong fever and delirium for 2 days., numbess in right arm after injection (date unknown, influenza A, unknown) and values matching '*08*'. Please retrieve all matching cases and share their results?","Upon reviewing patient records referencing I experienced vaccine manufacturer = PFIZER\WYETH and prior vaccinations in (First Covid Vaccine - Very Fatigue and tired for 1 day, Pneumonia vaccine had a strong fever and delirium for 2 days., numbess in right arm after injection (date unknown, influenza A, unknown)) and onset date matching *08*. Are there others like me and what were their outcomes?, can we find a specific trend or anomaly that warrants deeper investigation?","I came across some patient reports linked to the Pfizer/Wyeth vaccine where people had prior vaccine reactions like feeling very tired for a day after their first COVID vaccine, having a strong fever and delirium for two days after a pneumonia vaccine, or experiencing numbness in the right arm after an influenza shot. I noticed these reports have symptom onset dates that include ‘08’ which might mean August or another time with ‘08’ in the date. Could you find all cases like these and share what happened to the patients? Also, are there any patterns or unusual findings in these cases that we should look into further?"
medium_r0359,medium,359,term + terms + wildcard,"{""query"": {""bool"": {""filter"": [{""term"": {""VAX_DOSE_SERIES"": {""value"": ""4""}}}, {""terms"": {""V_FUNDBY"": [""PVT"", ""OTH"", ""UNK""]}}, {""wildcard"": {""VAX_DATE"": {""value"": ""*11*""}}}]}}}","After experiencing 4 and PVT, OTH, UNK and values matching '*11*', I wonder how many others had similar cases and what their outcomes were?","After experiencing 4 and PVT, OTH, UNK and values matching '*11*', I wonder how many others had similar cases and what their outcomes were?","Upon reviewing patient records referencing I'm reviewing medication cases exhibiting vaccine dose series = 4 and v fundby in (PVT, OTH, UNK) and vaccine date matching *11*. What outcomes are documented?, can we find a specific trend or anomaly that warrants deeper investigation?","I’m looking into cases where patients received their fourth vaccine dose, and the vaccine was funded by private sources, other sources, or unknown sources. I’m particularly interested in vaccinations that happened in November. Could you tell me how many patients fit these criteria and what outcomes were reported? Are there any noticeable patterns or unusual findings that might need closer attention?"
medium_r0360,medium,360,term + terms + wildcard,"{""query"": {""bool"": {""filter"": [{""term"": {""V_FUNDBY"": {""value"": ""UNK""}}}, {""terms"": {""TODAYS_DATE"": [""08/20/2021"", ""07/16/2023"", ""04/02/2023""]}}, {""wildcard"": {""SPLTTYPE"": {""value"": ""*US*""}}}]}}}","I found records with UNK and 08/20/2021, 07/16/2023, 04/02/2023 and values matching '*US*'. Please retrieve all matching cases and share their results?","My friend mentioned that they found records with UNK and 08/20/2021, 07/16/2023, 04/02/2023 and values matching '*US*'. Please retrieve all matching cases and share their results?","When considering records mentioning My friend has v fundby = UNK and todays date in (08/20/2021, 07/16/2023, 04/02/2023) and splttype matching *US*. Can you find similar records and share their confirmation of recovery or not?, have patterns emerged that might signal a procedural or documentation anomaly?","My friend noticed some records where the vaccine funding source was unknown, and the reports were received on either August 20, 2021, July 16, 2023, or April 2, 2023. Also, the vaccine manufacturer codes started with ‘US’. Could you pull up all those cases and tell me what happened to the patients? Specifically, did they recover or not? Have you seen any patterns that might suggest there’s a problem with how these reports are documented or processed?"
medium_r0361,medium,361,term + terms + wildcard,"{""query"": {""bool"": {""filter"": [{""term"": {""VAX_ROUTE"": {""value"": ""IN""}}}, {""terms"": {""LAB_DATA"": [""13Jan23-Labwork-Increased thyroid level; 23FEB23-Thyroid Ultrasoud-5 -Nodules on Thyroid; 7APR23-Biopsy of 3 hyroid Nodules; Preliminary result is one nodule is non-malignant, two nodules are uncertain, waiting to hear back."", ""Hospitalization and multiple trips to URGENT CARE and watchman device put in my heart"", ""Electrolytes, Thyroid function tests, glucose, iron studies, vitamin D level""]}}, {""wildcard"": {""VAX_SITE"": {""value"": ""*UN*""}}}]}}}","I found records with IN and 13Jan23-Labwork-Increased thyroid level; 23FEB23-Thyroid Ultrasoud-5 -Nodules on Thyroid; 7APR23-Biopsy of 3 hyroid Nodules; Preliminary result is one nodule is non-malignant, two nodules are uncertain, waiting to hear back., Hospitalization and multiple trips to URGENT CARE and watchman device put in my heart, Electrolytes, Thyroid function tests, glucose, iron studies, vitamin D level and values matching '*UN*'. Please retrieve all matching cases and share their results?","One of my colleagues encountered a patient who found records with IN and 13Jan23-Labwork-Increased thyroid level; 23FEB23-Thyroid Ultrasoud-5 -Nodules on Thyroid; 7APR23-Biopsy of 3 hyroid Nodules; Preliminary result is one nodule is non-malignant, two nodules are uncertain, waiting to hear back., Hospitalization and multiple trips to URGENT CARE and watchman device put in my heart, Electrolytes, Thyroid function tests, glucose, iron studies, vitamin D level and values matching '*UN*'. Please retrieve all matching cases and share their results?","In analyzing cases linked to I reporting on incidents of vax route = IN and examination results in (13Jan23-Labwork-Increased thyroid level; 23FEB23-Thyroid Ultrasoud-5 -Nodules on Thyroid; 7APR23-Biopsy of 3 hyroid Nodules; Preliminary result is one nodule is non-malignant, two nodules are uncertain, waiting to hear back., Hospitalization and multiple trips to URGENT CARE and watchman device put in my heart, Electrolytes, Thyroid function tests, glucose, iron studies, vitamin D level) and vaccination site matching *UN*. Can you provide examples and their key examination results?, is there any indication of systemic inconsistencies or categorization errors?","During a recent review of intranasal vaccination cases, one patient’s record stood out. In January 2023, their lab work showed elevated thyroid levels. A month later, a thyroid ultrasound revealed five nodules, and by April, a biopsy confirmed one was benign while two remained uncertain. Alongside these thyroid concerns, the patient had multiple urgent care visits, a hospitalization, and eventually a watchman device placed in their heart. Their medical file also included routine labs—electrolytes, thyroid function, glucose, iron, and vitamin D levels. Interestingly, the vaccination site in their record was marked as “unknown.” Given this case, I’d like to search for other patients with a similar profile: intranasal vaccine route, notable thyroid findings, additional hospital or urgent care encounters, and vaccination site marked as “unknown.” Once we find them, I want to review their key exam results and check for any patterns or inconsistencies in how these events are being documented."
medium_r0362,medium,362,term + terms + wildcard,"{""query"": {""bool"": {""filter"": [{""term"": {""PRIOR_VAX"": {""value"": ""Fever of 100 degrees Fahrenheit and Diarrhea; 0 years 4 months; 03/07/2023; Injection and Oral; DTaP+HepB+IPV+ and RotaVirus 2 D""}}}, {""terms"": {""PRIOR_VAX"": [""Shingrix vaccine four years ago. I had a fever, diarrhea, nausea, I was in the hospital for two days."", ""mother states she has this reaction with flu shots in the past"", ""Swelling at injection site, soreness (with all my vaccinations)""]}}, {""wildcard"": {""LAB_DATA"": {""value"": ""*Tr*""}}}]}}}","I noticed Fever of 100 degrees Fahrenheit and Diarrhea; 0 years 4 months; 03/07/2023; Injection and Oral; DTaP+HepB+IPV+ and RotaVirus 2 D and Shingrix vaccine four years ago. I had a fever, diarrhea, nausea, I was in the hospital for two days., mother states she has this reaction with flu shots in the past, Swelling at injection site, soreness (with all my vaccinations) and values matching '*Tr*' in some reports; how common is this and what were the hospital stays or results?","Health records indicate cases where noticed Fever of 100 degrees Fahrenheit and Diarrhea; 0 years 4 months; 03/07/2023; Injection and Oral; DTaP+HepB+IPV+ and RotaVirus 2 D and Shingrix vaccine four years ago. I had a fever, diarrhea, nausea, I was in the hospital for two days., mother states she has this reaction with flu shots in the past, Swelling at injection site, soreness (with all my vaccinations) and values matching '*Tr*' in some reports; how common is this and what were the hospital stays or results?","Considering the records associated with I reporting on incidents of prior vaccinations = Fever of 100 degrees Fahrenheit and Diarrhea; 0 years 4 months; 03/07/2023; Injection and Oral; DTaP+HepB+IPV+ and RotaVirus 2 D and prior vaccinations in (Shingrix vaccine four years ago. I had a fever, diarrhea, nausea, I was in the hospital for two days., mother states she has this reaction with flu shots in the past, Swelling at injection site, soreness (with all my vaccinations)) and examination results matching *Tr*. Can you provide examples and their key examination results?, might we detect patterns indicating previously unreported clinical phenomena?",Research staff screens patient histories for adverse patterns. They focus on those starting 'Sev' in prior vaccine records. Locate records with Prior Vaccination Event prefix 'Sev'.
medium_r0363,medium,363,term + terms + wildcard,"{""query"": {""bool"": {""filter"": [{""term"": {""LAB_DATA"": {""value"": ""There have been no medical tests or lab results related to this adverse event.""}}}, {""terms"": {""SYMPTOM_TEXT"": [""severe psoriasis; skin infection; burn blister; he got reactions on the skin of his feet and hands after the booster shot.; This is a spontaneous report received from contactable reporter(s) (Consumer or other non HCP) from medical information team. The reporter is the patient. A 55-year-old male patient received BNT162b2 (BNT162B2), in Oct2021 as dose 3 (booster), single (Batch/Lot number: unknown) for covid-19 immunisation. The patient had no relevant medical history. There were no concomitant medications. Vaccination history included: BNT162b2 (First Dose: 23Jan2021, LOT: EN5318, NDC, EXP: Unknown), administration date: 23Jan2021, when the patient was 54-year-old, for COVID-19 immunization, reaction(s): \""Covid toe\"", \""Covid toe\""; BNT162b2 (Second Dose: 13Feb2021, LOT: same number, EN5318, NDC, EXP: Unknown), administration date: 13Feb2021, when the patient was 54-year-old, for COVID-19 immunization, reaction(s): \""Covid toe\"", \""Covid toe\"". The following information was reported: HYPERSENSITIVITY (non-serious) with onset Oct2021, outcome \""unknown\"", described as \""he got reactions on the skin of his feet and hands after the booster shot.\""; PSORIASIS (medically significant), outcome \""unknown\"", described as \""severe psoriasis\""; SKIN INFECTION (non-serious), outcome \""unknown\""; BURNS SECOND DEGREE (non-serious), outcome \""unknown\"", described as \""burn blister\"". The events \""severe psoriasis\"", \""he got reactions on the skin of his feet and hands after the booster shot.\"", \""skin infection\"" and \""burn blister\"" required physician office visit and emergency room visit. The patient underwent the following laboratory tests and procedures: Biopsy: Unknown Results, notes: They did biopsies of hands and feet; tests: everything was fine; Vitamin D: low. Therapeutic measures were taken as a result of psoriasis, hypersensitivity, skin infection, burns second degree. Clinical course: The patient got Covid toe and had reactions on skin of feet and hands after receiving booster shot. Clarified with the caller, the details provided by the transferring agent. Got booster shot, he thinks, back in Mar2021. Had to get it from where he worked in Oct2021.Started losing skin of feet, in one foot, the left foot. Doctor said it was severe athlete's foot. When he went to doctor, it totally grew to burn blister and was breaking open. Had to go to hospital to wound clinic and to an infectious disease agent. Dealt with them a couple of months. Then, his right foot broke out into the same thing. Finally, they sent him to dermatology, and said his hands had broken out the same as the feet. They said it was severe psoriasis but it was between his hands and fingers. Finally, with doctor, he told them he had the Pfizer vaccine. They told him he had Covid toe. When caller looked at pictures, it was exactly what he had. Went to the doctor the other day and they gave him print out of this. Said he should contact Pfizer. They did biopsies of hands and feet. Kept coming back and was getting infections. It was skin infection, didn't have it in his blood or nothing. Reactions on skin of feet and hands: Still got spots on hands feet, finally starting to clear up. Right hand is clearing up, left hand not clearing up yet. Treatment was They gave all kinds of cream and SAVs. Was a test dummy, they didn't know what he had. Nothing was working. Clarified that when caller previously mentioned going to hospital, that he was not admitted to hospital. Had to go to hospital, to the wound clinic. Saw infectious disease doctor. Wound in the feet was totally peeling and was down to between toes and underneath his feet and couldn't walk. Had to go to hospital, to the wound clinic. Saw infectious disease doctor. Wound in the feet was totally peeling and was down to between toes and underneath his feet and couldn't walk. The information on the batch/lot number for BNT162b2 has been requested and will be submitted if and when received.; Sender's Comments: Linked Report(s) : US-PFIZER INC-202300070629 same reporter/patient, different dose/AE.;"", ""On 11/21/2022 I received my Covid-19 vaccine. On 02/07/2023 I began with a slight fever and sore throat. The next day my fever was 102 with mild body ache, sore throat, sinus congestion and flu like symptoms. After contacting my doctor office, I tested positive for Flu B. I was prescribed bromphen, and TESSALON for approx. 5 days. Symptoms lasted 7 days."", ""After vaccination, I had a low-grade fever, nausea, and my arm was swollen.""]}}, {""wildcard"": {""SEX"": {""value"": ""*M*""}}}]}}}","Seeing There have been no medical tests or lab results related to this adverse event. and severe psoriasis; skin infection; burn blister; he got reactions on the skin of his feet and hands after the booster shot.; This is a spontaneous report received from contactable reporter(s) (Consumer or other non HCP) from medical information team. The reporter is the patient. A 55-year-old male patient received BNT162b2 (BNT162B2), in Oct2021 as dose 3 (booster), single (Batch/Lot number: unknown) for covid-19 immunisation. The patient had no relevant medical history. There were no concomitant medications. Vaccination history included: BNT162b2 (First Dose: 23Jan2021, LOT: EN5318, NDC, EXP: Unknown), administration date: 23Jan2021, when the patient was 54-year-old, for COVID-19 immunization, reaction(s): ""Covid toe"", ""Covid toe""; BNT162b2 (Second Dose: 13Feb2021, LOT: same number, EN5318, NDC, EXP: Unknown), administration date: 13Feb2021, when the patient was 54-year-old, for COVID-19 immunization, reaction(s): ""Covid toe"", ""Covid toe"". The following information was reported: HYPERSENSITIVITY (non-serious) with onset Oct2021, outcome ""unknown"", described as ""he got reactions on the skin of his feet and hands after the booster shot.""; PSORIASIS (medically significant), outcome ""unknown"", described as ""severe psoriasis""; SKIN INFECTION (non-serious), outcome ""unknown""; BURNS SECOND DEGREE (non-serious), outcome ""unknown"", described as ""burn blister"". The events ""severe psoriasis"", ""he got reactions on the skin of his feet and hands after the booster shot."", ""skin infection"" and ""burn blister"" required physician office visit and emergency room visit. The patient underwent the following laboratory tests and procedures: Biopsy: Unknown Results, notes: They did biopsies of hands and feet; tests: everything was fine; Vitamin D: low. Therapeutic measures were taken as a result of psoriasis, hypersensitivity, skin infection, burns second degree. Clinical course: The patient got Covid toe and had reactions on skin of feet and hands after receiving booster shot. Clarified with the caller, the details provided by the transferring agent. Got booster shot, he thinks, back in Mar2021. Had to get it from where he worked in Oct2021.Started losing skin of feet, in one foot, the left foot. Doctor said it was severe athlete's foot. When he went to doctor, it totally grew to burn blister and was breaking open. Had to go to hospital to wound clinic and to an infectious disease agent. Dealt with them a couple of months. Then, his right foot broke out into the same thing. Finally, they sent him to dermatology, and said his hands had broken out the same as the feet. They said it was severe psoriasis but it was between his hands and fingers. Finally, with doctor, he told them he had the Pfizer vaccine. They told him he had Covid toe. When caller looked at pictures, it was exactly what he had. Went to the doctor the other day and they gave him print out of this. Said he should contact Pfizer. They did biopsies of hands and feet. Kept coming back and was getting infections. It was skin infection, didn't have it in his blood or nothing. Reactions on skin of feet and hands: Still got spots on hands feet, finally starting to clear up. Right hand is clearing up, left hand not clearing up yet. Treatment was They gave all kinds of cream and SAVs. Was a test dummy, they didn't know what he had. Nothing was working. Clarified that when caller previously mentioned going to hospital, that he was not admitted to hospital. Had to go to hospital, to the wound clinic. Saw infectious disease doctor. Wound in the feet was totally peeling and was down to between toes and underneath his feet and couldn't walk. Had to go to hospital, to the wound clinic. Saw infectious disease doctor. Wound in the feet was totally peeling and was down to between toes and underneath his feet and couldn't walk. The information on the batch/lot number for BNT162b2 has been requested and will be submitted if and when received.; Sender's Comments: Linked Report(s) : US-PFIZER INC-202300070629 same reporter/patient, different dose/AE.;, On 11/21/2022 I received my Covid-19 vaccine. On 02/07/2023 I began with a slight fever and sore throat. The next day my fever was 102 with mild body ache, sore throat, sinus congestion and flu like symptoms. After contacting my doctor office, I tested positive for Flu B. I was prescribed bromphen, and TESSALON for approx. 5 days. Symptoms lasted 7 days., After vaccination, I had a low-grade fever, nausea, and my arm was swollen. and values matching '*M*' noted, could you pull up all such entries and show their outcomes?","Seeing There have been no medical tests or lab results related to this adverse event. and severe psoriasis; skin infection; burn blister; he got reactions on the skin of his feet and hands after the booster shot.; This is a spontaneous report received from contactable reporter(s) (Consumer or other non HCP) from medical information team. The reporter is the patient. A 55-year-old male patient received BNT162b2 (BNT162B2), in Oct2021 as dose 3 (booster), single (Batch/Lot number: unknown) for covid-19 immunisation. The patient had no relevant medical history. There were no concomitant medications. Vaccination history included: BNT162b2 (First Dose: 23Jan2021, LOT: EN5318, NDC, EXP: Unknown), administration date: 23Jan2021, when the patient was 54-year-old, for COVID-19 immunization, reaction(s): ""Covid toe"", ""Covid toe""; BNT162b2 (Second Dose: 13Feb2021, LOT: same number, EN5318, NDC, EXP: Unknown), administration date: 13Feb2021, when the patient was 54-year-old, for COVID-19 immunization, reaction(s): ""Covid toe"", ""Covid toe"". The following information was reported: HYPERSENSITIVITY (non-serious) with onset Oct2021, outcome ""unknown"", described as ""he got reactions on the skin of his feet and hands after the booster shot.""; PSORIASIS (medically significant), outcome ""unknown"", described as ""severe psoriasis""; SKIN INFECTION (non-serious), outcome ""unknown""; BURNS SECOND DEGREE (non-serious), outcome ""unknown"", described as ""burn blister"". The events ""severe psoriasis"", ""he got reactions on the skin of his feet and hands after the booster shot."", ""skin infection"" and ""burn blister"" required physician office visit and emergency room visit. The patient underwent the following laboratory tests and procedures: Biopsy: Unknown Results, notes: They did biopsies of hands and feet; tests: everything was fine; Vitamin D: low. Therapeutic measures were taken as a result of psoriasis, hypersensitivity, skin infection, burns second degree. Clinical course: The patient got Covid toe and had reactions on skin of feet and hands after receiving booster shot. Clarified with the caller, the details provided by the transferring agent. Got booster shot, he thinks, back in Mar2021. Had to get it from where he worked in Oct2021.Started losing skin of feet, in one foot, the left foot. Doctor said it was severe athlete's foot. When he went to doctor, it totally grew to burn blister and was breaking open. Had to go to hospital to wound clinic and to an infectious disease agent. Dealt with them a couple of months. Then, his right foot broke out into the same thing. Finally, they sent him to dermatology, and said his hands had broken out the same as the feet. They said it was severe psoriasis but it was between his hands and fingers. Finally, with doctor, he told them he had the Pfizer vaccine. They told him he had Covid toe. When caller looked at pictures, it was exactly what he had. Went to the doctor the other day and they gave him print out of this. Said he should contact Pfizer. They did biopsies of hands and feet. Kept coming back and was getting infections. It was skin infection, didn't have it in his blood or nothing. Reactions on skin of feet and hands: Still got spots on hands feet, finally starting to clear up. Right hand is clearing up, left hand not clearing up yet. Treatment was They gave all kinds of cream and SAVs. Was a test dummy, they didn't know what he had. Nothing was working. Clarified that when caller previously mentioned going to hospital, that he was not admitted to hospital. Had to go to hospital, to the wound clinic. Saw infectious disease doctor. Wound in the feet was totally peeling and was down to between toes and underneath his feet and couldn't walk. Had to go to hospital, to the wound clinic. Saw infectious disease doctor. Wound in the feet was totally peeling and was down to between toes and underneath his feet and couldn't walk. The information on the batch/lot number for BNT162b2 has been requested and will be submitted if and when received.; Sender's Comments: Linked Report(s) : US-PFIZER INC-202300070629 same reporter/patient, different dose/AE.;, On 11/21/2022 I received my Covid-19 vaccine. On 02/07/2023 I began with a slight fever and sore throat. The next day my fever was 102 with mild body ache, sore throat, sinus congestion and flu like symptoms. After contacting my doctor office, I tested positive for Flu B. I was prescribed bromphen, and TESSALON for approx. 5 days. Symptoms lasted 7 days., After vaccination, I had a low-grade fever, nausea, and my arm was swollen. and values matching '*M*' noted, could you pull up all such entries and show their outcomes?","Upon reviewing patient records referencing I help a patient who had examination results = There have been no medical tests or lab results related to this adverse event. and description of patient in (severe psoriasis; skin infection; burn blister; he got reactions on the skin of his feet and hands after the booster shot.; This is a spontaneous report received from contactable reporter(s) (Consumer or other non HCP) from medical information team. The reporter is the patient. A 55-year-old male patient received BNT162b2 (BNT162B2), in Oct2021 as dose 3 (booster), single (Batch/Lot number: unknown) for covid-19 immunisation. The patient had no relevant medical history. There were no concomitant medications. Vaccination history included: BNT162b2 (First Dose: 23Jan2021, LOT: EN5318, NDC, EXP: Unknown), administration date: 23Jan2021, when the patient was 54-year-old, for COVID-19 immunization, reaction(s): ""Covid toe"", ""Covid toe""; BNT162b2 (Second Dose: 13Feb2021, LOT: same number, EN5318, NDC, EXP: Unknown), administration date: 13Feb2021, when the patient was 54-year-old, for COVID-19 immunization, reaction(s): ""Covid toe"", ""Covid toe"". The following information was reported: HYPERSENSITIVITY (non-serious) with onset Oct2021, outcome ""unknown"", described as ""he got reactions on the skin of his feet and hands after the booster shot.""; PSORIASIS (medically significant), outcome ""unknown"", described as ""severe psoriasis""; SKIN INFECTION (non-serious), outcome ""unknown""; BURNS SECOND DEGREE (non-serious), outcome ""unknown"", described as ""burn blister"". The events ""severe psoriasis"", ""he got reactions on the skin of his feet and hands after the booster shot."", ""skin infection"" and ""burn blister"" required physician office visit and emergency room visit. The patient underwent the following laboratory tests and procedures: Biopsy: Unknown Results, notes: They did biopsies of hands and feet; tests: everything was fine; Vitamin D: low. Therapeutic measures were taken as a result of psoriasis, hypersensitivity, skin infection, burns second degree. Clinical course: The patient got Covid toe and had reactions on skin of feet and hands after receiving booster shot. Clarified with the caller, the details provided by the transferring agent. Got booster shot, he thinks, back in Mar2021. Had to get it from where he worked in Oct2021.Started losing skin of feet, in one foot, the left foot. Doctor said it was severe athlete's foot. When he went to doctor, it totally grew to burn blister and was breaking open. Had to go to hospital to wound clinic and to an infectious disease agent. Dealt with them a couple of months. Then, his right foot broke out into the same thing. Finally, they sent him to dermatology, and said his hands had broken out the same as the feet. They said it was severe psoriasis but it was between his hands and fingers. Finally, with doctor, he told them he had the Pfizer vaccine. They told him he had Covid toe. When caller looked at pictures, it was exactly what he had. Went to the doctor the other day and they gave him print out of this. Said he should contact Pfizer. They did biopsies of hands and feet. Kept coming back and was getting infections. It was skin infection, didn't have it in his blood or nothing. Reactions on skin of feet and hands: Still got spots on hands feet, finally starting to clear up. Right hand is clearing up, left hand not clearing up yet. Treatment was They gave all kinds of cream and SAVs. Was a test dummy, they didn't know what he had. Nothing was working. Clarified that when caller previously mentioned going to hospital, that he was not admitted to hospital. Had to go to hospital, to the wound clinic. Saw infectious disease doctor. Wound in the feet was totally peeling and was down to between toes and underneath his feet and couldn't walk. Had to go to hospital, to the wound clinic. Saw infectious disease doctor. Wound in the feet was totally peeling and was down to between toes and underneath his feet and couldn't walk. The information on the batch/lot number for BNT162b2 has been requested and will be submitted if and when received.; Sender's Comments: Linked Report(s) : US-PFIZER INC-202300070629 same reporter/patient, different dose/AE.;, On 11/21/2022 I received my Covid-19 vaccine. On 02/07/2023 I began with a slight fever and sore throat. The next day my fever was 102 with mild body ache, sore throat, sinus congestion and flu like symptoms. After contacting my doctor office, I tested positive for Flu B. I was prescribed bromphen, and TESSALON for approx. 5 days. Symptoms lasted 7 days., After vaccination, I had a low-grade fever, nausea, and my arm was swollen.) and sex of patient matching *M*. Could you pull up similar cases and lengths of hospital stays?, can we find a specific trend or anomaly that warrants deeper investigation?","While reviewing the post-vaccination surveillance dashboard, I noticed a flagged case tied to an intranasal vaccine administration. The patient’s January 2023 labs indicated increased thyroid hormone levels, prompting a February ultrasound that revealed five thyroid nodules. A biopsy in April determined one nodule to be benign, while two others remained indeterminate. The medical history also showed repeated urgent care visits, one hospitalization, and a watchman device implanted for cardiac risk mitigation. Routine panels electrolytes, thyroid function, glucose, iron, vitamin D were logged. Curiously, the vaccination site was recorded as “unknown.” I am now initiating a query to identify other cases with this same constellation of factors, so we can assess whether this represents an isolated anomaly or part of a wider trend and whether the “unknown” site designation is masking systemic data entry issues."
medium_r0364,medium,364,term + terms + wildcard,"{""query"": {""bool"": {""filter"": [{""term"": {""OFC_VISIT"": {""value"": ""Y""}}}, {""terms"": {""ER_VISIT"": [""Y""]}}, {""wildcard"": {""RECVDATE"": {""value"": ""*03*""}}}]}}}","When records show Y and Y and values matching '*03*', what do others report as their follow-up outcomes?","When records show Y and Y and values matching '*03*', what do others report as their follow-up outcomes?","When considering records mentioning I reporting on incidents of office visit record = Y and ER record in (Y) and date received vaccine matching *03*. Can you provide examples and their key examination results?, have patterns emerged that might signal a procedural or documentation anomaly?","I’m reviewing cases where a patient had both an office visit and an ER visit, and the report was filed in a month that includes ‘03’ in the date. Can you tell me what kinds of follow-up outcomes other patients in that group experienced? Also, are there any noticeable patterns that might point to a documentation or procedural issue?"
medium_r0365,medium,365,term + terms + wildcard,"{""query"": {""bool"": {""filter"": [{""term"": {""VAX_DOSE_SERIES"": {""value"": ""5""}}}, {""terms"": {""L_THREAT"": [""Y""]}}, {""wildcard"": {""VAX_NAME"": {""value"": ""*DT*""}}}]}}}",I've come across entries with 5 and Y and values matching '*DT*'. Can we see how frequently this occurs and any results?,My mother recently come across entries with 5 and Y and values matching '*DT*'. Can we see how frequently this occurs and any results?,"In reviewing events tied to I experienced vaccine dose series = 5 and life threat in (Y) and vax name matching *DT*. Are there others like me and what were their outcomes?, are there clear indications that suggest a broader systemic documentation challenge?","I’m looking at cases where someone received their fifth dose of a vaccine, the reaction was marked as life-threatening, and the vaccine name included ‘DT’. How common is this combination, and what were the outcomes for those patients? Also, do the records suggest any larger documentation or reporting issues?"
medium_r0366,medium,366,term + terms + wildcard,"{""query"": {""bool"": {""filter"": [{""term"": {""V_ADMINBY"": {""value"": ""UNK""}}}, {""terms"": {""LAB_DATA"": [""x-ray"", ""+ VZV PCR on 3/20/23"", ""21MAY2022 - COVID-19 Test - Negative Result; 21MAY2022- Bloodwork - No Anomalies Detected""]}}, {""wildcard"": {""TODAYS_DATE"": {""value"": ""*06*""}}}]}}}","After experiencing UNK and x-ray, + VZV PCR on 3/20/23, 21MAY2022 - COVID-19 Test - Negative Result; 21MAY2022- Bloodwork - No Anomalies Detected and values matching '*06*', I wonder how many others had similar cases and what their outcomes were?","After experiencing UNK and x-ray, + VZV PCR on 3/20/23, 21MAY2022 - COVID-19 Test - Negative Result; 21MAY2022- Bloodwork - No Anomalies Detected and values matching '*06*', I wonder how many others had similar cases and what their outcomes were?","With cases related to I experienced v adminby = UNK and examination results in (x-ray, + VZV PCR on 3/20/23, 21MAY2022 - COVID-19 Test - Negative Result; 21MAY2022- Bloodwork - No Anomalies Detected) and todays date matching *06*. Are there others like me and what were their outcomes?, have there been identifiable differences across facilities or patient demographics?","I’m looking at cases where the vaccine was given by an unknown provider, and the lab results included things like an x-ray, a positive VZV PCR test from March 20, 2023, a COVID-19 test from May 21, 2022 that came back negative, and bloodwork from the same day showing no issues. These cases have reports entered in June. How many others had similar findings, and what were their outcomes? Also, do differences appear between facilities or patient groups in these cases?"
medium_r0367,medium,367,term + terms + wildcard,"{""query"": {""bool"": {""filter"": [{""term"": {""DIED"": {""value"": ""Y""}}}, {""terms"": {""PRIOR_VAX"": [""Covid vaccine- heart palpitations"", ""with the first Pneumonia polysaccharide vaccine in january 28th, 2019. My arm was so stiff I couldn't move it and it felt like I"", ""Anaphylactic shock from DTAP when I was 8 months old.""]}}, {""wildcard"": {""VAX_MANU"": {""value"": ""*IN*""}}}]}}}","After experiencing Y and Covid vaccine- heart palpitations, with the first Pneumonia polysaccharide vaccine in january 28th, 2019. My arm was so stiff I couldn't move it and it felt like I, Anaphylactic shock from DTAP when I was 8 months old. and values matching '*IN*', I wonder how many others had similar cases and what their outcomes were?","After experiencing Y and Covid vaccine- heart palpitations, with the first Pneumonia polysaccharide vaccine in january 28th, 2019. My arm was so stiff I couldn't move it and it felt like I, Anaphylactic shock from DTAP when I was 8 months old. and values matching '*IN*', I wonder how many others had similar cases and what their outcomes were?","Given the context involving My friend has died after treatment = Y and prior vaccinations in (Covid vaccine- heart palpitations, with the first Pneumonia polysaccharide vaccine in january 28th, 2019. My arm was so stiff I couldn't move it and it felt like I, Anaphylactic shock from DTAP when I was 8 months old.) and vaccine manufacturer matching *IN*. Can you find similar records and share their confirmation of recovery or not?, are there identifiable factors contributing to unexpected health outcomes in recent reports?","My friend sadly passed away after receiving treatment, and they had a history of some serious vaccine reactions like heart palpitations after the COVID vaccine, a very stiff arm after their first Pneumonia polysaccharide vaccine back in January 2019, and an anaphylactic shock from the DTAP vaccine as a baby. Their vaccine was from a manufacturer with ‘IN’ in the name. Are there other cases like this? What were the outcomes for those patients? Also, are there any common factors that might explain these unexpected, severe health reactions?"
medium_r0368,medium,368,term + terms + wildcard,"{""query"": {""bool"": {""filter"": [{""term"": {""SEX"": {""value"": ""U""}}}, {""terms"": {""VAX_LOT"": [""924E7"", ""EN6295"", ""ff2588""]}}, {""wildcard"": {""OFC_VISIT"": {""value"": ""*Y*""}}}]}}}","Having seen U and 924E7, EN6295, ff2588 and values matching '*Y*', I'm curious about similar records and their typical outcomes?","Having seen U and 924E7, EN6295, ff2588 and values matching '*Y*', I'm curious about similar records and their typical outcomes?","With cases related to I'm reviewing medication cases exhibiting sex of patient = U and vaccine lot number in (924E7, EN6295, ff2588) and office visit record matching *Y*. What outcomes are documented?, have there been identifiable differences across facilities or patient demographics?","I’m looking at cases where the patient’s sex is recorded as unknown, and the vaccine lot numbers are 924E7, EN6295, or ff2588. In these cases, the patients also had an office visit marked with a ‘Y’. Can you share what kinds of outcomes are typically reported for these records? Also, are there any noticeable differences based on location or patient groups?"
medium_r0369,medium,369,term + terms + wildcard,"{""query"": {""bool"": {""filter"": [{""term"": {""ONSET_DATE"": {""value"": ""06/01/2023""}}}, {""terms"": {""VAX_LOT"": [""W002596"", ""374671"", ""GJ2524""]}}, {""wildcard"": {""V_FUNDBY"": {""value"": ""*PV*""}}}]}}}","I've come across entries with 06/01/2023 and W002596, 374671, GJ2524 and values matching '*PV*'. Can we see how frequently this occurs and any results?","Hospital records show individuals who come across entries with 06/01/2023 and W002596, 374671, GJ2524 and values matching '*PV*'. Can we see how frequently this occurs and any results?","Upon reviewing patient records referencing I'm reviewing medication cases exhibiting onset date = 06/01/2023 and vaccine lot number in (W002596, 374671, GJ2524) and v fundby matching *PV*. What outcomes are documented?, can we find a specific trend or anomaly that warrants deeper investigation?","I’m looking into cases where the symptom onset date was June 1, 2023, and the vaccine lot numbers were W002596, 374671, or GJ2524. The vaccine funding source seems to include ‘PV’ in its code. How often do these cases come up, and what outcomes have been reported? Also, have any trends or unusual patterns been noticed that might need further review?"
medium_r0370,medium,370,term + terms + wildcard,"{""query"": {""bool"": {""filter"": [{""term"": {""VAX_ROUTE"": {""value"": ""UN""}}}, {""terms"": {""VAX_ROUTE"": [""SYR"", ""PO"", ""OT""]}}, {""wildcard"": {""SEX"": {""value"": ""*U*""}}}]}}}","Seeing UN and SYR, PO, OT and values matching '*U*' noted, could you pull up all such entries and show their outcomes?","Seeing UN and SYR, PO, OT and values matching '*U*' noted, could you pull up all such entries and show their outcomes?","In reviewing events tied to I cared for a patient with vax route = UN and vax route in (SYR, PO, OT) and sex of patient matching *U*. How often does this occur and what follow-up was noted?, are there clear indications that suggest a broader systemic documentation challenge?","I’m reviewing cases where the vaccine route is recorded as ‘UN’ or listed as syringe (SYR), oral (PO), or other (OT), and the patient’s sex includes ‘U’ (unknown). Could you find all such records and summarize their outcomes? Also, how often do these cases happen, and is there any sign that this might reflect a bigger issue with how the data is documented?"
medium_r0371,medium,371,term + terms + wildcard,"{""query"": {""bool"": {""filter"": [{""term"": {""ONSET_DATE"": {""value"": ""04/06/2022""}}}, {""terms"": {""OFC_VISIT"": [""Y""]}}, {""wildcard"": {""V_FUNDBY"": {""value"": ""*PU*""}}}]}}}","In reviewing cases where 04/06/2022 and Y and values matching '*PU*', could you list the matching records and what happened next?","In reviewing cases where 04/06/2022 and Y and values matching '*PU*', could you list the matching records and what happened next?","In reviewing events tied to I help a patient who had onset date = 04/06/2022 and office visit record in (Y) and v fundby matching *PU*. Could you pull up similar cases and lengths of hospital stays?, are there clear indications that suggest a broader systemic documentation challenge?","I’m looking into cases where symptoms started on April 6, 2022, and the patient had an office visit, with the vaccine funded by something like ‘PU’ (public funds). Could you pull up those records and share what happened afterward, including any hospital stays? Also, do you see any patterns that might point to documentation issues?"
medium_r0372,medium,372,term + terms + wildcard,"{""query"": {""bool"": {""filter"": [{""term"": {""OFC_VISIT"": {""value"": ""Y""}}}, {""terms"": {""HOSPITAL"": [""Y""]}}, {""wildcard"": {""RECVDATE"": {""value"": ""*07*""}}}]}}}","Looking at reports of Y and Y and values matching '*07*', could you show how many there are and what happened to those patients?","Looking at reports of Y and Y and values matching '*07*', could you show how many there are and what happened to those patients?","In the context of analyzing I reporting on incidents of office visit record = Y and hospital record in (Y) and date received vaccine matching *07*. Can you provide examples and their key examination results?, could this reflect an underlying systematic issue within certain subgroups or treatments?","In reviewing reports where patients had both an office visit and hospitalization, with records received in July, how many cases meet this criteria? What were the typical outcomes, and can you provide examples with key exam findings? Are there any indications that these cases might reflect a broader pattern or systemic issue among specific groups or treatments?"
medium_r0373,medium,373,term + terms + wildcard,"{""query"": {""bool"": {""filter"": [{""term"": {""TODAYS_DATE"": {""value"": ""08/23/2022""}}}, {""terms"": {""OTHER_MEDS"": [""No known medications at time of vaccination."", ""Ferrous sulfate 75 mg (15 mg/mL elemental) mL solution"", ""AMLODIPINE DAILY ASCORBIC ACID DAILY COUMADIN DAILY CYMBALTA DAILY KLONOPIN DAILY LEVOTHYROXINE DAILY SIMVASTATIN DAILY TYELNOL AS NEEDED VITAMIN D DAILY""]}}, {""wildcard"": {""HOSPITAL"": {""value"": ""*Y*""}}}]}}}","Having seen 08/23/2022 and No known medications at time of vaccination., Ferrous sulfate 75 mg (15 mg/mL elemental) mL solution, AMLODIPINE DAILY ASCORBIC ACID DAILY COUMADIN DAILY CYMBALTA DAILY KLONOPIN DAILY LEVOTHYROXINE DAILY SIMVASTATIN DAILY TYELNOL AS NEEDED VITAMIN D DAILY and values matching '*Y*', I'm curious about similar records and their typical outcomes?","Having seen 08/23/2022 and No known medications at time of vaccination., Ferrous sulfate 75 mg (15 mg/mL elemental) mL solution, AMLODIPINE DAILY ASCORBIC ACID DAILY COUMADIN DAILY CYMBALTA DAILY KLONOPIN DAILY LEVOTHYROXINE DAILY SIMVASTATIN DAILY TYELNOL AS NEEDED VITAMIN D DAILY and values matching '*Y*', I'm curious about similar records and their typical outcomes?","With cases related to I experienced todays date = 08/23/2022 and other medications in (No known medications at time of vaccination., Ferrous sulfate 75 mg (15 mg/mL elemental) mL solution, AMLODIPINE DAILY ASCORBIC ACID DAILY COUMADIN DAILY CYMBALTA DAILY KLONOPIN DAILY LEVOTHYROXINE DAILY SIMVASTATIN DAILY TYELNOL AS NEEDED VITAMIN D DAILY) and hospital record matching *Y*. Are there others like me and what were their outcomes?, have there been identifiable differences across facilities or patient demographics?","On August 23, 2022, some patients were recorded with either no known medications at vaccination or a range of common meds like ferrous sulfate, amlodipine, coumadin, and others, and they were hospitalized. How many similar cases are there, and what were the typical outcomes? Are there any noticeable differences by facility or patient characteristics?"
medium_r0374,medium,374,term + terms + wildcard,"{""query"": {""bool"": {""filter"": [{""term"": {""VAX_DATE"": {""value"": ""02/26/2021""}}}, {""terms"": {""LAB_DATA"": [""6 day?s hospitalization, many lab tests, mri, CtT, blood thinners, speech, physical and occupational therapies. Numbness on entire left side, face down to left foot."", ""Lab work on March 23, 2023"", ""Dermatology (Dr) made final diagnosis . Dermagraphy positive for over 6 months""]}}, {""wildcard"": {""OTHER_MEDS"": {""value"": ""*Me*""}}}]}}}","In reviewing cases where 02/26/2021 and 6 day?s hospitalization, many lab tests, mri, CtT, blood thinners, speech, physical and occupational therapies. Numbness on entire left side, face down to left foot., Lab work on March 23, 2023, Dermatology (Dr) made final diagnosis . Dermagraphy positive for over 6 months and values matching '*Me*', could you list the matching records and what happened next?","In reviewing cases where 02/26/2021 and 6 day?s hospitalization, many lab tests, mri, CtT, blood thinners, speech, physical and occupational therapies. Numbness on entire left side, face down to left foot., Lab work on March 23, 2023, Dermatology (Dr) made final diagnosis . Dermagraphy positive for over 6 months and values matching '*Me*', could you list the matching records and what happened next?","Given the context involving My friend has vaccine date = 02/26/2021 and examination results in (6 day?s hospitalization, many lab tests, mri, CtT, blood thinners, speech, physical and occupational therapies. Numbness on entire left side, face down to left foot., Lab work on March 23, 2023, Dermatology (Dr) made final diagnosis . Dermagraphy positive for over 6 months) and other medications matching *Me*. Can you find similar records and share their confirmation of recovery or not?, are there identifiable factors contributing to unexpected health outcomes in recent reports?","Looking at cases where the vaccine was given on February 26, 2021, and patients experienced a six-day hospital stay with many tests like MRI and CT scans, blood thinners, and therapies for numbness on the entire left side from face to foot as well as follow-up lab work in March 2023 and a dermatology diagnosis showing positive dermagraphy for over six months, can you find similar reports where other medications include anything with ‘Me’? What were the outcomes for these patients? Did they recover, and are there any patterns that might explain these serious reactions?"
medium_r0375,medium,375,term + terms + regexp,"{""query"": {""bool"": {""filter"": [{""term"": {""ER_VISIT"": {""value"": ""Y""}}}, {""terms"": {""VAX_NAME"": [""RABIES (IMOVAX)"", ""COVID19 (COVID19 (JANSSEN))"", ""DTAP (DAPTACEL)""]}}, {""regexp"": {""L_THREAT"": {""value"": "".*Y.*""}}}]}}}","When records show Y and RABIES (IMOVAX), COVID19 (COVID19 (JANSSEN)), DTAP (DAPTACEL) and values matching pattern '.*Y.*', what do others report as their follow-up outcomes?","When records show Y and RABIES (IMOVAX), COVID19 (COVID19 (JANSSEN)), DTAP (DAPTACEL) and values matching pattern '.*Y.*', what do others report as their follow-up outcomes?","In reviewing events tied to I cared for a patient with ER record = Y and vax name in (RABIES (IMOVAX), COVID19 (COVID19 (JANSSEN)), DTAP (DAPTACEL)) and life threat pattern .*Y.*. How often does this occur and what follow-up was noted?, are there clear indications that suggest a broader systemic documentation challenge?","Among cases with emergency room visits following administration of RABIES (IMOVAX), COVID19 (JANSSEN), or DTAP (DAPTACEL) vaccines, and where a life-threatening event was recorded, follow-up outcomes vary but commonly include hospitalization, close monitoring, and additional treatments tailored to the severity of symptoms. These incidents, while rare, highlight critical responses to severe adverse reactions, with most patients receiving timely interventions. Patterns in the data suggest consistent documentation, though occasional discrepancies point to the need for improved standardization in reporting to ensure comprehensive patient care and accurate surveillance."
medium_r0376,medium,376,term + terms + regexp,"{""query"": {""bool"": {""filter"": [{""term"": {""DISABLE"": {""value"": ""Y""}}}, {""terms"": {""VAX_ROUTE"": [""IM"", ""ID"", ""PO""]}}, {""regexp"": {""LAB_DATA"": {""value"": "".*CO.*""}}}]}}}","I noticed Y and IM, ID, PO and values matching pattern '.*CO.*' in some reports; how common is this and what were the hospital stays or results?","The medical center has documented patients that noticed Y and IM, ID, PO and values matching pattern '.*CO.*' in some reports; how common is this and what were the hospital stays or results?","In the context of analyzing As a physician seeing cases of disability status = Y and vax route in (IM, ID, PO) and examination results pattern .*CO.*, how many patients match these criteria and what were their results?, could this reflect an underlying systematic issue within certain subgroups or treatments?","Records showing disability status marked as “Y” with vaccine administration routes of intramuscular (IM), intradermal (ID), or oral (PO), combined with lab data containing the pattern “CO”, occur with moderate frequency. Among these cases, many patients experienced varying lengths of hospital stays, often involving treatments for respiratory or systemic symptoms associated with the lab findings. Outcomes ranged from recovery with rehabilitation support to prolonged care depending on the severity. The pattern suggests certain subgroups may be more vulnerable to complications post-vaccination, warranting further investigation into clinical management and documentation consistency across facilities."
medium_r0377,medium,377,term + terms + regexp,"{""query"": {""bool"": {""filter"": [{""term"": {""V_FUNDBY"": {""value"": ""OTH""}}}, {""terms"": {""TODAYS_DATE"": [""01/19/2023"", ""04/30/2021"", ""01/03/2022""]}}, {""regexp"": {""LAB_DATA"": {""value"": "".*Lu.*""}}}]}}}","I found records with OTH and 01/19/2023, 04/30/2021, 01/03/2022 and values matching pattern '.*Lu.*'. Please retrieve all matching cases and share their results?","Our clinic is treating cases where found records with OTH and 01/19/2023, 04/30/2021, 01/03/2022 and values matching pattern '.*Lu.*'. Please retrieve all matching cases and share their results?","Looking at instances involving I experienced v fundby = OTH and todays date in (01/19/2023, 04/30/2021, 01/03/2022) and examination results pattern .*Lu.*. Are there others like me and what were their outcomes?, what explanations might account for observed variations in clinical reporting?","Records funded by “OTH” with report dates on 01/19/2023, 04/30/2021, and 01/03/2022 that include lab data matching the pattern “.Lu.” likely referencing lung-related findings or tests show a mix of clinical outcomes. Many cases involved respiratory evaluations such as lung imaging or pulmonary function tests, with results ranging from mild inflammation or infection to more serious pulmonary conditions requiring intervention. Variations in outcomes could reflect differences in patient demographics, underlying health status, or reporting practices across facilities. Some patients recovered fully, while others needed extended care or follow-up. This highlights the importance of consistent documentation and thorough clinical follow-up in managing lung-related vaccine adverse events."
medium_r0378,medium,378,term + terms + regexp,"{""query"": {""bool"": {""filter"": [{""term"": {""RECVDATE"": {""value"": ""08/25/2023""}}}, {""terms"": {""CUR_ILL"": [""Hyperlipidemia; Hypertension; Smoker (5 pack year history greater than 20 years prior)"", ""Unknow"", ""was not sick - - fyi, i have never tested positive and/or been sick with covid . also, this was my 4th or 5th covid shot.""]}}, {""regexp"": {""ER_VISIT"": {""value"": "".*Y.*""}}}]}}}","Looking at reports of 08/25/2023 and Hyperlipidemia; Hypertension; Smoker (5 pack year history greater than 20 years prior), Unknow, was not sick - - fyi, i have never tested positive and/or been sick with covid . also, this was my 4th or 5th covid shot. and values matching pattern '.*Y.*', could you show how many there are and what happened to those patients?","Looking at reports of 08/25/2023 and Hyperlipidemia; Hypertension; Smoker (5 pack year history greater than 20 years prior), Unknow, was not sick - - fyi, i have never tested positive and/or been sick with covid . also, this was my 4th or 5th covid shot. and values matching pattern '.*Y.*', could you show how many there are and what happened to those patients?","For data entries connected to I reporting on incidents of date received vaccine = 08/25/2023 and current illness in (Hyperlipidemia; Hypertension; Smoker (5 pack year history greater than 20 years prior), Unknow, was not sick - - fyi, i have never tested positive and/or been sick with covid . also, this was my 4th or 5th covid shot.) and ER record pattern .*Y.*. Can you provide examples and their key examination results?, could there be previously unnoticed demographic or clinical correlations?","On 08/25/2023, there are several records involving patients with current illnesses including “Hyperlipidemia; Hypertension; Smoker”, “Unknow”, and statements like “was not sick - - fyi, i have never tested positive and/or been sick with covid . also, this was my 4th or 5th covid shot.” Among these, those with Emergency Room visits flagged as ‘Y’ show a variety of outcomes. Some patients sought ER care due to acute symptoms potentially linked to their pre-existing conditions or vaccine reactions, with examination results ranging from mild complications managed on-site to more serious conditions requiring hospitalization or further treatment. The data suggests there might be subtle demographic or clinical factors like smoking history and chronic illnesses that influence ER visits post-vaccination, highlighting a need for focused follow-up in these subgroups."
medium_r0379,medium,379,term + terms + regexp,"{""query"": {""bool"": {""filter"": [{""term"": {""SEX"": {""value"": ""M""}}}, {""terms"": {""STATE"": [""MH"", ""LA"", ""VA""]}}, {""regexp"": {""ONSET_DATE"": {""value"": "".*08.*""}}}]}}}","I noticed M and MH, LA, VA and values matching pattern '.*08.*' in some reports; how common is this and what were the hospital stays or results?","My friend mentioned that they noticed M and MH, LA, VA and values matching pattern '.*08.*' in some reports; how common is this and what were the hospital stays or results?","For data entries connected to I reporting on incidents of sex of patient = M and patient from in (MH, LA, VA) and onset date pattern .*08.*. Can you provide examples and their key examination results?, could there be previously unnoticed demographic or clinical correlations?","There are several reports involving male patients from the states MH, LA, and VA with onset dates in August. These cases show varying frequencies, and some patients required hospital stays ranging from short observation to extended care. Key findings often include symptoms related to vaccine reactions or existing health issues. This pattern suggests potential regional or demographic factors affecting patient outcomes in these states during August, highlighting a need for closer review of local healthcare practices or population vulnerabilities."
medium_r0380,medium,380,term + terms + regexp,"{""query"": {""bool"": {""filter"": [{""term"": {""VAX_LOT"": {""value"": ""0J0C21A""}}}, {""terms"": {""V_FUNDBY"": [""UNK"", ""PUB"", ""OTH""]}}, {""regexp"": {""RECVDATE"": {""value"": "".*08.*""}}}]}}}","I've come across entries with 0J0C21A and UNK, PUB, OTH and values matching pattern '.*08.*'. Can we see how frequently this occurs and any results?","We've received reports about patients who come across entries with 0J0C21A and UNK, PUB, OTH and values matching pattern '.*08.*'. Can we see how frequently this occurs and any results?","In the context of analyzing I reporting on incidents of vaccine lot number = 0J0C21A and v fundby in (UNK, PUB, OTH) and date received vaccine pattern .*08.*. Can you provide examples and their key examination results?, could this reflect an underlying systematic issue within certain subgroups or treatments?","Reports involving vaccine lot number 0J0C21A combined with funding sources unknown, public, and other and received dates matching August  occur with moderate frequency. These cases show varied outcomes, with some patients reporting mild to moderate reactions, while others required more intensive follow-up care. Examination results often highlight routine post-vaccination symptoms but occasionally include more serious events, prompting further review. This pattern suggests a need for ongoing monitoring to detect any systemic issues linked to this lot or particular funding categories, especially in the context of August vaccinations."
medium_r0381,medium,381,term + terms + regexp,"{""query"": {""bool"": {""filter"": [{""term"": {""VAX_TYPE"": {""value"": ""MNQ""}}}, {""terms"": {""VAX_NAME"": [""INFLUENZA (SEASONAL) (FLUAD)"", ""DTAP (INFANRIX)"", ""MEASLES + MUMPS + RUBELLA + VARICELLA (PROQUAD)""]}}, {""regexp"": {""CUR_ILL"": {""value"": "".*Si.*""}}}]}}}","Having seen MNQ and INFLUENZA (SEASONAL) (FLUAD), DTAP (INFANRIX), MEASLES + MUMPS + RUBELLA + VARICELLA (PROQUAD) and values matching pattern '.*Si.*', I'm curious about similar records and their typical outcomes?","Having seen MNQ and INFLUENZA (SEASONAL) (FLUAD), DTAP (INFANRIX), MEASLES + MUMPS + RUBELLA + VARICELLA (PROQUAD) and values matching pattern '.*Si.*', I'm curious about similar records and their typical outcomes?","Upon reviewing patient records referencing As a physician seeing cases of current vaccine type = MNQ and vax name in (INFLUENZA (SEASONAL) (FLUAD), DTAP (INFANRIX), MEASLES + MUMPS + RUBELLA + VARICELLA (PROQUAD)) and current illness pattern .*Si.*, how many patients match these criteria and what were their results?, can we find a specific trend or anomaly that warrants deeper investigation?","Records with vaccine type MNQ for INFLUENZA (SEASONAL) (FLUAD), DTAP (INFANRIX), and MEASLES + MUMPS + RUBELLA + VARICELLA (PROQUAD), where current illness notes include “Si,” show mostly mild to moderate symptoms. Some cases had more serious complications needing follow-up, but no clear trends or anomalies stand out. Overall, outcomes align with expected vaccine responses given the patients’ existing conditions."
medium_r0382,medium,382,term + terms + regexp,"{""query"": {""bool"": {""filter"": [{""term"": {""L_THREAT"": {""value"": ""Y""}}}, {""terms"": {""ER_VISIT"": [""Y""]}}, {""regexp"": {""STATE"": {""value"": "".*IA.*""}}}]}}}",I noticed Y and Y and values matching pattern '.*IA.*' in some reports; how common is this and what were the hospital stays or results?,Someone I know noticed Y and Y and values matching pattern '.*IA.*' in some reports; how common is this and what were the hospital stays or results?,"Given the context involving I analyzing entries with life threat = Y and ER record in (Y) and patient from pattern .*IA.*. Please retrieve those records for deeper insights., are there identifiable factors contributing to unexpected health outcomes in recent reports?","Records showing life-threatening events and emergency room visits  involving patients from states matching “.IA.” are relatively uncommon but significant. These cases often involved serious complications requiring hospital stays ranging from a few days to over a week. Key contributing factors include pre-existing conditions and severity at onset. Outcomes vary, but many patients required intensive monitoring or treatment, highlighting the importance of careful follow-up in this subgroup."
medium_r0383,medium,383,term + terms + regexp,"{""query"": {""bool"": {""filter"": [{""term"": {""ALLERGIES"": {""value"": ""Tree nuts, apples, peaches, avocados (oral allergy syndrome)""}}}, {""terms"": {""LAB_DATA"": [""Bloodwork, determined there was an issue with my thyroid 06/02/2022. My TSH was less than point .01. My T4 Free was 2.3. EKG normal, no change 06/02/20222. Ultrasound 06/09/2022 heterogeneous thyroid gland with no discreet nodules. Bloodwork, 06/23/2022 diagnosed with Graves test. Stress test 06/2022 normal"", ""Test Name: Labortory tests; Result Unstructured Data: Test Result:Unknown results; Comments: consumer stated, \""Not in the recent days my last lab, I am about to get labs again in this week, so I have order from my doctor, but my last lab were March of this year that's when I was in the hospital for six days, yes"", ""COVID-19 home test 01/23/2023 positive.""]}}, {""regexp"": {""VAX_DOSE_SERIES"": {""value"": "".*4.*""}}}]}}}","When records show Tree nuts, apples, peaches, avocados (oral allergy syndrome) and Bloodwork, determined there was an issue with my thyroid 06/02/2022. My TSH was less than point .01. My T4 Free was 2.3. EKG normal, no change 06/02/20222. Ultrasound 06/09/2022 heterogeneous thyroid gland with no discreet nodules. Bloodwork, 06/23/2022 diagnosed with Graves test. Stress test 06/2022 normal, Test Name: Labortory tests; Result Unstructured Data: Test Result:Unknown results; Comments: consumer stated, ""Not in the recent days my last lab, I am about to get labs again in this week, so I have order from my doctor, but my last lab were March of this year that's when I was in the hospital for six days, yes, COVID-19 home test 01/23/2023 positive. and values matching pattern '.*4.*', what do others report as their follow-up outcomes?","When records show Tree nuts, apples, peaches, avocados (oral allergy syndrome) and Bloodwork, determined there was an issue with my thyroid 06/02/2022. My TSH was less than point .01. My T4 Free was 2.3. EKG normal, no change 06/02/20222. Ultrasound 06/09/2022 heterogeneous thyroid gland with no discreet nodules. Bloodwork, 06/23/2022 diagnosed with Graves test. Stress test 06/2022 normal, Test Name: Labortory tests; Result Unstructured Data: Test Result:Unknown results; Comments: consumer stated, ""Not in the recent days my last lab, I am about to get labs again in this week, so I have order from my doctor, but my last lab were March of this year that's when I was in the hospital for six days, yes, COVID-19 home test 01/23/2023 positive. and values matching pattern '.*4.*', what do others report as their follow-up outcomes?","In reviewing events tied to A family member showed allergies = Tree nuts, apples, peaches, avocados (oral allergy syndrome) and examination results in (Bloodwork, determined there was an issue with my thyroid 06/02/2022. My TSH was less than point .01. My T4 Free was 2.3. EKG normal, no change 06/02/20222. Ultrasound 06/09/2022 heterogeneous thyroid gland with no discreet nodules. Bloodwork, 06/23/2022 diagnosed with Graves test. Stress test 06/2022 normal, Test Name: Labortory tests; Result Unstructured Data: Test Result:Unknown results; Comments: consumer stated, ""Not in the recent days my last lab, I am about to get labs again in this week, so I have order from my doctor, but my last lab were March of this year that's when I was in the hospital for six days, yes, COVID-19 home test 01/23/2023 positive.) and vaccine dose series pattern .*4.*. Could you look up comparable cases and their follow-up?, are there clear indications that suggest a broader systemic documentation challenge?","Records showing allergies to tree nuts, apples, peaches, and avocados (oral allergy syndrome) combined with detailed thyroid issues including very low TSH, elevated T4 Free, heterogeneous thyroid gland on ultrasound, diagnosis of Graves disease, and a positive COVID-19 home test alongside vaccine dose series containing ‘4’ are rare but documented. Follow-up outcomes vary: some patients required ongoing thyroid management and monitoring, while others experienced stable conditions after initial treatments. The complexity of overlapping allergy, autoimmune thyroid dysfunction, and recent COVID infection highlights the need for careful multi-disciplinary care and points to possible gaps in consistent long-term documentation and follow-up tracking."
medium_r0384,medium,384,term + terms + regexp,"{""query"": {""bool"": {""filter"": [{""term"": {""DISABLE"": {""value"": ""Y""}}}, {""terms"": {""OFC_VISIT"": [""Y""]}}, {""regexp"": {""SYMPTOM_TEXT"": {""value"": "".*On.*""}}}]}}}","Looking at reports of Y and Y and values matching pattern '.*On.*', could you show how many there are and what happened to those patients?","Looking at reports of Y and Y and values matching pattern '.*On.*', could you show how many there are and what happened to those patients?","Upon reviewing patient records referencing I analyzing entries with disability status = Y and office visit record in (Y) and description of patient pattern .*On.*. Please retrieve those records for deeper insights., can we find a specific trend or anomaly that warrants deeper investigation?","There are a notable number of cases where patients with disability status also had office visits and symptom descriptions containing “On.” These patients commonly reported ongoing symptoms, often indicating chronic or persistent conditions. Follow-ups typically included continued medical management, therapy, or specialist referrals. This pattern suggests a subgroup with sustained health issues requiring ongoing care, highlighting the importance of targeted interventions and monitoring to better address their complex needs."
medium_r0385,medium,385,term + terms + regexp,"{""query"": {""bool"": {""filter"": [{""term"": {""STATE"": {""value"": ""OH""}}}, {""terms"": {""SEX"": [""U"", ""F"", ""M""]}}, {""regexp"": {""PRIOR_VAX"": {""value"": "".*CO.*""}}}]}}}","I noticed OH and U, F, M and values matching pattern '.*CO.*' in some reports; how common is this and what were the hospital stays or results?","My neighbor reported they noticed OH and U, F, M and values matching pattern '.*CO.*' in some reports; how common is this and what were the hospital stays or results?","In analyzing cases linked to A family member showed patient from = OH and sex of patient in (U, F, M) and prior vaccinations pattern .*CO.*. Could you look up comparable cases and their follow-up?, is there any indication of systemic inconsistencies or categorization errors?","In reviewing records from Ohio (OH) involving patients of all sexes (U, F, M) with prior vaccination histories matching the pattern ‘.CO.’, such cases occur with moderate frequency. Hospital stays varied, with some patients requiring brief admissions while others had no hospitalization. Outcomes generally reflected manageable complications or follow-up care, though a few reported more severe reactions linked to prior vaccines. No clear evidence points to systemic inconsistencies or categorization errors in these records, but continued monitoring is advised to ensure data accuracy and patient safety."
medium_r0386,medium,386,term + terms + regexp,"{""query"": {""bool"": {""filter"": [{""term"": {""OFC_VISIT"": {""value"": ""Y""}}}, {""terms"": {""SEX"": [""M"", ""F"", ""U""]}}, {""regexp"": {""ER_ED_VISIT"": {""value"": "".*Y.*""}}}]}}}","When records show Y and M, F, U and values matching pattern '.*Y.*', what do others report as their follow-up outcomes?","When records show Y and M, F, U and values matching pattern '.*Y.*', what do others report as their follow-up outcomes?","With cases related to I reporting on incidents of office visit record = Y and sex of patient in (M, F, U) and ER/ED record pattern .*Y.*. Can you provide examples and their key examination results?, have there been identifiable differences across facilities or patient demographics?","Records showing both office visits and emergency or urgent care visits  across all sexes indicate that patients often require continued monitoring or treatment following acute episodes. Follow-up outcomes vary but typically include recovery with supportive care, additional testing, or specialist referrals. Some cases reveal differences in outcomes linked to patient demographics or facility resources, with certain groups experiencing longer recovery or more complex follow-up needs. Overall, these patterns highlight the importance of coordinated care between emergency and outpatient settings to optimize patient recovery."
medium_r0387,medium,387,term + terms + regexp,"{""query"": {""bool"": {""filter"": [{""term"": {""L_THREAT"": {""value"": ""Y""}}}, {""terms"": {""OTHER_MEDS"": [""Nifedipine"", ""Lipitor; Pepcid; Multivitamin; Arrids 2; probiotic; collogen with glucosamine ; Fish Oil; Cialis; Flomax; Allegra"", ""Escitalopram; Valacyclovir; Methotrexate; Metoprolol; Azelastine; Anoro; Folic Acid; CoQ-10; Calcium; Biotin""]}}, {""regexp"": {""SEX"": {""value"": "".*F.*""}}}]}}}","I found records with Y and Nifedipine, Lipitor; Pepcid; Multivitamin; Arrids 2; probiotic; collogen with glucosamine ; Fish Oil; Cialis; Flomax; Allegra, Escitalopram; Valacyclovir; Methotrexate; Metoprolol; Azelastine; Anoro; Folic Acid; CoQ-10; Calcium; Biotin and values matching pattern '.*F.*'. Please retrieve all matching cases and share their results?","One of my colleagues encountered a patient who found records with Y and Nifedipine, Lipitor; Pepcid; Multivitamin; Arrids 2; probiotic; collogen with glucosamine ; Fish Oil; Cialis; Flomax; Allegra, Escitalopram; Valacyclovir; Methotrexate; Metoprolol; Azelastine; Anoro; Folic Acid; CoQ-10; Calcium; Biotin and values matching pattern '.*F.*'. Please retrieve all matching cases and share their results?","In reviewing events tied to I help a patient who had life threat = Y and other medications in (Nifedipine, Lipitor; Pepcid; Multivitamin; Arrids 2; probiotic; collogen with glucosamine ; Fish Oil; Cialis; Flomax; Allegra, Escitalopram; Valacyclovir; Methotrexate; Metoprolol; Azelastine; Anoro; Folic Acid; CoQ-10; Calcium; Biotin) and sex of patient pattern .*F.*. Could you pull up similar cases and lengths of hospital stays?, are there clear indications that suggest a broader systemic documentation challenge?","Records showing life-threatening conditions in female patients taking medications like Nifedipine, Lipitor, Pepcid, multivitamins, and complex drug regimens including Escitalopram, Methotrexate, and Metoprolol reveal a pattern of serious health challenges requiring intensive care. These cases often involve extended hospital stays due to the severity of their conditions and the complexity of managing multiple medications. While outcomes vary, many require close monitoring and multidisciplinary treatment. This clustering may also reflect documentation complexities in recording medication interactions and critical events, suggesting a need for more standardized reporting to better track and manage high-risk patients."
medium_r0388,medium,388,term + terms + regexp,"{""query"": {""bool"": {""filter"": [{""term"": {""ER_VISIT"": {""value"": ""Y""}}}, {""terms"": {""CUR_ILL"": [""acute otitis media; allergic rhinitis, and cough on 04/12/2023"", ""History of Hypertension, Gastric Reflux, Status Post surgery for partial removal of Pancreas and removal of Spleen about one and half year ago."", ""Renal Insufficiency""]}}, {""regexp"": {""HISTORY"": {""value"": "".*We.*""}}}]}}}","After experiencing Y and acute otitis media; allergic rhinitis, and cough on 04/12/2023, History of Hypertension, Gastric Reflux, Status Post surgery for partial removal of Pancreas and removal of Spleen about one and half year ago., Renal Insufficiency and values matching pattern '.*We.*', I wonder how many others had similar cases and what their outcomes were?","After experiencing Y and acute otitis media; allergic rhinitis, and cough on 04/12/2023, History of Hypertension, Gastric Reflux, Status Post surgery for partial removal of Pancreas and removal of Spleen about one and half year ago., Renal Insufficiency and values matching pattern '.*We.*', I wonder how many others had similar cases and what their outcomes were?","When considering records mentioning I reporting on incidents of ER record = Y and current illness in (acute otitis media; allergic rhinitis, and cough on 04/12/2023, History of Hypertension, Gastric Reflux, Status Post surgery for partial removal of Pancreas and removal of Spleen about one and half year ago., Renal Insufficiency) and medical history pattern .*We.*. Can you provide examples and their key examination results?, have patterns emerged that might signal a procedural or documentation anomaly?","Records with emergency room visits and current illnesses including acute otitis media with allergic rhinitis and cough (04/12/2023), history of hypertension and gastric reflux post partial pancreas and spleen surgery, and renal insufficiency, combined with medical history entries containing “We,” show a range of complex cases. These patients often require multifaceted management due to overlapping chronic and acute conditions. Outcomes vary, but many involve follow-up treatments and extended monitoring. The presence of “We” in histories suggests narrative or team-based documentation, which may highlight detailed clinical notes but could also point to inconsistencies or variability in record-keeping practices worth further review."
medium_r0389,medium,389,term + terms + regexp,"{""query"": {""bool"": {""filter"": [{""term"": {""VAX_ROUTE"": {""value"": ""UN""}}}, {""terms"": {""ALLERGIES"": [""Covid-19 Vac. Bv (moderna) (pf) Parsonage Turner reaction formaldehyde Latex Mercury(elemental) Nickel"", ""Sulfamethoxazole, trimethoprim"", ""Lactose intolerance, Aricept,""]}}, {""regexp"": {""ONSET_DATE"": {""value"": "".*08.*""}}}]}}}","Seeing UN and Covid-19 Vac. Bv (moderna) (pf) Parsonage Turner reaction formaldehyde Latex Mercury(elemental) Nickel, Sulfamethoxazole, trimethoprim, Lactose intolerance, Aricept, and values matching pattern '.*08.*' noted, could you pull up all such entries and show their outcomes?","Seeing UN and Covid-19 Vac. Bv (moderna) (pf) Parsonage Turner reaction formaldehyde Latex Mercury(elemental) Nickel, Sulfamethoxazole, trimethoprim, Lactose intolerance, Aricept, and values matching pattern '.*08.*' noted, could you pull up all such entries and show their outcomes?","Upon reviewing patient records referencing I'm reviewing medication cases exhibiting vax route = UN and allergies in (Covid-19 Vac. Bv (moderna) (pf) Parsonage Turner reaction formaldehyde Latex Mercury(elemental) Nickel, Sulfamethoxazole, trimethoprim, Lactose intolerance, Aricept,) and onset date pattern .*08.*. What outcomes are documented?, can we find a specific trend or anomaly that warrants deeper investigation?","I’m looking into cases where the vaccine was given by an unknown route and patients have allergies like COVID-19 vaccine (Moderna), Parsonage-Turner reaction, formaldehyde, latex, mercury, nickel, sulfamethoxazole-trimethoprim, lactose intolerance, or Aricept. Also, I want to focus on events where symptoms started in August. Could you pull up all these records and share what happened to these patients? Are there any patterns or unusual findings that might need a closer look?"
medium_r0390,medium,390,term + terms + regexp,"{""query"": {""bool"": {""filter"": [{""term"": {""VAX_NAME"": {""value"": ""PNEUMO (VAXNEUVANCE)""}}}, {""terms"": {""STATE"": [""OK"", ""KS"", ""HI""]}}, {""regexp"": {""V_ADMINBY"": {""value"": "".*PV.*""}}}]}}}","After experiencing PNEUMO (VAXNEUVANCE) and OK, KS, HI and values matching pattern '.*PV.*', I wonder how many others had similar cases and what their outcomes were?","After experiencing PNEUMO (VAXNEUVANCE) and OK, KS, HI and values matching pattern '.*PV.*', I wonder how many others had similar cases and what their outcomes were?","Considering the records associated with My friend has vax name = PNEUMO (VAXNEUVANCE) and patient from in (OK, KS, HI) and v adminby pattern .*PV.*. Can you find similar records and share their confirmation of recovery or not?, might we detect patterns indicating previously unreported clinical phenomena?","During my routine follow-ups, I noticed several patients who got the Pneumo (VAXNEUVANCE) vaccine across Oklahoma, Kansas, and Hawaii. Since these shots were mostly administered in private medical offices, I want to check how these patients are doing. Are they recovering well after the vaccine? Have there been any complications? Gathering this information helps me provide better care and support."
medium_r0391,medium,391,term + terms + regexp,"{""query"": {""bool"": {""filter"": [{""term"": {""ALLERGIES"": {""value"": ""Sulfa Drugs; Erythromycin""}}}, {""terms"": {""SEX"": [""U"", ""F"", ""M""]}}, {""regexp"": {""RECVDATE"": {""value"": "".*01.*""}}}]}}}","When records show Sulfa Drugs; Erythromycin and U, F, M and values matching pattern '.*01.*', what do others report as their follow-up outcomes?","When records show Sulfa Drugs; Erythromycin and U, F, M and values matching pattern '.*01.*', what do others report as their follow-up outcomes?","Upon reviewing patient records referencing I cared for a patient with allergies = Sulfa Drugs; Erythromycin and sex of patient in (U, F, M) and date received vaccine pattern .*01.*. How often does this occur and what follow-up was noted?, can we find a specific trend or anomaly that warrants deeper investigation?","In looking at vaccine reports from January, I see a group of patients with allergies to Sulfa Drugs and Erythromycin, spanning all sexes. I’d like to understand how often these cases occur and what follow-up results are typical. Are there any consistent issues that suggest a deeper investigation is needed?"
medium_r0392,medium,392,term + terms + regexp,"{""query"": {""bool"": {""filter"": [{""term"": {""VAX_LOT"": {""value"": ""na""}}}, {""terms"": {""VAX_MANU"": [""MERCK & CO. INC."", ""PFIZER\\WYETH"", ""GLAXOSMITHKLINE BIOLOGICALS""]}}, {""regexp"": {""OFC_VISIT"": {""value"": "".*Y.*""}}}]}}}","Having seen na and MERCK & CO. INC., PFIZER\WYETH, GLAXOSMITHKLINE BIOLOGICALS and values matching pattern '.*Y.*', I'm curious about similar records and their typical outcomes?","Having seen na and MERCK & CO. INC., PFIZER\WYETH, GLAXOSMITHKLINE BIOLOGICALS and values matching pattern '.*Y.*', I'm curious about similar records and their typical outcomes?","For data entries connected to As a physician seeing cases of vaccine lot number = na and vaccine manufacturer in (MERCK & CO. INC., PFIZER\WYETH, GLAXOSMITHKLINE BIOLOGICALS) and office visit record pattern .*Y.*, how many patients match these criteria and what were their results?, could there be previously unnoticed demographic or clinical correlations?","We’re tracking patients who got vaccines from MERCK, Pfizer-Wyeth, or GSK, but their lot numbers weren’t recorded, just marked as ‘na.’ Many of these patients returned for office visits. I’m curious about their recovery outcomes and whether there are any common trends or concerns we should be aware of."
medium_r0393,medium,393,term + ids + prefix,"{""query"": {""bool"": {""filter"": [{""term"": {""ER_VISIT"": {""value"": ""Y""}}}, {""ids"": {""values"": [""120176""]}}, {""prefix"": {""VAX_NAME"": {""value"": ""YEL""}}}]}}}","In reviewing cases where Y and values starting with 'YEL', could you list the matching records and what happened next?","In reviewing cases where Y and values starting with 'YEL', could you list the matching records and what happened next?","Upon reviewing patient records referencing I help a patient who had ER record = Y and vax name YEL. Could you pull up similar cases and lengths of hospital stays?, can we find a specific trend or anomaly that warrants deeper investigation?","We’re auditing ER referrals for patients who had vaccines beginning with ‘YEL.’ How many records show an emergency room visits? For those cases, what follow-up care or hospital stays were recorded? Any trends or anomalies worth flagging?"
medium_r0394,medium,394,term + ids + prefix,"{""query"": {""bool"": {""filter"": [{""term"": {""VAX_SITE"": {""value"": ""NS""}}}, {""ids"": {""values"": [""73045""]}}, {""prefix"": {""HOSPITAL"": {""value"": ""Y""}}}]}}}","In reviewing cases where NS and values starting with 'Y', could you list the matching records and what happened next?","In reviewing cases where NS and values starting with 'Y', could you list the matching records and what happened next?","Looking at instances involving A family member showed vaccination site = NS and hospital record Y. Could you look up comparable cases and their follow-up?, what explanations might account for observed variations in clinical reporting?","I’m looking at a specific case with ID 73045, where the vaccine was given nasally and the patient ended up hospitalized. Could you help me find other similar cases—where the vaccine site is nasal and hospitalization occurred? I’d like to know what happened with those patients and if there are any common patterns or reasons why the clinical reports might vary across these cases."
medium_r0395,medium,395,term + ids + prefix,"{""query"": {""bool"": {""filter"": [{""term"": {""OFC_VISIT"": {""value"": ""Y""}}}, {""ids"": {""values"": [""112814""]}}, {""prefix"": {""DISABLE"": {""value"": ""Y""}}}]}}}","When records show Y and values starting with 'Y', what do others report as their follow-up outcomes?","When records show Y and values starting with 'Y', what do others report as their follow-up outcomes?","Given the context involving I'm reviewing medication cases exhibiting office visit record = Y and disability status Y. What outcomes are documented?, are there identifiable factors contributing to unexpected health outcomes in recent reports?","The clinic keeps track of patients who have had office visits. In some cases, patients are also recorded as having a disability. Looking at the specific report with ID 112814, the goal is to explore what follow-up outcomes have been reported by others in similar situations. Are there any noticeable patterns or factors that might explain unexpected health issues following these office visits? To better understand this, all records where the office visit  are being retrieved for further review."
medium_r0396,medium,396,term + ids + prefix,"{""query"": {""bool"": {""filter"": [{""term"": {""HOSPITAL"": {""value"": ""Y""}}}, {""ids"": {""values"": [""80830""]}}, {""prefix"": {""VAX_SITE"": {""value"": ""LL""}}}]}}}","When records show Y and values starting with 'LL', what do others report as their follow-up outcomes?","When records show Y and values starting with 'LL', what do others report as their follow-up outcomes?","For data entries connected to My friend has hospital record = Y and vaccination site LL. Can you find similar records and share their confirmation of recovery or not?, could there be previously unnoticed demographic or clinical correlations?","A patient’s record shows they were hospitalized and received their vaccine at a site starting with left leg. Using this as a reference, can you find other similar cases? We want to know what follow-up outcomes those patients reported, especially whether they recovered or not. Also, it would be helpful to check if there are any hidden patterns or connections in their demographics or clinical details. The team has custom filters in place, so please pull all records that match these criteria for further review."
medium_r0397,medium,397,term + ids + prefix,"{""query"": {""bool"": {""filter"": [{""term"": {""V_FUNDBY"": {""value"": ""OTH""}}}, {""ids"": {""values"": [""121308""]}}, {""prefix"": {""L_THREAT"": {""value"": ""Y""}}}]}}}",I noticed OTH and values starting with 'Y' in some reports; how common is this and what were the hospital stays or results?,We've received reports about patients who noticed OTH and values starting with 'Y' in some reports; how common is this and what were the hospital stays or results?,"In analyzing cases linked to As a physician seeing cases of v fundby = OTH and life threat Y, how many patients match these criteria and what were their results?, is there any indication of systemic inconsistencies or categorization errors?","In reviewing cases where the vaccine funding source is other and the event is flagged as life-threatening, it’s important to understand how common these situations are. Specifically, how many patients match these criteria, and what were their hospital stays or outcomes? Additionally, it would be useful to check if there are any patterns or inconsistencies in how these cases are categorized. The safety committee keeps a separate log for life-threatening cases and needs accurate counts to monitor critical alerts."
medium_r0398,medium,398,term + ids + prefix,"{""query"": {""bool"": {""filter"": [{""term"": {""SYMPTOM_TEXT"": {""value"": ""March 23, 2023 I suffered a near-fatal Thoracic Ascending Aneurysm due to interior surface dissection / damage to the aorta. I required an ambulance. This damage is present in CT scans down to the height of my kidneys. I required emergency open-heart surgery on my Ascending Aorta. The damaged section required it be replaced with rubber tubing, as indicated in the medical report for the surgery. I am currently undergoing periodic monitoring for the damage done to my Lower / Descending Aorta. It is highly expected that I will need a stent (another surgery). Additionally, as a result of the emergency surgery, my right brachial plexus nerve was damage, as shown on an electromyogram, causing significant and likely permanent weakness in my right bicep and chest. All blood samples indicated that I was not obese (BMI >40%), did NOT have high blood sugar, did NOT drink or use drugs, I was NOT under the effects of any prescription, did NOT have high cholesterol and, was of good physical strength and endurance. The only thing I did medically different was take that injection because of \""No Jab No Job\"" mandate, which should be as illegal as any male boss telling a subordinate, \""No Head No Bread\""!""}}}, {""ids"": {""values"": [""3086""]}}, {""prefix"": {""DIED"": {""value"": ""Y""}}}]}}}","In reviewing cases where March 23, 2023 I suffered a near-fatal Thoracic Ascending Aneurysm due to interior surface dissection / damage to the aorta. I required an ambulance. This damage is present in CT scans down to the height of my kidneys. I required emergency open-heart surgery on my Ascending Aorta. The damaged section required it be replaced with rubber tubing, as indicated in the medical report for the surgery. I am currently undergoing periodic monitoring for the damage done to my Lower / Descending Aorta. It is highly expected that I will need a stent (another surgery). Additionally, as a result of the emergency surgery, my right brachial plexus nerve was damage, as shown on an electromyogram, causing significant and likely permanent weakness in my right bicep and chest. All blood samples indicated that I was not obese (BMI >40%), did NOT have high blood sugar, did NOT drink or use drugs, I was NOT under the effects of any prescription, did NOT have high cholesterol and, was of good physical strength and endurance. The only thing I did medically different was take that injection because of ""No Jab No Job"" mandate, which should be as illegal as any male boss telling a subordinate, ""No Head No Bread""! and values starting with 'Y', could you list the matching records and what happened next?","In reviewing cases where March 23, 2023 I suffered a near-fatal Thoracic Ascending Aneurysm due to interior surface dissection / damage to the aorta. I required an ambulance. This damage is present in CT scans down to the height of my kidneys. I required emergency open-heart surgery on my Ascending Aorta. The damaged section required it be replaced with rubber tubing, as indicated in the medical report for the surgery. I am currently undergoing periodic monitoring for the damage done to my Lower / Descending Aorta. It is highly expected that I will need a stent (another surgery). Additionally, as a result of the emergency surgery, my right brachial plexus nerve was damage, as shown on an electromyogram, causing significant and likely permanent weakness in my right bicep and chest. All blood samples indicated that I was not obese (BMI >40%), did NOT have high blood sugar, did NOT drink or use drugs, I was NOT under the effects of any prescription, did NOT have high cholesterol and, was of good physical strength and endurance. The only thing I did medically different was take that injection because of ""No Jab No Job"" mandate, which should be as illegal as any male boss telling a subordinate, ""No Head No Bread""! and values starting with 'Y', could you list the matching records and what happened next?","With cases related to I'm reviewing medication cases exhibiting description of patient = March 23, 2023 I suffered a near-fatal Thoracic Ascending Aneurysm due to interior surface dissection / damage to the aorta. I required an ambulance. This damage is present in CT scans down to the height of my kidneys. I required emergency open-heart surgery on my Ascending Aorta. The damaged section required it be replaced with rubber tubing, as indicated in the medical report for the surgery. I am currently undergoing periodic monitoring for the damage done to my Lower / Descending Aorta. It is highly expected that I will need a stent (another surgery). Additionally, as a result of the emergency surgery, my right brachial plexus nerve was damage, as shown on an electromyogram, causing significant and likely permanent weakness in my right bicep and chest. All blood samples indicated that I was not obese (BMI >40%), did NOT have high blood sugar, did NOT drink or use drugs, I was NOT under the effects of any prescription, did NOT have high cholesterol and, was of good physical strength and endurance. The only thing I did medically different was take that injection because of ""No Jab No Job"" mandate, which should be as illegal as any male boss telling a subordinate, ""No Head No Bread""! and died after treatment Y. What outcomes are documented?, have there been identifiable differences across facilities or patient demographics?","A patient reported a near-fatal thoracic ascending aneurysm on March 23, 2023, caused by internal damage to the aorta that required emergency open-heart surgery to replace the damaged section with a graft. The injury extends down to the kidneys, and ongoing monitoring is needed for the lower aorta, with a likely future stent surgery anticipated. The surgery also caused permanent nerve damage leading to significant weakness in the right arm and chest. The patient had no obesity, high blood sugar, drug use, or other health risk factors except for receiving a vaccine injection mandated by workplace policy. The record shows the patient died after treatment. The task is to find similar cases with symptom descriptions like this and a death as the outcome. The goal is to understand what outcomes have been documented and whether there are any differences in these cases based on facility or patient demographics. The team uses custom filters and needs all matching records retrieved for review."
medium_r0399,medium,399,term + ids + prefix,"{""query"": {""bool"": {""filter"": [{""term"": {""CUR_ILL"": {""value"": ""Covid 19 October 16, 2022, symptoms through November 10, 2022""}}}, {""ids"": {""values"": [""441""]}}, {""prefix"": {""DISABLE"": {""value"": ""Y""}}}]}}}","Having seen Covid 19 October 16, 2022, symptoms through November 10, 2022 and values starting with 'Y', I'm curious about similar records and their typical outcomes?","Having seen Covid 19 October 16, 2022, symptoms through November 10, 2022 and values starting with 'Y', I'm curious about similar records and their typical outcomes?","In analyzing cases linked to I reporting on incidents of current illness = Covid 19 October 16, 2022, symptoms through November 10, 2022 and disability status Y. Can you provide examples and their key examination results?, is there any indication of systemic inconsistencies or categorization errors?","I’m reviewing cases where patients had a current illness of COVID-19 starting October 16, 2022, with symptoms lasting through November 10, 2022, and has  disability.I’m interested in finding similar reports to understand their typical outcomes and key clinical findings. Additionally, it would be helpful to check for any inconsistencies or errors in how these cases are categorized. The rehabilitation teams keep track of disability outcomes after vaccination, so please also provide the count of such reports."
medium_r0400,medium,400,term + ids + prefix,"{""query"": {""bool"": {""filter"": [{""term"": {""V_ADMINBY"": {""value"": ""MIL""}}}, {""ids"": {""values"": [""14807""]}}, {""prefix"": {""V_FUNDBY"": {""value"": ""PUB""}}}]}}}","In reviewing cases where MIL and values starting with 'PUB', could you list the matching records and what happened next?","In reviewing cases where MIL and values starting with 'PUB', could you list the matching records and what happened next?","For data entries connected to I analyzing entries with v adminby = MIL and v fundby PUB. Please retrieve those records for deeper insights., could there be previously unnoticed demographic or clinical correlations?","Cases with ID 14807 show vaccines administered by military facilities and funded by public sources. Please retrieve all matching records to analyze their outcomes and follow-up details. Additionally, investigate whether there are any demographic or clinical patterns linked to this combination of vaccine administration and funding."
medium_r0401,medium,401,term + ids + prefix,"{""query"": {""bool"": {""filter"": [{""term"": {""ER_ED_VISIT"": {""value"": ""Y""}}}, {""ids"": {""values"": [""17283""]}}, {""prefix"": {""ER_ED_VISIT"": {""value"": ""Y""}}}]}}}",I found records with Y and values starting with 'Y'. Please retrieve all matching cases and share their results?,Our clinic is treating cases where found records with Y and values starting with 'Y'. Please retrieve all matching cases and share their results?,"Looking at instances involving I tracking occurrences of ER/ED record = Y and ER/ED record Y. Please map their distribution and counts by state., what explanations might account for observed variations in clinical reporting?","There are records indicating that patients visited the Emergency Room or Emergency Department. Please retrieve all cases matching this criteria, including the record with ID 17283, and provide details on their outcomes. Additionally, please map how these Emergency Room and Emergency Department visits are distributed across different states. What factors might explain the differences seen in reporting patterns between regions?"
medium_r0402,medium,402,term + ids + prefix,"{""query"": {""bool"": {""filter"": [{""term"": {""ER_ED_VISIT"": {""value"": ""Y""}}}, {""ids"": {""values"": [""84331""]}}, {""prefix"": {""SYMPTOM_TEXT"": {""value"": ""Ver""}}}]}}}","In reviewing cases where Y and values starting with 'Ver', could you list the matching records and what happened next?","In reviewing cases where Y and values starting with 'Ver', could you list the matching records and what happened next?","In analyzing cases linked to I tracking occurrences of ER/ED record = Y and description of patient Ver. Please map their distribution and counts by state., is there any indication of systemic inconsistencies or categorization errors?","We’re reviewing cases where patients visited the Emergency Room or Emergency Department (marked as “Yes”) and their symptom descriptions begin with “Ver.” Please provide the matching records, including the one with ID 84331, and share what happened to those patients afterward. Additionally, could you map the distribution and number of these cases by state? Are there any signs of inconsistencies or errors in how these cases are categorized?"
medium_r0403,medium,403,term + ids + prefix,"{""query"": {""bool"": {""filter"": [{""term"": {""SEX"": {""value"": ""F""}}}, {""ids"": {""values"": [""47851""]}}, {""prefix"": {""SYMPTOM_TEXT"": {""value"": ""Rig""}}}]}}}","Having seen F and values starting with 'Rig', I'm curious about similar records and their typical outcomes?","Having seen F and values starting with 'Rig', I'm curious about similar records and their typical outcomes?","With cases related to I tracking occurrences of sex of patient = F and description of patient Rig. Please map their distribution and counts by state., have there been identifiable differences across facilities or patient demographics?","We’re looking into cases involving female patients whose symptom descriptions start with “Rig.” Please pull the matching records, including the one with ID 47851, and share their typical outcomes. Also, could you map how these cases are spread across different states? Are there any noticeable differences based on the healthcare facilities or patient demographics?"
